
 N E X T F L O W   ~  version 25.10.2

Launching `main.nf` [sick_ritchie] DSL2 - revision: f2734bdf94

WARN: The following invalid input values have been detected:

* --genome_fasta: /data/Jyotirmoy/JD/TwistMethylFlow-devel/MethylFlow/data/test_data/Homo_sapiens.GRCh38.dna.primary_assembly.fa
* --bismark_index: false
* --save_reference: false
* --aligner: bwameth
* --use_parabricks: true
* --design_file: null
* --run_clinical_report: true
* --promoter_dist: 2000
* --enhancer_dist: 10000
* --compare_str: all
* --coverage_threshold: 3
* --min_30x_pc: 80
* --multiqc_config: null
* --multiqc_title: null
* --max_memory: 64.GB
* --max_cpus: 16
* --max_time: 24.h
* --gtf_file: /data/Jyotirmoy/JD/TwistMethylFlow-devel/MethylFlow/data/test_data/Homo_sapiens.GRCh38.104.gtf
* --refseq_file: /data/Jyotirmoy/JD/TwistMethylFlow-devel/MethylFlow/data/test_data/hg38_RefSeq.bed.gz
* --methylkit: [assembly:hg38, mc_cores:16, diff:0.25, qvalue:0.01, min_per_group:1]
* --dss: [p_threshold:0.01, diff_threshold:0.25]
* --edger: [p_threshold:0.01, logfc_cutoff:0.25]
* --post_processing: true
* --logfc_cutoff: 0.25
* --pvalue_cutoff: 0.01
* --top_n_genes: 100
* --kegg_logfc_cutoff: 0.1
* --kegg_pvalue_cutoff: 0.1
* --hyper_color: red
* --hypo_color: blue
* --nonsig_color: black
* --qualimap_args: 
* --skip_diff_meth: false
* --pre_stage_test_data: true
* --config_profile_name: Full Clinical Test profile (GPU)
* --config_profile_description: Comprehensive test dataset including full clinical reporting and multi-method DMR
* --parabricks_container: nvcr.io/nvidia/clara/clara-parabricks:4.4.0-1



    ===============================================================================
    ▗▄▄▄▖▗▖ ▗▖▗▄▄▄▖ ▗▄▄▖▗▄▄▄▖▗▖  ▗▖▗▄▄▄▖▗▄▄▄▖▗▖ ▗▖▗▖  ▗▖▗▖   ▗▄▄▄▖▗▖    ▗▄▖ ▗▖ ▗▖
      █  ▐▌ ▐▌  █  ▐▌     █  ▐▛▚▞▜▌▐▌     █  ▐▌ ▐▌ ▝▚▞▘ ▐▌   ▐▌   ▐▌   ▐▌ ▐▌▐▌ ▐▌
      █  ▐▌ ▐▌  █   ▝▀▚▖  █  ▐▌  ▐▌▐▛▀▀▘  █  ▐▛▀▜▌  ▐▌  ▐▌   ▐▛▀▀▘▐▌   ▐▌ ▐▌▐▌ ▐▌
      █  ▐▙█▟▌▗▄█▄▖▗▄▄▞▘  █  ▐▌  ▐▌▐▙▄▄▖  █  ▐▌ ▐▌  ▐▌  ▐▙▄▄▖▐▌   ▐▙▄▄▖▝▚▄▞▘▐▙█▟▌

    MethylFlow DNA Methylation Data Analysis Pipeline
    ================================================================================
    Execution Profile       : ${workflow.profile}
    Operating Mode          : ${params.mode}
    Sample Sheet            : ${params.sample_sheet}
    Output Directory        : ${params.outdir}

    [Reference & Environment]
    Genome Fasta            : ${params.genome_fasta}
    Pre-stage Test Data     : ${params.pre_stage_test_data}

    [Alignment Strategy]
    Primary Aligner         : ${params.aligner}
    GPU Acceleration        : ${params.use_parabricks}

    [DMR & Clinical Setup]
    Compare String          : ${params.compare_str}
    Coverage Threshold      : ${params.coverage_threshold}x
    DMR Method              : ${params.diff_meth_method}
    Skip Diff Meth          : ${params.skip_diff_meth}

    [Consensus Thresholds]
    MethylKit (Diff / Q)    : ${params.methylkit.diff} / ${params.methylkit.qvalue}
    DSS (Diff / P)          : ${params.dss.diff_threshold} / ${params.dss.p_threshold}
    EdgeR (LogFC / P)       : ${params.edger.logfc_cutoff} / ${params.edger.p_threshold}
    Top N Genes Exported    : ${params.top_n_genes}
    ================================================================================
    
Creating sample channel from: /data/Jyotirmoy/JD/TwistMethylFlow-devel/MethylFlow/data/Sample_sheet_twist_full.csv
[-        ] PRE_STAGE:PRE_STAGE_FILES -
[-        ] READ_PROCESSING:FASTQC    -

[-        ] PRE_STAGE:PRE_STAGE_FILES      -
[-        ] READ_PROCESSING:FASTQC         -
[-        ] REA…PROCESSING:CHECKSUM_VERIFY -
[-        ] READ_PROCESSING:TRIM_GALORE    -
[-        ] PAR…CKS_ANALYSIS:BWAMETH_INDEX -
[-        ] PAR…YSIS:PARABRICKS_FQ2BAMMETH -
[-        ] PAR…KS_ANALYSIS:SAMTOOLS_INDEX -
[-        ] PARABRICKS_ANALYSIS:QUALIMAP   -
[-        ] PAR…KS_ANALYSIS:SAMTOOLS_FAIDX -
[-        ] PAR…LYSIS:METHYLDACKEL_EXTRACT -
[-        ] DIF…METHYLATION:EDGER_ANALYSIS -
[-        ] DIF…YLATION:METHYLKIT_ANALYSIS -
[-        ] DIF…L_METHYLATION:DSS_ANALYSIS -
[-        ] RES…SIS:ANNOTATE_RESULTS_EDGER -
[-        ] RES…YSIS:POST_PROCESSING_EDGER -
[-        ] RES…:ENRICHMENT_ANALYSIS_EDGER -
DIFFERENTIAL_METHYLATION: Prepared coverage files for analysis
DIFFERENTIAL_METHYLATION: Running EdgeR analysis
DIFFERENTIAL_METHYLATION: Running MethylKit analysis
Submitting to DIFFERENTIAL_METHYLATION with method: all
Running RESULT_ANALYSIS...

[-        ] PRE_STAGE:PRE_STAGE_FILES      -
[-        ] READ_PROCESSING:FASTQC         -
[-        ] REA…PROCESSING:CHECKSUM_VERIFY -
[-        ] READ_PROCESSING:TRIM_GALORE    -
[-        ] PAR…CKS_ANALYSIS:BWAMETH_INDEX -
[-        ] PAR…YSIS:PARABRICKS_FQ2BAMMETH -
[-        ] PAR…KS_ANALYSIS:SAMTOOLS_INDEX -
[-        ] PARABRICKS_ANALYSIS:QUALIMAP   -
[-        ] PAR…KS_ANALYSIS:SAMTOOLS_FAIDX -
[-        ] PAR…LYSIS:METHYLDACKEL_EXTRACT -
[-        ] DIF…METHYLATION:EDGER_ANALYSIS -
[-        ] DIF…YLATION:METHYLKIT_ANALYSIS -
[-        ] DIF…L_METHYLATION:DSS_ANALYSIS -
[-        ] RES…SIS:ANNOTATE_RESULTS_EDGER -
[-        ] RES…YSIS:POST_PROCESSING_EDGER -
[-        ] RES…:ENRICHMENT_ANALYSIS_EDGER -
[-        ] RES…:POST_PROCESSING_METHYLKIT -
[-        ] RES…ICHMENT_ANALYSIS_METHYLKIT -
[-        ] RES…LYSIS:ANNOTATE_RESULTS_DSS -
[-        ] RES…ALYSIS:POST_PROCESSING_DSS -
Plus 8 more processes waiting for tasks…
DIFFERENTIAL_METHYLATION: Prepared coverage files for analysis
DIFFERENTIAL_METHYLATION: Running EdgeR analysis
DIFFERENTIAL_METHYLATION: Running MethylKit analysis
Submitting to DIFFERENTIAL_METHYLATION with method: all
Running RESULT_ANALYSIS...

[-        ] PRE_STAGE:PRE_STAGE_FILES      -
[-        ] READ_PROCESSING:FASTQC         -
[-        ] REA…PROCESSING:CHECKSUM_VERIFY -
[-        ] READ_PROCESSING:TRIM_GALORE    -
[-        ] PAR…CKS_ANALYSIS:BWAMETH_INDEX -
[-        ] PAR…YSIS:PARABRICKS_FQ2BAMMETH -
[-        ] PAR…KS_ANALYSIS:SAMTOOLS_INDEX -
[-        ] PARABRICKS_ANALYSIS:QUALIMAP   -
[-        ] PAR…KS_ANALYSIS:SAMTOOLS_FAIDX -
[-        ] PAR…LYSIS:METHYLDACKEL_EXTRACT -
[-        ] DIF…METHYLATION:EDGER_ANALYSIS -
[-        ] DIF…YLATION:METHYLKIT_ANALYSIS -
[-        ] DIF…L_METHYLATION:DSS_ANALYSIS -
[-        ] RES…SIS:ANNOTATE_RESULTS_EDGER -
[-        ] RES…YSIS:POST_PROCESSING_EDGER -
[-        ] RES…:ENRICHMENT_ANALYSIS_EDGER -
[-        ] RES…:POST_PROCESSING_METHYLKIT -
[-        ] RES…ICHMENT_ANALYSIS_METHYLKIT -
[-        ] RES…LYSIS:ANNOTATE_RESULTS_DSS -
[-        ] RES…ALYSIS:POST_PROCESSING_DSS -
Plus 11 more processes waiting for tasks…
DIFFERENTIAL_METHYLATION: Prepared coverage files for analysis
DIFFERENTIAL_METHYLATION: Running EdgeR analysis
DIFFERENTIAL_METHYLATION: Running MethylKit analysis
Submitting to DIFFERENTIAL_METHYLATION with method: all
Running RESULT_ANALYSIS...
Starting Unified Clinical Results Layer...
WARN: There's no process matching config selector: SAMTOOLS_MERGE -- Did you mean: SAMTOOLS_SORT?

executor >  local (1)
[e1/fb3c66] PRE_STAGE:PRE_STAGE_FILES      | 0 of 1
[-        ] READ_PROCESSING:FASTQC         -
[-        ] REA…PROCESSING:CHECKSUM_VERIFY -
[-        ] READ_PROCESSING:TRIM_GALORE    -
[-        ] PAR…CKS_ANALYSIS:BWAMETH_INDEX -
[-        ] PAR…YSIS:PARABRICKS_FQ2BAMMETH -
[-        ] PAR…KS_ANALYSIS:SAMTOOLS_INDEX -
[-        ] PARABRICKS_ANALYSIS:QUALIMAP   -
[-        ] PAR…KS_ANALYSIS:SAMTOOLS_FAIDX -
[-        ] PAR…LYSIS:METHYLDACKEL_EXTRACT -
[-        ] DIF…METHYLATION:EDGER_ANALYSIS -
[-        ] DIF…YLATION:METHYLKIT_ANALYSIS -
[-        ] DIF…L_METHYLATION:DSS_ANALYSIS -
[-        ] RES…SIS:ANNOTATE_RESULTS_EDGER -
[-        ] RES…YSIS:POST_PROCESSING_EDGER -
[-        ] RES…:ENRICHMENT_ANALYSIS_EDGER -
[-        ] RES…:POST_PROCESSING_METHYLKIT -
[-        ] RES…ICHMENT_ANALYSIS_METHYLKIT -
[-        ] RES…LYSIS:ANNOTATE_RESULTS_DSS -
[-        ] RES…ALYSIS:POST_PROCESSING_DSS -
Plus 11 more processes waiting for tasks…
DIFFERENTIAL_METHYLATION: Prepared coverage files for analysis
DIFFERENTIAL_METHYLATION: Running EdgeR analysis
DIFFERENTIAL_METHYLATION: Running MethylKit analysis
Submitting to DIFFERENTIAL_METHYLATION with method: all
Running RESULT_ANALYSIS...
Starting Unified Clinical Results Layer...
WARN: There's no process matching config selector: SAMTOOLS_MERGE -- Did you mean: SAMTOOLS_SORT?
WARN: Environment variable `R_LIBS_USER` evaluates to an empty value
WARN: Environment variable `R_LIBS_SITE` evaluates to an empty value

executor >  local (8)
[e1/fb3c66] PRE_STAGE:PRE_STAGE_FILES      | 1 of 1 ✔
[-        ] READ_PROCESSING:FASTQC         | 0 of 18
[ca/8bd931] REA…CKSUM_VERIFY (ERR11435657) | 0 of 23
[-        ] READ_PROCESSING:TRIM_GALORE    | 0 of 17
[cb/ee050c] PAR…8.dna.primary_assembly.fa) | 0 of 1
[-        ] PAR…YSIS:PARABRICKS_FQ2BAMMETH -
[-        ] PAR…KS_ANALYSIS:SAMTOOLS_INDEX -
[-        ] PARABRICKS_ANALYSIS:QUALIMAP   -
[1e/f67e4a] PAR…8.dna.primary_assembly.fa) | 0 of 1
[-        ] PAR…LYSIS:METHYLDACKEL_EXTRACT -
[-        ] DIF…METHYLATION:EDGER_ANALYSIS -
[-        ] DIF…YLATION:METHYLKIT_ANALYSIS -
[-        ] DIF…L_METHYLATION:DSS_ANALYSIS -
[-        ] RES…SIS:ANNOTATE_RESULTS_EDGER -
[-        ] RES…YSIS:POST_PROCESSING_EDGER -
[-        ] RES…:ENRICHMENT_ANALYSIS_EDGER -
[-        ] RES…:POST_PROCESSING_METHYLKIT -
[-        ] RES…ICHMENT_ANALYSIS_METHYLKIT -
[-        ] RES…LYSIS:ANNOTATE_RESULTS_DSS -
[-        ] RES…ALYSIS:POST_PROCESSING_DSS -
Plus 11 more processes waiting for tasks…






WARN: Environment variable `R_LIBS_USER` evaluates to an empty value
WARN: Environment variable `R_LIBS_SITE` evaluates to an empty value
WARN: Environment variable `R_LIBS_USER` evaluates to an empty value
WARN: Environment variable `R_LIBS_SITE` evaluates to an empty value
WARN: Environment variable `R_LIBS_USER` evaluates to an empty value
WARN: Environment variable `R_LIBS_SITE` evaluates to an empty value
WARN: Environment variable `R_LIBS_USER` evaluates to an empty value
WARN: Environment variable `R_LIBS_SITE` evaluates to an empty value
WARN: Environment variable `R_LIBS_USER` evaluates to an empty value
WARN: Environment variable `R_LIBS_SITE` evaluates to an empty value
WARN: Environment variable `R_LIBS_USER` evaluates to an empty value
WARN: Environment variable `R_LIBS_SITE` evaluates to an empty value
WARN: Environment variable `R_LIBS_USER` evaluates to an empty value
WARN: Environment variable `R_LIBS_SITE` evaluates to an empty value
WARN: Environment variable `R_LIBS_USER` evaluates to an empty value
WARN: Environment variable `R_LIBS_SITE` evaluates to an empty value




executor >  local (9)
[e1/fb3c66] PRE_STAGE:PRE_STAGE_FILES      | 1 of 1 ✔
[-        ] READ_PROCESSING:FASTQC         | 0 of 23
[53/800e25] REA…CKSUM_VERIFY (ERR11435647) | 0 of 23
[-        ] READ_PROCESSING:TRIM_GALORE    | 0 of 23
[cb/ee050c] PAR…8.dna.primary_assembly.fa) | 0 of 1
[-        ] PAR…YSIS:PARABRICKS_FQ2BAMMETH -
[-        ] PAR…KS_ANALYSIS:SAMTOOLS_INDEX -
[-        ] PARABRICKS_ANALYSIS:QUALIMAP   -
[1e/f67e4a] PAR…8.dna.primary_assembly.fa) | 0 of 1
[-        ] PAR…LYSIS:METHYLDACKEL_EXTRACT -
[-        ] DIF…METHYLATION:EDGER_ANALYSIS -
[-        ] DIF…YLATION:METHYLKIT_ANALYSIS -
[-        ] DIF…L_METHYLATION:DSS_ANALYSIS -
[-        ] RES…SIS:ANNOTATE_RESULTS_EDGER -
[-        ] RES…YSIS:POST_PROCESSING_EDGER -
[-        ] RES…:ENRICHMENT_ANALYSIS_EDGER -
[-        ] RES…:POST_PROCESSING_METHYLKIT -
[-        ] RES…ICHMENT_ANALYSIS_METHYLKIT -
[-        ] RES…LYSIS:ANNOTATE_RESULTS_DSS -
[-        ] RES…ALYSIS:POST_PROCESSING_DSS -
Plus 11 more processes waiting for tasks…
WARN: Environment variable `R_LIBS_USER` evaluates to an empty value
WARN: Environment variable `R_LIBS_SITE` evaluates to an empty value
WARN: Environment variable `R_LIBS_USER` evaluates to an empty value
WARN: Environment variable `R_LIBS_SITE` evaluates to an empty value
WARN: Environment variable `R_LIBS_USER` evaluates to an empty value
WARN: Environment variable `R_LIBS_SITE` evaluates to an empty value
WARN: Environment variable `R_LIBS_USER` evaluates to an empty value
WARN: Environment variable `R_LIBS_SITE` evaluates to an empty value
WARN: Environment variable `R_LIBS_USER` evaluates to an empty value
WARN: Environment variable `R_LIBS_SITE` evaluates to an empty value
WARN: Environment variable `R_LIBS_USER` evaluates to an empty value
WARN: Environment variable `R_LIBS_SITE` evaluates to an empty value
WARN: Environment variable `R_LIBS_USER` evaluates to an empty value
WARN: Environment variable `R_LIBS_SITE` evaluates to an empty value
WARN: Environment variable `R_LIBS_USER` evaluates to an empty value
WARN: Environment variable `R_LIBS_SITE` evaluates to an empty value










executor >  local (10)
[e1/fb3c66] PRE_STAGE:PRE_STAGE_FILES      | 1 of 1 ✔
[ad/09f98b] REA…SSING:FASTQC (ERR11435663) | 0 of 23
[53/800e25] REA…CKSUM_VERIFY (ERR11435647) | 0 of 23
[-        ] READ_PROCESSING:TRIM_GALORE    | 0 of 23
[cb/ee050c] PAR…8.dna.primary_assembly.fa) | 0 of 1
[-        ] PAR…YSIS:PARABRICKS_FQ2BAMMETH -
[-        ] PAR…KS_ANALYSIS:SAMTOOLS_INDEX -
[-        ] PARABRICKS_ANALYSIS:QUALIMAP   -
[1e/f67e4a] PAR…8.dna.primary_assembly.fa) | 1 of 1 ✔
[-        ] PAR…LYSIS:METHYLDACKEL_EXTRACT -
[-        ] DIF…METHYLATION:EDGER_ANALYSIS -
[-        ] DIF…YLATION:METHYLKIT_ANALYSIS -
[-        ] DIF…L_METHYLATION:DSS_ANALYSIS -
[-        ] RES…SIS:ANNOTATE_RESULTS_EDGER -
[-        ] RES…YSIS:POST_PROCESSING_EDGER -
[-        ] RES…:ENRICHMENT_ANALYSIS_EDGER -
[-        ] RES…:POST_PROCESSING_METHYLKIT -
[-        ] RES…ICHMENT_ANALYSIS_METHYLKIT -
[-        ] RES…LYSIS:ANNOTATE_RESULTS_DSS -
[-        ] RES…ALYSIS:POST_PROCESSING_DSS -
Plus 11 more processes waiting for tasks…
WARN: Environment variable `R_LIBS_USER` evaluates to an empty value
WARN: Environment variable `R_LIBS_SITE` evaluates to an empty value
WARN: Environment variable `R_LIBS_USER` evaluates to an empty value
WARN: Environment variable `R_LIBS_SITE` evaluates to an empty value
WARN: Environment variable `R_LIBS_USER` evaluates to an empty value
WARN: Environment variable `R_LIBS_SITE` evaluates to an empty value
WARN: Environment variable `R_LIBS_USER` evaluates to an empty value
WARN: Environment variable `R_LIBS_SITE` evaluates to an empty value
WARN: Environment variable `R_LIBS_USER` evaluates to an empty value
WARN: Environment variable `R_LIBS_SITE` evaluates to an empty value
WARN: Environment variable `R_LIBS_USER` evaluates to an empty value
WARN: Environment variable `R_LIBS_SITE` evaluates to an empty value
WARN: Environment variable `R_LIBS_USER` evaluates to an empty value
WARN: Environment variable `R_LIBS_SITE` evaluates to an empty value
WARN: Environment variable `R_LIBS_USER` evaluates to an empty value
WARN: Environment variable `R_LIBS_SITE` evaluates to an empty value
WARN: Environment variable `R_LIBS_USER` evaluates to an empty value
WARN: Environment variable `R_LIBS_SITE` evaluates to an empty value

executor >  local (11)
[e1/fb3c66] PRE_STAGE:PRE_STAGE_FILES      | 1 of 1 ✔
[ad/09f98b] REA…SSING:FASTQC (ERR11435663) | 0 of 23
[09/bbd21d] REA…CKSUM_VERIFY (ERR11435660) | 1 of 23
[-        ] READ_PROCESSING:TRIM_GALORE    | 0 of 23
[cb/ee050c] PAR…8.dna.primary_assembly.fa) | 0 of 1
[-        ] PAR…YSIS:PARABRICKS_FQ2BAMMETH -
[-        ] PAR…KS_ANALYSIS:SAMTOOLS_INDEX -
[-        ] PARABRICKS_ANALYSIS:QUALIMAP   -
[1e/f67e4a] PAR…8.dna.primary_assembly.fa) | 1 of 1 ✔
[-        ] PAR…LYSIS:METHYLDACKEL_EXTRACT -
[-        ] DIF…METHYLATION:EDGER_ANALYSIS -
[-        ] DIF…YLATION:METHYLKIT_ANALYSIS -
[-        ] DIF…L_METHYLATION:DSS_ANALYSIS -
[-        ] RES…SIS:ANNOTATE_RESULTS_EDGER -
[-        ] RES…YSIS:POST_PROCESSING_EDGER -
[-        ] RES…:ENRICHMENT_ANALYSIS_EDGER -
[-        ] RES…:POST_PROCESSING_METHYLKIT -
[-        ] RES…ICHMENT_ANALYSIS_METHYLKIT -
[-        ] RES…LYSIS:ANNOTATE_RESULTS_DSS -
[-        ] RES…ALYSIS:POST_PROCESSING_DSS -
Plus 11 more processes waiting for tasks…
WARN: Environment variable `R_LIBS_USER` evaluates to an empty value
WARN: Environment variable `R_LIBS_SITE` evaluates to an empty value
WARN: Environment variable `R_LIBS_USER` evaluates to an empty value
WARN: Environment variable `R_LIBS_SITE` evaluates to an empty value
WARN: Environment variable `R_LIBS_USER` evaluates to an empty value
WARN: Environment variable `R_LIBS_SITE` evaluates to an empty value
WARN: Environment variable `R_LIBS_USER` evaluates to an empty value
WARN: Environment variable `R_LIBS_SITE` evaluates to an empty value
WARN: Environment variable `R_LIBS_USER` evaluates to an empty value
WARN: Environment variable `R_LIBS_SITE` evaluates to an empty value
WARN: Environment variable `R_LIBS_USER` evaluates to an empty value
WARN: Environment variable `R_LIBS_SITE` evaluates to an empty value
WARN: Environment variable `R_LIBS_USER` evaluates to an empty value
WARN: Environment variable `R_LIBS_SITE` evaluates to an empty value
WARN: Environment variable `R_LIBS_USER` evaluates to an empty value
WARN: Environment variable `R_LIBS_SITE` evaluates to an empty value
WARN: Environment variable `R_LIBS_USER` evaluates to an empty value
WARN: Environment variable `R_LIBS_SITE` evaluates to an empty value
WARN: Environment variable `R_LIBS_USER` evaluates to an empty value
WARN: Environment variable `R_LIBS_SITE` evaluates to an empty value

executor >  local (12)
[e1/fb3c66] PRE_STAGE:PRE_STAGE_FILES      | 1 of 1 ✔
[2b/9d58d9] REA…SSING:FASTQC (ERR11435652) | 0 of 23
[53/800e25] REA…CKSUM_VERIFY (ERR11435647) | 2 of 23
[-        ] READ_PROCESSING:TRIM_GALORE    | 0 of 23
[cb/ee050c] PAR…8.dna.primary_assembly.fa) | 0 of 1
[-        ] PAR…YSIS:PARABRICKS_FQ2BAMMETH -
[-        ] PAR…KS_ANALYSIS:SAMTOOLS_INDEX -
[-        ] PARABRICKS_ANALYSIS:QUALIMAP   -
[1e/f67e4a] PAR…8.dna.primary_assembly.fa) | 1 of 1 ✔
[-        ] PAR…LYSIS:METHYLDACKEL_EXTRACT -
[-        ] DIF…METHYLATION:EDGER_ANALYSIS -
[-        ] DIF…YLATION:METHYLKIT_ANALYSIS -
[-        ] DIF…L_METHYLATION:DSS_ANALYSIS -
[-        ] RES…SIS:ANNOTATE_RESULTS_EDGER -
[-        ] RES…YSIS:POST_PROCESSING_EDGER -
[-        ] RES…:ENRICHMENT_ANALYSIS_EDGER -
[-        ] RES…:POST_PROCESSING_METHYLKIT -
[-        ] RES…ICHMENT_ANALYSIS_METHYLKIT -
[-        ] RES…LYSIS:ANNOTATE_RESULTS_DSS -
[-        ] RES…ALYSIS:POST_PROCESSING_DSS -
Plus 11 more processes waiting for tasks…
WARN: Environment variable `R_LIBS_USER` evaluates to an empty value
WARN: Environment variable `R_LIBS_SITE` evaluates to an empty value
WARN: Environment variable `R_LIBS_USER` evaluates to an empty value
WARN: Environment variable `R_LIBS_SITE` evaluates to an empty value
WARN: Environment variable `R_LIBS_USER` evaluates to an empty value
WARN: Environment variable `R_LIBS_SITE` evaluates to an empty value
WARN: Environment variable `R_LIBS_USER` evaluates to an empty value
WARN: Environment variable `R_LIBS_SITE` evaluates to an empty value
WARN: Environment variable `R_LIBS_USER` evaluates to an empty value
WARN: Environment variable `R_LIBS_SITE` evaluates to an empty value
WARN: Environment variable `R_LIBS_USER` evaluates to an empty value
WARN: Environment variable `R_LIBS_SITE` evaluates to an empty value
WARN: Environment variable `R_LIBS_USER` evaluates to an empty value
WARN: Environment variable `R_LIBS_SITE` evaluates to an empty value
WARN: Environment variable `R_LIBS_USER` evaluates to an empty value
WARN: Environment variable `R_LIBS_SITE` evaluates to an empty value
WARN: Environment variable `R_LIBS_USER` evaluates to an empty value
WARN: Environment variable `R_LIBS_SITE` evaluates to an empty value
WARN: Environment variable `R_LIBS_USER` evaluates to an empty value
WARN: Environment variable `R_LIBS_SITE` evaluates to an empty value
WARN: Environment variable `R_LIBS_USER` evaluates to an empty value
WARN: Environment variable `R_LIBS_SITE` evaluates to an empty value

executor >  local (13)
[e1/fb3c66] PRE_STAGE:PRE_STAGE_FILES      | 1 of 1 ✔
[ec/b4fe07] REA…SSING:FASTQC (ERR11435661) | 0 of 23
[f2/2ba1a1] REA…CKSUM_VERIFY (ERR11435663) | 3 of 23
[-        ] READ_PROCESSING:TRIM_GALORE    | 0 of 23
[cb/ee050c] PAR…8.dna.primary_assembly.fa) | 0 of 1
[-        ] PAR…YSIS:PARABRICKS_FQ2BAMMETH -
[-        ] PAR…KS_ANALYSIS:SAMTOOLS_INDEX -
[-        ] PARABRICKS_ANALYSIS:QUALIMAP   -
[1e/f67e4a] PAR…8.dna.primary_assembly.fa) | 1 of 1 ✔
[-        ] PAR…LYSIS:METHYLDACKEL_EXTRACT -
[-        ] DIF…METHYLATION:EDGER_ANALYSIS -
[-        ] DIF…YLATION:METHYLKIT_ANALYSIS -
[-        ] DIF…L_METHYLATION:DSS_ANALYSIS -
[-        ] RES…SIS:ANNOTATE_RESULTS_EDGER -
[-        ] RES…YSIS:POST_PROCESSING_EDGER -
[-        ] RES…:ENRICHMENT_ANALYSIS_EDGER -
[-        ] RES…:POST_PROCESSING_METHYLKIT -
[-        ] RES…ICHMENT_ANALYSIS_METHYLKIT -
[-        ] RES…LYSIS:ANNOTATE_RESULTS_DSS -
[-        ] RES…ALYSIS:POST_PROCESSING_DSS -
Plus 11 more processes waiting for tasks…
WARN: Environment variable `R_LIBS_USER` evaluates to an empty value
WARN: Environment variable `R_LIBS_SITE` evaluates to an empty value
WARN: Environment variable `R_LIBS_USER` evaluates to an empty value
WARN: Environment variable `R_LIBS_SITE` evaluates to an empty value
WARN: Environment variable `R_LIBS_USER` evaluates to an empty value
WARN: Environment variable `R_LIBS_SITE` evaluates to an empty value
WARN: Environment variable `R_LIBS_USER` evaluates to an empty value
WARN: Environment variable `R_LIBS_SITE` evaluates to an empty value
WARN: Environment variable `R_LIBS_USER` evaluates to an empty value
WARN: Environment variable `R_LIBS_SITE` evaluates to an empty value
WARN: Environment variable `R_LIBS_USER` evaluates to an empty value
WARN: Environment variable `R_LIBS_SITE` evaluates to an empty value
WARN: Environment variable `R_LIBS_USER` evaluates to an empty value
WARN: Environment variable `R_LIBS_SITE` evaluates to an empty value
WARN: Environment variable `R_LIBS_USER` evaluates to an empty value
WARN: Environment variable `R_LIBS_SITE` evaluates to an empty value
WARN: Environment variable `R_LIBS_USER` evaluates to an empty value
WARN: Environment variable `R_LIBS_SITE` evaluates to an empty value
WARN: Environment variable `R_LIBS_USER` evaluates to an empty value
WARN: Environment variable `R_LIBS_SITE` evaluates to an empty value
WARN: Environment variable `R_LIBS_USER` evaluates to an empty value
WARN: Environment variable `R_LIBS_SITE` evaluates to an empty value
WARN: Environment variable `R_LIBS_USER` evaluates to an empty value
WARN: Environment variable `R_LIBS_SITE` evaluates to an empty value

executor >  local (14)
[e1/fb3c66] PRE_STAGE:PRE_STAGE_FILES      | 1 of 1 ✔
[ec/b4fe07] REA…SSING:FASTQC (ERR11435661) | 0 of 23
[c4/32bf57] REA…CKSUM_VERIFY (ERR11435644) | 4 of 23
[-        ] READ_PROCESSING:TRIM_GALORE    | 0 of 23
[cb/ee050c] PAR…8.dna.primary_assembly.fa) | 0 of 1
[-        ] PAR…YSIS:PARABRICKS_FQ2BAMMETH -
[-        ] PAR…KS_ANALYSIS:SAMTOOLS_INDEX -
[-        ] PARABRICKS_ANALYSIS:QUALIMAP   -
[1e/f67e4a] PAR…8.dna.primary_assembly.fa) | 1 of 1 ✔
[-        ] PAR…LYSIS:METHYLDACKEL_EXTRACT -
[-        ] DIF…METHYLATION:EDGER_ANALYSIS -
[-        ] DIF…YLATION:METHYLKIT_ANALYSIS -
[-        ] DIF…L_METHYLATION:DSS_ANALYSIS -
[-        ] RES…SIS:ANNOTATE_RESULTS_EDGER -
[-        ] RES…YSIS:POST_PROCESSING_EDGER -
[-        ] RES…:ENRICHMENT_ANALYSIS_EDGER -
[-        ] RES…:POST_PROCESSING_METHYLKIT -
[-        ] RES…ICHMENT_ANALYSIS_METHYLKIT -
[-        ] RES…LYSIS:ANNOTATE_RESULTS_DSS -
[-        ] RES…ALYSIS:POST_PROCESSING_DSS -
Plus 11 more processes waiting for tasks…
WARN: Environment variable `R_LIBS_USER` evaluates to an empty value
WARN: Environment variable `R_LIBS_SITE` evaluates to an empty value
WARN: Environment variable `R_LIBS_USER` evaluates to an empty value
WARN: Environment variable `R_LIBS_SITE` evaluates to an empty value
WARN: Environment variable `R_LIBS_USER` evaluates to an empty value
WARN: Environment variable `R_LIBS_SITE` evaluates to an empty value
WARN: Environment variable `R_LIBS_USER` evaluates to an empty value
WARN: Environment variable `R_LIBS_SITE` evaluates to an empty value
WARN: Environment variable `R_LIBS_USER` evaluates to an empty value
WARN: Environment variable `R_LIBS_SITE` evaluates to an empty value
WARN: Environment variable `R_LIBS_USER` evaluates to an empty value
WARN: Environment variable `R_LIBS_SITE` evaluates to an empty value
WARN: Environment variable `R_LIBS_USER` evaluates to an empty value
WARN: Environment variable `R_LIBS_SITE` evaluates to an empty value
WARN: Environment variable `R_LIBS_USER` evaluates to an empty value
WARN: Environment variable `R_LIBS_SITE` evaluates to an empty value
WARN: Environment variable `R_LIBS_USER` evaluates to an empty value
WARN: Environment variable `R_LIBS_SITE` evaluates to an empty value
WARN: Environment variable `R_LIBS_USER` evaluates to an empty value
WARN: Environment variable `R_LIBS_SITE` evaluates to an empty value
WARN: Environment variable `R_LIBS_USER` evaluates to an empty value
WARN: Environment variable `R_LIBS_SITE` evaluates to an empty value
WARN: Environment variable `R_LIBS_USER` evaluates to an empty value
WARN: Environment variable `R_LIBS_SITE` evaluates to an empty value
WARN: Environment variable `R_LIBS_USER` evaluates to an empty value
WARN: Environment variable `R_LIBS_SITE` evaluates to an empty value

executor >  local (15)
[e1/fb3c66] PRE_STAGE:PRE_STAGE_FILES      | 1 of 1 ✔
[67/e795a3] REA…SSING:FASTQC (ERR11435646) | 0 of 23
[9c/aa568c] REA…CKSUM_VERIFY (ERR11435654) | 5 of 23
[-        ] READ_PROCESSING:TRIM_GALORE    | 0 of 23
[cb/ee050c] PAR…8.dna.primary_assembly.fa) | 0 of 1
[-        ] PAR…YSIS:PARABRICKS_FQ2BAMMETH -
[-        ] PAR…KS_ANALYSIS:SAMTOOLS_INDEX -
[-        ] PARABRICKS_ANALYSIS:QUALIMAP   -
[1e/f67e4a] PAR…8.dna.primary_assembly.fa) | 1 of 1 ✔
[-        ] PAR…LYSIS:METHYLDACKEL_EXTRACT -
[-        ] DIF…METHYLATION:EDGER_ANALYSIS -
[-        ] DIF…YLATION:METHYLKIT_ANALYSIS -
[-        ] DIF…L_METHYLATION:DSS_ANALYSIS -
[-        ] RES…SIS:ANNOTATE_RESULTS_EDGER -
[-        ] RES…YSIS:POST_PROCESSING_EDGER -
[-        ] RES…:ENRICHMENT_ANALYSIS_EDGER -
[-        ] RES…:POST_PROCESSING_METHYLKIT -
[-        ] RES…ICHMENT_ANALYSIS_METHYLKIT -
[-        ] RES…LYSIS:ANNOTATE_RESULTS_DSS -
[-        ] RES…ALYSIS:POST_PROCESSING_DSS -
Plus 11 more processes waiting for tasks…
WARN: Environment variable `R_LIBS_USER` evaluates to an empty value
WARN: Environment variable `R_LIBS_SITE` evaluates to an empty value
WARN: Environment variable `R_LIBS_USER` evaluates to an empty value
WARN: Environment variable `R_LIBS_SITE` evaluates to an empty value
WARN: Environment variable `R_LIBS_USER` evaluates to an empty value
WARN: Environment variable `R_LIBS_SITE` evaluates to an empty value
WARN: Environment variable `R_LIBS_USER` evaluates to an empty value
WARN: Environment variable `R_LIBS_SITE` evaluates to an empty value
WARN: Environment variable `R_LIBS_USER` evaluates to an empty value
WARN: Environment variable `R_LIBS_SITE` evaluates to an empty value
WARN: Environment variable `R_LIBS_USER` evaluates to an empty value
WARN: Environment variable `R_LIBS_SITE` evaluates to an empty value
WARN: Environment variable `R_LIBS_USER` evaluates to an empty value
WARN: Environment variable `R_LIBS_SITE` evaluates to an empty value
WARN: Environment variable `R_LIBS_USER` evaluates to an empty value
WARN: Environment variable `R_LIBS_SITE` evaluates to an empty value
WARN: Environment variable `R_LIBS_USER` evaluates to an empty value
WARN: Environment variable `R_LIBS_SITE` evaluates to an empty value
WARN: Environment variable `R_LIBS_USER` evaluates to an empty value
WARN: Environment variable `R_LIBS_SITE` evaluates to an empty value
WARN: Environment variable `R_LIBS_USER` evaluates to an empty value
WARN: Environment variable `R_LIBS_SITE` evaluates to an empty value
WARN: Environment variable `R_LIBS_USER` evaluates to an empty value
WARN: Environment variable `R_LIBS_SITE` evaluates to an empty value
WARN: Environment variable `R_LIBS_USER` evaluates to an empty value
WARN: Environment variable `R_LIBS_SITE` evaluates to an empty value
WARN: Environment variable `R_LIBS_USER` evaluates to an empty value
WARN: Environment variable `R_LIBS_SITE` evaluates to an empty value

executor >  local (15)
[e1/fb3c66] PRE_STAGE:PRE_STAGE_FILES      | 1 of 1 ✔
[67/e795a3] REA…SSING:FASTQC (ERR11435646) | 0 of 23
[9c/aa568c] REA…CKSUM_VERIFY (ERR11435654) | 5 of 23
[-        ] READ_PROCESSING:TRIM_GALORE    | 0 of 23
[cb/ee050c] PAR…8.dna.primary_assembly.fa) | 0 of 1
[-        ] PAR…YSIS:PARABRICKS_FQ2BAMMETH -
[-        ] PAR…KS_ANALYSIS:SAMTOOLS_INDEX -
[-        ] PARABRICKS_ANALYSIS:QUALIMAP   -
[1e/f67e4a] PAR…8.dna.primary_assembly.fa) | 1 of 1 ✔
[-        ] PAR…LYSIS:METHYLDACKEL_EXTRACT -
[-        ] DIF…METHYLATION:EDGER_ANALYSIS -
[-        ] DIF…YLATION:METHYLKIT_ANALYSIS -
[-        ] DIF…L_METHYLATION:DSS_ANALYSIS -
[-        ] RES…SIS:ANNOTATE_RESULTS_EDGER -
[-        ] RES…YSIS:POST_PROCESSING_EDGER -
[-        ] RES…:ENRICHMENT_ANALYSIS_EDGER -
[-        ] RES…:POST_PROCESSING_METHYLKIT -
[-        ] RES…ICHMENT_ANALYSIS_METHYLKIT -
[-        ] RES…LYSIS:ANNOTATE_RESULTS_DSS -
[-        ] RES…ALYSIS:POST_PROCESSING_DSS -
Plus 11 more processes waiting for tasks…
WARN: Environment variable `R_LIBS_USER` evaluates to an empty value
WARN: Environment variable `R_LIBS_SITE` evaluates to an empty value
WARN: Environment variable `R_LIBS_USER` evaluates to an empty value
WARN: Environment variable `R_LIBS_SITE` evaluates to an empty value
WARN: Environment variable `R_LIBS_USER` evaluates to an empty value
WARN: Environment variable `R_LIBS_SITE` evaluates to an empty value
WARN: Environment variable `R_LIBS_USER` evaluates to an empty value
WARN: Environment variable `R_LIBS_SITE` evaluates to an empty value
WARN: Environment variable `R_LIBS_USER` evaluates to an empty value
WARN: Environment variable `R_LIBS_SITE` evaluates to an empty value
WARN: Environment variable `R_LIBS_USER` evaluates to an empty value
WARN: Environment variable `R_LIBS_SITE` evaluates to an empty value
WARN: Environment variable `R_LIBS_USER` evaluates to an empty value
WARN: Environment variable `R_LIBS_SITE` evaluates to an empty value
WARN: Environment variable `R_LIBS_USER` evaluates to an empty value
WARN: Environment variable `R_LIBS_SITE` evaluates to an empty value
WARN: Environment variable `R_LIBS_USER` evaluates to an empty value
WARN: Environment variable `R_LIBS_SITE` evaluates to an empty value
WARN: Environment variable `R_LIBS_USER` evaluates to an empty value
WARN: Environment variable `R_LIBS_SITE` evaluates to an empty value
WARN: Environment variable `R_LIBS_USER` evaluates to an empty value
WARN: Environment variable `R_LIBS_SITE` evaluates to an empty value
WARN: Environment variable `R_LIBS_USER` evaluates to an empty value
WARN: Environment variable `R_LIBS_SITE` evaluates to an empty value
WARN: Environment variable `R_LIBS_USER` evaluates to an empty value
WARN: Environment variable `R_LIBS_SITE` evaluates to an empty value
WARN: Environment variable `R_LIBS_USER` evaluates to an empty value
WARN: Environment variable `R_LIBS_SITE` evaluates to an empty value

executor >  local (16)
[e1/fb3c66] PRE_STAGE:PRE_STAGE_FILES      | 1 of 1 ✔
[61/21b842] REA…SSING:FASTQC (ERR11435643) | 0 of 23
[ca/8bd931] REA…CKSUM_VERIFY (ERR11435657) | 6 of 23
[-        ] READ_PROCESSING:TRIM_GALORE    | 0 of 23
[cb/ee050c] PAR…8.dna.primary_assembly.fa) | 0 of 1
[-        ] PAR…YSIS:PARABRICKS_FQ2BAMMETH -
[-        ] PAR…KS_ANALYSIS:SAMTOOLS_INDEX -
[-        ] PARABRICKS_ANALYSIS:QUALIMAP   -
[1e/f67e4a] PAR…8.dna.primary_assembly.fa) | 1 of 1 ✔
[-        ] PAR…LYSIS:METHYLDACKEL_EXTRACT -
[-        ] DIF…METHYLATION:EDGER_ANALYSIS -
[-        ] DIF…YLATION:METHYLKIT_ANALYSIS -
[-        ] DIF…L_METHYLATION:DSS_ANALYSIS -
[-        ] RES…SIS:ANNOTATE_RESULTS_EDGER -
[-        ] RES…YSIS:POST_PROCESSING_EDGER -
[-        ] RES…:ENRICHMENT_ANALYSIS_EDGER -
[-        ] RES…:POST_PROCESSING_METHYLKIT -
[-        ] RES…ICHMENT_ANALYSIS_METHYLKIT -
[-        ] RES…LYSIS:ANNOTATE_RESULTS_DSS -
[-        ] RES…ALYSIS:POST_PROCESSING_DSS -
Plus 11 more processes waiting for tasks…
WARN: Environment variable `R_LIBS_USER` evaluates to an empty value
WARN: Environment variable `R_LIBS_SITE` evaluates to an empty value
WARN: Environment variable `R_LIBS_USER` evaluates to an empty value
WARN: Environment variable `R_LIBS_SITE` evaluates to an empty value
WARN: Environment variable `R_LIBS_USER` evaluates to an empty value
WARN: Environment variable `R_LIBS_SITE` evaluates to an empty value
WARN: Environment variable `R_LIBS_USER` evaluates to an empty value
WARN: Environment variable `R_LIBS_SITE` evaluates to an empty value
WARN: Environment variable `R_LIBS_USER` evaluates to an empty value
WARN: Environment variable `R_LIBS_SITE` evaluates to an empty value
WARN: Environment variable `R_LIBS_USER` evaluates to an empty value
WARN: Environment variable `R_LIBS_SITE` evaluates to an empty value
WARN: Environment variable `R_LIBS_USER` evaluates to an empty value
WARN: Environment variable `R_LIBS_SITE` evaluates to an empty value

















executor >  local (17)
[e1/fb3c66] PRE_STAGE:PRE_STAGE_FILES      | 1 of 1 ✔
[0b/a19d29] REA…SSING:FASTQC (ERR11435647) | 0 of 23
[09/bbd21d] REA…CKSUM_VERIFY (ERR11435660) | 7 of 23
[-        ] READ_PROCESSING:TRIM_GALORE    | 0 of 23
[cb/ee050c] PAR…8.dna.primary_assembly.fa) | 0 of 1
[-        ] PAR…YSIS:PARABRICKS_FQ2BAMMETH -
[-        ] PAR…KS_ANALYSIS:SAMTOOLS_INDEX -
[-        ] PARABRICKS_ANALYSIS:QUALIMAP   -
[1e/f67e4a] PAR…8.dna.primary_assembly.fa) | 1 of 1 ✔
[-        ] PAR…LYSIS:METHYLDACKEL_EXTRACT -
[-        ] DIF…METHYLATION:EDGER_ANALYSIS -
[-        ] DIF…YLATION:METHYLKIT_ANALYSIS -
[-        ] DIF…L_METHYLATION:DSS_ANALYSIS -
[-        ] RES…SIS:ANNOTATE_RESULTS_EDGER -
[-        ] RES…YSIS:POST_PROCESSING_EDGER -
[-        ] RES…:ENRICHMENT_ANALYSIS_EDGER -
[-        ] RES…:POST_PROCESSING_METHYLKIT -
[-        ] RES…ICHMENT_ANALYSIS_METHYLKIT -
[-        ] RES…LYSIS:ANNOTATE_RESULTS_DSS -
[-        ] RES…ALYSIS:POST_PROCESSING_DSS -
Plus 11 more processes waiting for tasks…
WARN: Environment variable `R_LIBS_USER` evaluates to an empty value
WARN: Environment variable `R_LIBS_SITE` evaluates to an empty value
WARN: Environment variable `R_LIBS_USER` evaluates to an empty value
WARN: Environment variable `R_LIBS_SITE` evaluates to an empty value
WARN: Environment variable `R_LIBS_USER` evaluates to an empty value
WARN: Environment variable `R_LIBS_SITE` evaluates to an empty value
WARN: Environment variable `R_LIBS_USER` evaluates to an empty value
WARN: Environment variable `R_LIBS_SITE` evaluates to an empty value
WARN: Environment variable `R_LIBS_USER` evaluates to an empty value
WARN: Environment variable `R_LIBS_SITE` evaluates to an empty value
WARN: Environment variable `R_LIBS_USER` evaluates to an empty value
WARN: Environment variable `R_LIBS_SITE` evaluates to an empty value
WARN: Environment variable `R_LIBS_USER` evaluates to an empty value
WARN: Environment variable `R_LIBS_SITE` evaluates to an empty value
WARN: Environment variable `R_LIBS_USER` evaluates to an empty value
WARN: Environment variable `R_LIBS_SITE` evaluates to an empty value















executor >  local (17)
[e1/fb3c66] PRE_STAGE:PRE_STAGE_FILES      | 1 of 1 ✔
[0b/a19d29] REA…SSING:FASTQC (ERR11435647) | 0 of 23
[09/bbd21d] REA…CKSUM_VERIFY (ERR11435660) | 7 of 23
[-        ] READ_PROCESSING:TRIM_GALORE    | 0 of 23
[cb/ee050c] PAR…8.dna.primary_assembly.fa) | 0 of 1
[-        ] PAR…YSIS:PARABRICKS_FQ2BAMMETH -
[-        ] PAR…KS_ANALYSIS:SAMTOOLS_INDEX -
[-        ] PARABRICKS_ANALYSIS:QUALIMAP   -
[1e/f67e4a] PAR…8.dna.primary_assembly.fa) | 1 of 1 ✔
[-        ] PAR…LYSIS:METHYLDACKEL_EXTRACT -
[-        ] DIF…METHYLATION:EDGER_ANALYSIS -
[-        ] DIF…YLATION:METHYLKIT_ANALYSIS -
[-        ] DIF…L_METHYLATION:DSS_ANALYSIS -
[-        ] RES…SIS:ANNOTATE_RESULTS_EDGER -
[-        ] RES…YSIS:POST_PROCESSING_EDGER -
[-        ] RES…:ENRICHMENT_ANALYSIS_EDGER -
[-        ] RES…:POST_PROCESSING_METHYLKIT -
[-        ] RES…ICHMENT_ANALYSIS_METHYLKIT -
[-        ] RES…LYSIS:ANNOTATE_RESULTS_DSS -
[-        ] RES…ALYSIS:POST_PROCESSING_DSS -
Plus 11 more processes waiting for tasks…
WARN: Environment variable `R_LIBS_USER` evaluates to an empty value
WARN: Environment variable `R_LIBS_SITE` evaluates to an empty value
WARN: Environment variable `R_LIBS_USER` evaluates to an empty value
WARN: Environment variable `R_LIBS_SITE` evaluates to an empty value
WARN: Environment variable `R_LIBS_USER` evaluates to an empty value
WARN: Environment variable `R_LIBS_SITE` evaluates to an empty value
WARN: Environment variable `R_LIBS_USER` evaluates to an empty value
WARN: Environment variable `R_LIBS_SITE` evaluates to an empty value
WARN: Environment variable `R_LIBS_USER` evaluates to an empty value
WARN: Environment variable `R_LIBS_SITE` evaluates to an empty value
WARN: Environment variable `R_LIBS_USER` evaluates to an empty value
WARN: Environment variable `R_LIBS_SITE` evaluates to an empty value
WARN: Environment variable `R_LIBS_USER` evaluates to an empty value
WARN: Environment variable `R_LIBS_SITE` evaluates to an empty value
WARN: Environment variable `R_LIBS_USER` evaluates to an empty value
WARN: Environment variable `R_LIBS_SITE` evaluates to an empty value

executor >  local (18)
[e1/fb3c66] PRE_STAGE:PRE_STAGE_FILES      | 1 of 1 ✔
[0b/a19d29] REA…SSING:FASTQC (ERR11435647) | 0 of 23
[c4/32bf57] REA…CKSUM_VERIFY (ERR11435644) | 8 of 23
[32/f35111] REA…:TRIM_GALORE (ERR11435647) | 0 of 23
[cb/ee050c] PAR…8.dna.primary_assembly.fa) | 0 of 1
[-        ] PAR…YSIS:PARABRICKS_FQ2BAMMETH -
[-        ] PAR…KS_ANALYSIS:SAMTOOLS_INDEX -
[-        ] PARABRICKS_ANALYSIS:QUALIMAP   -
[1e/f67e4a] PAR…8.dna.primary_assembly.fa) | 1 of 1 ✔
[-        ] PAR…LYSIS:METHYLDACKEL_EXTRACT -
[-        ] DIF…METHYLATION:EDGER_ANALYSIS -
[-        ] DIF…YLATION:METHYLKIT_ANALYSIS -
[-        ] DIF…L_METHYLATION:DSS_ANALYSIS -
[-        ] RES…SIS:ANNOTATE_RESULTS_EDGER -
[-        ] RES…YSIS:POST_PROCESSING_EDGER -
[-        ] RES…:ENRICHMENT_ANALYSIS_EDGER -
[-        ] RES…:POST_PROCESSING_METHYLKIT -
[-        ] RES…ICHMENT_ANALYSIS_METHYLKIT -
[-        ] RES…LYSIS:ANNOTATE_RESULTS_DSS -
[-        ] RES…ALYSIS:POST_PROCESSING_DSS -
Plus 11 more processes waiting for tasks…
WARN: Environment variable `R_LIBS_USER` evaluates to an empty value
WARN: Environment variable `R_LIBS_SITE` evaluates to an empty value
WARN: Environment variable `R_LIBS_USER` evaluates to an empty value
WARN: Environment variable `R_LIBS_SITE` evaluates to an empty value
WARN: Environment variable `R_LIBS_USER` evaluates to an empty value
WARN: Environment variable `R_LIBS_SITE` evaluates to an empty value
WARN: Environment variable `R_LIBS_USER` evaluates to an empty value
WARN: Environment variable `R_LIBS_SITE` evaluates to an empty value
WARN: Environment variable `R_LIBS_USER` evaluates to an empty value
WARN: Environment variable `R_LIBS_SITE` evaluates to an empty value
WARN: Environment variable `R_LIBS_USER` evaluates to an empty value
WARN: Environment variable `R_LIBS_SITE` evaluates to an empty value
WARN: Environment variable `R_LIBS_USER` evaluates to an empty value
WARN: Environment variable `R_LIBS_SITE` evaluates to an empty value
WARN: Environment variable `R_LIBS_USER` evaluates to an empty value
WARN: Environment variable `R_LIBS_SITE` evaluates to an empty value



executor >  local (19)
[e1/fb3c66] PRE_STAGE:PRE_STAGE_FILES      | 1 of 1 ✔
[d6/efd69d] REA…SSING:FASTQC (ERR11435654) | 0 of 23
[c4/32bf57] REA…CKSUM_VERIFY (ERR11435644) | 8 of 23
[32/f35111] REA…:TRIM_GALORE (ERR11435647) | 0 of 23
[cb/ee050c] PAR…8.dna.primary_assembly.fa) | 0 of 1
[-        ] PAR…YSIS:PARABRICKS_FQ2BAMMETH -
[-        ] PAR…KS_ANALYSIS:SAMTOOLS_INDEX -
[-        ] PARABRICKS_ANALYSIS:QUALIMAP   -
[1e/f67e4a] PAR…8.dna.primary_assembly.fa) | 1 of 1 ✔
[-        ] PAR…LYSIS:METHYLDACKEL_EXTRACT -
[-        ] DIF…METHYLATION:EDGER_ANALYSIS -
[-        ] DIF…YLATION:METHYLKIT_ANALYSIS -
[-        ] DIF…L_METHYLATION:DSS_ANALYSIS -
[-        ] RES…SIS:ANNOTATE_RESULTS_EDGER -
[-        ] RES…YSIS:POST_PROCESSING_EDGER -
[-        ] RES…:ENRICHMENT_ANALYSIS_EDGER -
[-        ] RES…:POST_PROCESSING_METHYLKIT -
[-        ] RES…ICHMENT_ANALYSIS_METHYLKIT -
[-        ] RES…LYSIS:ANNOTATE_RESULTS_DSS -
[-        ] RES…ALYSIS:POST_PROCESSING_DSS -
Plus 11 more processes waiting for tasks…
WARN: Environment variable `R_LIBS_USER` evaluates to an empty value
WARN: Environment variable `R_LIBS_SITE` evaluates to an empty value

















executor >  local (19)
[e1/fb3c66] PRE_STAGE:PRE_STAGE_FILES      | 1 of 1 ✔
[d6/efd69d] REA…SSING:FASTQC (ERR11435654) | 0 of 23
[c4/32bf57] REA…CKSUM_VERIFY (ERR11435644) | 8 of 23
[32/f35111] REA…:TRIM_GALORE (ERR11435647) | 1 of 23
[cb/ee050c] PAR…8.dna.primary_assembly.fa) | 0 of 1
[-        ] PAR…YSIS:PARABRICKS_FQ2BAMMETH -
[-        ] PAR…KS_ANALYSIS:SAMTOOLS_INDEX -
[-        ] PARABRICKS_ANALYSIS:QUALIMAP   -
[1e/f67e4a] PAR…8.dna.primary_assembly.fa) | 1 of 1 ✔
[-        ] PAR…LYSIS:METHYLDACKEL_EXTRACT -
[-        ] DIF…METHYLATION:EDGER_ANALYSIS -
[-        ] DIF…YLATION:METHYLKIT_ANALYSIS -
[-        ] DIF…L_METHYLATION:DSS_ANALYSIS -
[-        ] RES…SIS:ANNOTATE_RESULTS_EDGER -
[-        ] RES…YSIS:POST_PROCESSING_EDGER -
[-        ] RES…:ENRICHMENT_ANALYSIS_EDGER -
[-        ] RES…:POST_PROCESSING_METHYLKIT -
[-        ] RES…ICHMENT_ANALYSIS_METHYLKIT -
[-        ] RES…LYSIS:ANNOTATE_RESULTS_DSS -
[-        ] RES…ALYSIS:POST_PROCESSING_DSS -
Plus 11 more processes waiting for tasks…
WARN: Environment variable `R_LIBS_USER` evaluates to an empty value
WARN: Environment variable `R_LIBS_SITE` evaluates to an empty value

















executor >  local (19)
[e1/fb3c66] PRE_STAGE:PRE_STAGE_FILES      | 1 of 1 ✔
[ec/b4fe07] REA…SSING:FASTQC (ERR11435661) | 1 of 23
[c4/32bf57] REA…CKSUM_VERIFY (ERR11435644) | 8 of 23
[32/f35111] REA…:TRIM_GALORE (ERR11435647) | 1 of 23
[cb/ee050c] PAR…8.dna.primary_assembly.fa) | 0 of 1
[-        ] PAR…YSIS:PARABRICKS_FQ2BAMMETH -
[-        ] PAR…KS_ANALYSIS:SAMTOOLS_INDEX -
[-        ] PARABRICKS_ANALYSIS:QUALIMAP   -
[1e/f67e4a] PAR…8.dna.primary_assembly.fa) | 1 of 1 ✔
[-        ] PAR…LYSIS:METHYLDACKEL_EXTRACT -
[-        ] DIF…METHYLATION:EDGER_ANALYSIS -
[-        ] DIF…YLATION:METHYLKIT_ANALYSIS -
[-        ] DIF…L_METHYLATION:DSS_ANALYSIS -
[-        ] RES…SIS:ANNOTATE_RESULTS_EDGER -
[-        ] RES…YSIS:POST_PROCESSING_EDGER -
[-        ] RES…:ENRICHMENT_ANALYSIS_EDGER -
[-        ] RES…:POST_PROCESSING_METHYLKIT -
[-        ] RES…ICHMENT_ANALYSIS_METHYLKIT -
[-        ] RES…LYSIS:ANNOTATE_RESULTS_DSS -
[-        ] RES…ALYSIS:POST_PROCESSING_DSS -
Plus 11 more processes waiting for tasks…
WARN: Environment variable `R_LIBS_USER` evaluates to an empty value
WARN: Environment variable `R_LIBS_SITE` evaluates to an empty value



executor >  local (20)
[e1/fb3c66] PRE_STAGE:PRE_STAGE_FILES      | 1 of 1 ✔
[ec/b4fe07] REA…SSING:FASTQC (ERR11435661) | 1 of 23
[c4/32bf57] REA…CKSUM_VERIFY (ERR11435644) | 8 of 23
[4e/9b30bd] REA…:TRIM_GALORE (ERR11435661) | 1 of 23
[cb/ee050c] PAR…8.dna.primary_assembly.fa) | 0 of 1
[-        ] PAR…YSIS:PARABRICKS_FQ2BAMMETH -
[-        ] PAR…KS_ANALYSIS:SAMTOOLS_INDEX -
[-        ] PARABRICKS_ANALYSIS:QUALIMAP   -
[1e/f67e4a] PAR…8.dna.primary_assembly.fa) | 1 of 1 ✔
[-        ] PAR…LYSIS:METHYLDACKEL_EXTRACT -
[-        ] DIF…METHYLATION:EDGER_ANALYSIS -
[-        ] DIF…YLATION:METHYLKIT_ANALYSIS -
[-        ] DIF…L_METHYLATION:DSS_ANALYSIS -
[-        ] RES…SIS:ANNOTATE_RESULTS_EDGER -
[-        ] RES…YSIS:POST_PROCESSING_EDGER -
[-        ] RES…:ENRICHMENT_ANALYSIS_EDGER -
[-        ] RES…:POST_PROCESSING_METHYLKIT -
[-        ] RES…ICHMENT_ANALYSIS_METHYLKIT -
[-        ] RES…LYSIS:ANNOTATE_RESULTS_DSS -
[-        ] RES…ALYSIS:POST_PROCESSING_DSS -
Plus 11 more processes waiting for tasks…
WARN: Environment variable `R_LIBS_USER` evaluates to an empty value
WARN: Environment variable `R_LIBS_SITE` evaluates to an empty value



executor >  local (21)
[e1/fb3c66] PRE_STAGE:PRE_STAGE_FILES      | 1 of 1 ✔
[ad/09f98b] REA…SSING:FASTQC (ERR11435663) | 2 of 23
[c4/32bf57] REA…CKSUM_VERIFY (ERR11435644) | 8 of 23
[29/58dbaf] REA…:TRIM_GALORE (ERR11435663) | 1 of 23
[cb/ee050c] PAR…8.dna.primary_assembly.fa) | 0 of 1
[-        ] PAR…YSIS:PARABRICKS_FQ2BAMMETH -
[-        ] PAR…KS_ANALYSIS:SAMTOOLS_INDEX -
[-        ] PARABRICKS_ANALYSIS:QUALIMAP   -
[1e/f67e4a] PAR…8.dna.primary_assembly.fa) | 1 of 1 ✔
[-        ] PAR…LYSIS:METHYLDACKEL_EXTRACT -
[-        ] DIF…METHYLATION:EDGER_ANALYSIS -
[-        ] DIF…YLATION:METHYLKIT_ANALYSIS -
[-        ] DIF…L_METHYLATION:DSS_ANALYSIS -
[-        ] RES…SIS:ANNOTATE_RESULTS_EDGER -
[-        ] RES…YSIS:POST_PROCESSING_EDGER -
[-        ] RES…:ENRICHMENT_ANALYSIS_EDGER -
[-        ] RES…:POST_PROCESSING_METHYLKIT -
[-        ] RES…ICHMENT_ANALYSIS_METHYLKIT -
[-        ] RES…LYSIS:ANNOTATE_RESULTS_DSS -
[-        ] RES…ALYSIS:POST_PROCESSING_DSS -
Plus 11 more processes waiting for tasks…
WARN: Environment variable `R_LIBS_USER` evaluates to an empty value
WARN: Environment variable `R_LIBS_SITE` evaluates to an empty value



executor >  local (21)
[e1/fb3c66] PRE_STAGE:PRE_STAGE_FILES      | 1 of 1 ✔
[ad/09f98b] REA…SSING:FASTQC (ERR11435663) | 2 of 23
[c4/32bf57] REA…CKSUM_VERIFY (ERR11435644) | 8 of 23
[29/58dbaf] REA…:TRIM_GALORE (ERR11435663) | 1 of 23
[cb/ee050c] PAR…8.dna.primary_assembly.fa) | 0 of 1
[-        ] PAR…YSIS:PARABRICKS_FQ2BAMMETH -
[-        ] PAR…KS_ANALYSIS:SAMTOOLS_INDEX -
[-        ] PARABRICKS_ANALYSIS:QUALIMAP   -
[1e/f67e4a] PAR…8.dna.primary_assembly.fa) | 1 of 1 ✔
[-        ] PAR…LYSIS:METHYLDACKEL_EXTRACT -
[-        ] DIF…METHYLATION:EDGER_ANALYSIS -
[-        ] DIF…YLATION:METHYLKIT_ANALYSIS -
[-        ] DIF…L_METHYLATION:DSS_ANALYSIS -
[-        ] RES…SIS:ANNOTATE_RESULTS_EDGER -
[-        ] RES…YSIS:POST_PROCESSING_EDGER -
[-        ] RES…:ENRICHMENT_ANALYSIS_EDGER -
[-        ] RES…:POST_PROCESSING_METHYLKIT -
[-        ] RES…ICHMENT_ANALYSIS_METHYLKIT -
[-        ] RES…LYSIS:ANNOTATE_RESULTS_DSS -
[-        ] RES…ALYSIS:POST_PROCESSING_DSS -
Plus 11 more processes waiting for tasks…
WARN: Environment variable `R_LIBS_USER` evaluates to an empty value
WARN: Environment variable `R_LIBS_SITE` evaluates to an empty value



executor >  local (22)
[e1/fb3c66] PRE_STAGE:PRE_STAGE_FILES      | 1 of 1 ✔
[22/0479ca] REA…SSING:FASTQC (ERR11435640) | 3 of 23
[c4/32bf57] REA…CKSUM_VERIFY (ERR11435644) | 8 of 23
[29/58dbaf] REA…:TRIM_GALORE (ERR11435663) | 1 of 23
[cb/ee050c] PAR…8.dna.primary_assembly.fa) | 0 of 1
[-        ] PAR…YSIS:PARABRICKS_FQ2BAMMETH -
[-        ] PAR…KS_ANALYSIS:SAMTOOLS_INDEX -
[-        ] PARABRICKS_ANALYSIS:QUALIMAP   -
[1e/f67e4a] PAR…8.dna.primary_assembly.fa) | 1 of 1 ✔
[-        ] PAR…LYSIS:METHYLDACKEL_EXTRACT -
[-        ] DIF…METHYLATION:EDGER_ANALYSIS -
[-        ] DIF…YLATION:METHYLKIT_ANALYSIS -
[-        ] DIF…L_METHYLATION:DSS_ANALYSIS -
[-        ] RES…SIS:ANNOTATE_RESULTS_EDGER -
[-        ] RES…YSIS:POST_PROCESSING_EDGER -
[-        ] RES…:ENRICHMENT_ANALYSIS_EDGER -
[-        ] RES…:POST_PROCESSING_METHYLKIT -
[-        ] RES…ICHMENT_ANALYSIS_METHYLKIT -
[-        ] RES…LYSIS:ANNOTATE_RESULTS_DSS -
[-        ] RES…ALYSIS:POST_PROCESSING_DSS -
Plus 11 more processes waiting for tasks…
WARN: Environment variable `R_LIBS_USER` evaluates to an empty value
WARN: Environment variable `R_LIBS_SITE` evaluates to an empty value
WARN: Environment variable `R_LIBS_USER` evaluates to an empty value
WARN: Environment variable `R_LIBS_SITE` evaluates to an empty value

executor >  local (22)
[e1/fb3c66] PRE_STAGE:PRE_STAGE_FILES      | 1 of 1 ✔
[22/0479ca] REA…SSING:FASTQC (ERR11435640) | 3 of 23
[c4/32bf57] REA…CKSUM_VERIFY (ERR11435644) | 8 of 23
[29/58dbaf] REA…:TRIM_GALORE (ERR11435663) | 1 of 23
[cb/ee050c] PAR…8.dna.primary_assembly.fa) | 0 of 1
[-        ] PAR…YSIS:PARABRICKS_FQ2BAMMETH -
[-        ] PAR…KS_ANALYSIS:SAMTOOLS_INDEX -
[-        ] PARABRICKS_ANALYSIS:QUALIMAP   -
[1e/f67e4a] PAR…8.dna.primary_assembly.fa) | 1 of 1 ✔
[-        ] PAR…LYSIS:METHYLDACKEL_EXTRACT -
[-        ] DIF…METHYLATION:EDGER_ANALYSIS -
[-        ] DIF…YLATION:METHYLKIT_ANALYSIS -
[-        ] DIF…L_METHYLATION:DSS_ANALYSIS -
[-        ] RES…SIS:ANNOTATE_RESULTS_EDGER -
[-        ] RES…YSIS:POST_PROCESSING_EDGER -
[-        ] RES…:ENRICHMENT_ANALYSIS_EDGER -
[-        ] RES…:POST_PROCESSING_METHYLKIT -
[-        ] RES…ICHMENT_ANALYSIS_METHYLKIT -
[-        ] RES…LYSIS:ANNOTATE_RESULTS_DSS -
[-        ] RES…ALYSIS:POST_PROCESSING_DSS -
Plus 11 more processes waiting for tasks…
WARN: Environment variable `R_LIBS_USER` evaluates to an empty value
WARN: Environment variable `R_LIBS_SITE` evaluates to an empty value
WARN: Environment variable `R_LIBS_USER` evaluates to an empty value
WARN: Environment variable `R_LIBS_SITE` evaluates to an empty value

executor >  local (23)
[e1/fb3c66] PRE_STAGE:PRE_STAGE_FILES      | 1 of 1 ✔
[22/0479ca] REA…SSING:FASTQC (ERR11435640) | 3 of 23
[c4/32bf57] REA…CKSUM_VERIFY (ERR11435644) | 8 of 23
[29/58dbaf] REA…:TRIM_GALORE (ERR11435663) | 1 of 23
[cb/ee050c] PAR…8.dna.primary_assembly.fa) | 0 of 1
[-        ] PAR…YSIS:PARABRICKS_FQ2BAMMETH -
[-        ] PAR…KS_ANALYSIS:SAMTOOLS_INDEX -
[-        ] PARABRICKS_ANALYSIS:QUALIMAP   -
[1e/f67e4a] PAR…8.dna.primary_assembly.fa) | 1 of 1 ✔
[-        ] PAR…LYSIS:METHYLDACKEL_EXTRACT -
[-        ] DIF…METHYLATION:EDGER_ANALYSIS -
[-        ] DIF…YLATION:METHYLKIT_ANALYSIS -
[-        ] DIF…L_METHYLATION:DSS_ANALYSIS -
[-        ] RES…SIS:ANNOTATE_RESULTS_EDGER -
[-        ] RES…YSIS:POST_PROCESSING_EDGER -
[-        ] RES…:ENRICHMENT_ANALYSIS_EDGER -
[-        ] RES…:POST_PROCESSING_METHYLKIT -
[-        ] RES…ICHMENT_ANALYSIS_METHYLKIT -
[-        ] RES…LYSIS:ANNOTATE_RESULTS_DSS -
[-        ] RES…ALYSIS:POST_PROCESSING_DSS -
Plus 11 more processes waiting for tasks…
WARN: Environment variable `R_LIBS_USER` evaluates to an empty value
WARN: Environment variable `R_LIBS_SITE` evaluates to an empty value
WARN: Environment variable `R_LIBS_USER` evaluates to an empty value
WARN: Environment variable `R_LIBS_SITE` evaluates to an empty value



executor >  local (23)
[e1/fb3c66] PRE_STAGE:PRE_STAGE_FILES      | 1 of 1 ✔
[22/0479ca] REA…SSING:FASTQC (ERR11435640) | 3 of 23
[c4/32bf57] REA…CKSUM_VERIFY (ERR11435644) | 8 of 23
[4e/9b30bd] REA…:TRIM_GALORE (ERR11435661) | 2 of 23
[cb/ee050c] PAR…8.dna.primary_assembly.fa) | 0 of 1
[-        ] PAR…YSIS:PARABRICKS_FQ2BAMMETH -
[-        ] PAR…KS_ANALYSIS:SAMTOOLS_INDEX -
[-        ] PARABRICKS_ANALYSIS:QUALIMAP   -
[1e/f67e4a] PAR…8.dna.primary_assembly.fa) | 1 of 1 ✔
[-        ] PAR…LYSIS:METHYLDACKEL_EXTRACT -
[-        ] DIF…METHYLATION:EDGER_ANALYSIS -
[-        ] DIF…YLATION:METHYLKIT_ANALYSIS -
[-        ] DIF…L_METHYLATION:DSS_ANALYSIS -
[-        ] RES…SIS:ANNOTATE_RESULTS_EDGER -
[-        ] RES…YSIS:POST_PROCESSING_EDGER -
[-        ] RES…:ENRICHMENT_ANALYSIS_EDGER -
[-        ] RES…:POST_PROCESSING_METHYLKIT -
[-        ] RES…ICHMENT_ANALYSIS_METHYLKIT -
[-        ] RES…LYSIS:ANNOTATE_RESULTS_DSS -
[-        ] RES…ALYSIS:POST_PROCESSING_DSS -
Plus 11 more processes waiting for tasks…
WARN: Environment variable `R_LIBS_USER` evaluates to an empty value
WARN: Environment variable `R_LIBS_SITE` evaluates to an empty value
WARN: Environment variable `R_LIBS_USER` evaluates to an empty value
WARN: Environment variable `R_LIBS_SITE` evaluates to an empty value



executor >  local (24)
[e1/fb3c66] PRE_STAGE:PRE_STAGE_FILES      | 1 of 1 ✔
[61/21b842] REA…SSING:FASTQC (ERR11435643) | 4 of 23
[1d/a1473f] REA…CKSUM_VERIFY (ERR11435646) | 8 of 23
[4e/9b30bd] REA…:TRIM_GALORE (ERR11435661) | 2 of 23
[cb/ee050c] PAR…8.dna.primary_assembly.fa) | 0 of 1
[-        ] PAR…YSIS:PARABRICKS_FQ2BAMMETH -
[-        ] PAR…KS_ANALYSIS:SAMTOOLS_INDEX -
[-        ] PARABRICKS_ANALYSIS:QUALIMAP   -
[1e/f67e4a] PAR…8.dna.primary_assembly.fa) | 1 of 1 ✔
[-        ] PAR…LYSIS:METHYLDACKEL_EXTRACT -
[-        ] DIF…METHYLATION:EDGER_ANALYSIS -
[-        ] DIF…YLATION:METHYLKIT_ANALYSIS -
[-        ] DIF…L_METHYLATION:DSS_ANALYSIS -
[-        ] RES…SIS:ANNOTATE_RESULTS_EDGER -
[-        ] RES…YSIS:POST_PROCESSING_EDGER -
[-        ] RES…:ENRICHMENT_ANALYSIS_EDGER -
[-        ] RES…:POST_PROCESSING_METHYLKIT -
[-        ] RES…ICHMENT_ANALYSIS_METHYLKIT -
[-        ] RES…LYSIS:ANNOTATE_RESULTS_DSS -
[-        ] RES…ALYSIS:POST_PROCESSING_DSS -
Plus 11 more processes waiting for tasks…
WARN: Environment variable `R_LIBS_USER` evaluates to an empty value
WARN: Environment variable `R_LIBS_SITE` evaluates to an empty value





executor >  local (24)
[e1/fb3c66] PRE_STAGE:PRE_STAGE_FILES      | 1 of 1 ✔
[61/21b842] REA…SSING:FASTQC (ERR11435643) | 4 of 23
[1d/a1473f] REA…CKSUM_VERIFY (ERR11435646) | 8 of 23
[4e/9b30bd] REA…:TRIM_GALORE (ERR11435661) | 2 of 23
[cb/ee050c] PAR…8.dna.primary_assembly.fa) | 0 of 1
[-        ] PAR…YSIS:PARABRICKS_FQ2BAMMETH -
[-        ] PAR…KS_ANALYSIS:SAMTOOLS_INDEX -
[-        ] PARABRICKS_ANALYSIS:QUALIMAP   -
[1e/f67e4a] PAR…8.dna.primary_assembly.fa) | 1 of 1 ✔
[-        ] PAR…LYSIS:METHYLDACKEL_EXTRACT -
[-        ] DIF…METHYLATION:EDGER_ANALYSIS -
[-        ] DIF…YLATION:METHYLKIT_ANALYSIS -
[-        ] DIF…L_METHYLATION:DSS_ANALYSIS -
[-        ] RES…SIS:ANNOTATE_RESULTS_EDGER -
[-        ] RES…YSIS:POST_PROCESSING_EDGER -
[-        ] RES…:ENRICHMENT_ANALYSIS_EDGER -
[-        ] RES…:POST_PROCESSING_METHYLKIT -
[-        ] RES…ICHMENT_ANALYSIS_METHYLKIT -
[-        ] RES…LYSIS:ANNOTATE_RESULTS_DSS -
[-        ] RES…ALYSIS:POST_PROCESSING_DSS -
Plus 11 more processes waiting for tasks…
WARN: Environment variable `R_LIBS_USER` evaluates to an empty value
WARN: Environment variable `R_LIBS_SITE` evaluates to an empty value





executor >  local (25)
[e1/fb3c66] PRE_STAGE:PRE_STAGE_FILES      | 1 of 1 ✔
[36/1d7e96] REA…SSING:FASTQC (ERR11435659) | 4 of 23
[1d/a1473f] REA…CKSUM_VERIFY (ERR11435646) | 8 of 23
[4e/9b30bd] REA…:TRIM_GALORE (ERR11435661) | 2 of 23
[cb/ee050c] PAR…8.dna.primary_assembly.fa) | 0 of 1
[-        ] PAR…YSIS:PARABRICKS_FQ2BAMMETH -
[-        ] PAR…KS_ANALYSIS:SAMTOOLS_INDEX -
[-        ] PARABRICKS_ANALYSIS:QUALIMAP   -
[1e/f67e4a] PAR…8.dna.primary_assembly.fa) | 1 of 1 ✔
[-        ] PAR…LYSIS:METHYLDACKEL_EXTRACT -
[-        ] DIF…METHYLATION:EDGER_ANALYSIS -
[-        ] DIF…YLATION:METHYLKIT_ANALYSIS -
[-        ] DIF…L_METHYLATION:DSS_ANALYSIS -
[-        ] RES…SIS:ANNOTATE_RESULTS_EDGER -
[-        ] RES…YSIS:POST_PROCESSING_EDGER -
[-        ] RES…:ENRICHMENT_ANALYSIS_EDGER -
[-        ] RES…:POST_PROCESSING_METHYLKIT -
[-        ] RES…ICHMENT_ANALYSIS_METHYLKIT -
[-        ] RES…LYSIS:ANNOTATE_RESULTS_DSS -
[-        ] RES…ALYSIS:POST_PROCESSING_DSS -
Plus 11 more processes waiting for tasks…
WARN: Environment variable `R_LIBS_USER` evaluates to an empty value
WARN: Environment variable `R_LIBS_SITE` evaluates to an empty value
WARN: Environment variable `R_LIBS_USER` evaluates to an empty value
WARN: Environment variable `R_LIBS_SITE` evaluates to an empty value

executor >  local (25)
[e1/fb3c66] PRE_STAGE:PRE_STAGE_FILES      | 1 of 1 ✔
[67/e795a3] REA…SSING:FASTQC (ERR11435646) | 5 of 23
[1d/a1473f] REA…CKSUM_VERIFY (ERR11435646) | 8 of 23
[4e/9b30bd] REA…:TRIM_GALORE (ERR11435661) | 2 of 23
[cb/ee050c] PAR…8.dna.primary_assembly.fa) | 0 of 1
[-        ] PAR…YSIS:PARABRICKS_FQ2BAMMETH -
[-        ] PAR…KS_ANALYSIS:SAMTOOLS_INDEX -
[-        ] PARABRICKS_ANALYSIS:QUALIMAP   -
[1e/f67e4a] PAR…8.dna.primary_assembly.fa) | 1 of 1 ✔
[-        ] PAR…LYSIS:METHYLDACKEL_EXTRACT -
[-        ] DIF…METHYLATION:EDGER_ANALYSIS -
[-        ] DIF…YLATION:METHYLKIT_ANALYSIS -
[-        ] DIF…L_METHYLATION:DSS_ANALYSIS -
[-        ] RES…SIS:ANNOTATE_RESULTS_EDGER -
[-        ] RES…YSIS:POST_PROCESSING_EDGER -
[-        ] RES…:ENRICHMENT_ANALYSIS_EDGER -
[-        ] RES…:POST_PROCESSING_METHYLKIT -
[-        ] RES…ICHMENT_ANALYSIS_METHYLKIT -
[-        ] RES…LYSIS:ANNOTATE_RESULTS_DSS -
[-        ] RES…ALYSIS:POST_PROCESSING_DSS -
Plus 11 more processes waiting for tasks…
WARN: Environment variable `R_LIBS_USER` evaluates to an empty value
WARN: Environment variable `R_LIBS_SITE` evaluates to an empty value
WARN: Environment variable `R_LIBS_USER` evaluates to an empty value
WARN: Environment variable `R_LIBS_SITE` evaluates to an empty value

executor >  local (26)
[e1/fb3c66] PRE_STAGE:PRE_STAGE_FILES      | 1 of 1 ✔
[67/e795a3] REA…SSING:FASTQC (ERR11435646) | 5 of 23
[4a/89af27] REA…CKSUM_VERIFY (ERR11435640) | 8 of 23
[4e/9b30bd] REA…:TRIM_GALORE (ERR11435661) | 2 of 23
[cb/ee050c] PAR…8.dna.primary_assembly.fa) | 0 of 1
[-        ] PAR…YSIS:PARABRICKS_FQ2BAMMETH -
[-        ] PAR…KS_ANALYSIS:SAMTOOLS_INDEX -
[-        ] PARABRICKS_ANALYSIS:QUALIMAP   -
[1e/f67e4a] PAR…8.dna.primary_assembly.fa) | 1 of 1 ✔
[-        ] PAR…LYSIS:METHYLDACKEL_EXTRACT -
[-        ] DIF…METHYLATION:EDGER_ANALYSIS -
[-        ] DIF…YLATION:METHYLKIT_ANALYSIS -
[-        ] DIF…L_METHYLATION:DSS_ANALYSIS -
[-        ] RES…SIS:ANNOTATE_RESULTS_EDGER -
[-        ] RES…YSIS:POST_PROCESSING_EDGER -
[-        ] RES…:ENRICHMENT_ANALYSIS_EDGER -
[-        ] RES…:POST_PROCESSING_METHYLKIT -
[-        ] RES…ICHMENT_ANALYSIS_METHYLKIT -
[-        ] RES…LYSIS:ANNOTATE_RESULTS_DSS -
[-        ] RES…ALYSIS:POST_PROCESSING_DSS -
Plus 11 more processes waiting for tasks…
WARN: Environment variable `R_LIBS_USER` evaluates to an empty value
WARN: Environment variable `R_LIBS_SITE` evaluates to an empty value
WARN: Environment variable `R_LIBS_USER` evaluates to an empty value
WARN: Environment variable `R_LIBS_SITE` evaluates to an empty value
WARN: Environment variable `R_LIBS_USER` evaluates to an empty value
WARN: Environment variable `R_LIBS_SITE` evaluates to an empty value

executor >  local (26)
[e1/fb3c66] PRE_STAGE:PRE_STAGE_FILES      | 1 of 1 ✔
[67/e795a3] REA…SSING:FASTQC (ERR11435646) | 5 of 23
[4a/89af27] REA…CKSUM_VERIFY (ERR11435640) | 8 of 23
[29/58dbaf] REA…:TRIM_GALORE (ERR11435663) | 3 of 23
[cb/ee050c] PAR…8.dna.primary_assembly.fa) | 0 of 1
[-        ] PAR…YSIS:PARABRICKS_FQ2BAMMETH -
[-        ] PAR…KS_ANALYSIS:SAMTOOLS_INDEX -
[-        ] PARABRICKS_ANALYSIS:QUALIMAP   -
[1e/f67e4a] PAR…8.dna.primary_assembly.fa) | 1 of 1 ✔
[-        ] PAR…LYSIS:METHYLDACKEL_EXTRACT -
[-        ] DIF…METHYLATION:EDGER_ANALYSIS -
[-        ] DIF…YLATION:METHYLKIT_ANALYSIS -
[-        ] DIF…L_METHYLATION:DSS_ANALYSIS -
[-        ] RES…SIS:ANNOTATE_RESULTS_EDGER -
[-        ] RES…YSIS:POST_PROCESSING_EDGER -
[-        ] RES…:ENRICHMENT_ANALYSIS_EDGER -
[-        ] RES…:POST_PROCESSING_METHYLKIT -
[-        ] RES…ICHMENT_ANALYSIS_METHYLKIT -
[-        ] RES…LYSIS:ANNOTATE_RESULTS_DSS -
[-        ] RES…ALYSIS:POST_PROCESSING_DSS -
Plus 11 more processes waiting for tasks…
WARN: Environment variable `R_LIBS_USER` evaluates to an empty value
WARN: Environment variable `R_LIBS_SITE` evaluates to an empty value
WARN: Environment variable `R_LIBS_USER` evaluates to an empty value
WARN: Environment variable `R_LIBS_SITE` evaluates to an empty value
WARN: Environment variable `R_LIBS_USER` evaluates to an empty value
WARN: Environment variable `R_LIBS_SITE` evaluates to an empty value

executor >  local (27)
[e1/fb3c66] PRE_STAGE:PRE_STAGE_FILES      | 1 of 1 ✔
[a2/4713d3] REA…SSING:FASTQC (ERR11435645) | 6 of 23
[4a/89af27] REA…CKSUM_VERIFY (ERR11435640) | 8 of 23
[29/58dbaf] REA…:TRIM_GALORE (ERR11435663) | 3 of 23
[cb/ee050c] PAR…8.dna.primary_assembly.fa) | 0 of 1
[-        ] PAR…YSIS:PARABRICKS_FQ2BAMMETH -
[-        ] PAR…KS_ANALYSIS:SAMTOOLS_INDEX -
[-        ] PARABRICKS_ANALYSIS:QUALIMAP   -
[1e/f67e4a] PAR…8.dna.primary_assembly.fa) | 1 of 1 ✔
[-        ] PAR…LYSIS:METHYLDACKEL_EXTRACT -
[-        ] DIF…METHYLATION:EDGER_ANALYSIS -
[-        ] DIF…YLATION:METHYLKIT_ANALYSIS -
[-        ] DIF…L_METHYLATION:DSS_ANALYSIS -
[-        ] RES…SIS:ANNOTATE_RESULTS_EDGER -
[-        ] RES…YSIS:POST_PROCESSING_EDGER -
[-        ] RES…:ENRICHMENT_ANALYSIS_EDGER -
[-        ] RES…:POST_PROCESSING_METHYLKIT -
[-        ] RES…ICHMENT_ANALYSIS_METHYLKIT -
[-        ] RES…LYSIS:ANNOTATE_RESULTS_DSS -
[-        ] RES…ALYSIS:POST_PROCESSING_DSS -
Plus 11 more processes waiting for tasks…
WARN: Environment variable `R_LIBS_USER` evaluates to an empty value
WARN: Environment variable `R_LIBS_SITE` evaluates to an empty value
WARN: Environment variable `R_LIBS_USER` evaluates to an empty value
WARN: Environment variable `R_LIBS_SITE` evaluates to an empty value
WARN: Environment variable `R_LIBS_USER` evaluates to an empty value
WARN: Environment variable `R_LIBS_SITE` evaluates to an empty value
WARN: Environment variable `R_LIBS_USER` evaluates to an empty value
WARN: Environment variable `R_LIBS_SITE` evaluates to an empty value

executor >  local (27)
[e1/fb3c66] PRE_STAGE:PRE_STAGE_FILES      | 1 of 1 ✔
[a2/4713d3] REA…SSING:FASTQC (ERR11435645) | 6 of 23
[4a/89af27] REA…CKSUM_VERIFY (ERR11435640) | 8 of 23
[29/58dbaf] REA…:TRIM_GALORE (ERR11435663) | 3 of 23
[cb/ee050c] PAR…8.dna.primary_assembly.fa) | 0 of 1
[-        ] PAR…YSIS:PARABRICKS_FQ2BAMMETH -
[-        ] PAR…KS_ANALYSIS:SAMTOOLS_INDEX -
[-        ] PARABRICKS_ANALYSIS:QUALIMAP   -
[1e/f67e4a] PAR…8.dna.primary_assembly.fa) | 1 of 1 ✔
[-        ] PAR…LYSIS:METHYLDACKEL_EXTRACT -
[-        ] DIF…METHYLATION:EDGER_ANALYSIS -
[-        ] DIF…YLATION:METHYLKIT_ANALYSIS -
[-        ] DIF…L_METHYLATION:DSS_ANALYSIS -
[-        ] RES…SIS:ANNOTATE_RESULTS_EDGER -
[-        ] RES…YSIS:POST_PROCESSING_EDGER -
[-        ] RES…:ENRICHMENT_ANALYSIS_EDGER -
[-        ] RES…:POST_PROCESSING_METHYLKIT -
[-        ] RES…ICHMENT_ANALYSIS_METHYLKIT -
[-        ] RES…LYSIS:ANNOTATE_RESULTS_DSS -
[-        ] RES…ALYSIS:POST_PROCESSING_DSS -
Plus 11 more processes waiting for tasks…
WARN: Environment variable `R_LIBS_USER` evaluates to an empty value
WARN: Environment variable `R_LIBS_SITE` evaluates to an empty value
WARN: Environment variable `R_LIBS_USER` evaluates to an empty value
WARN: Environment variable `R_LIBS_SITE` evaluates to an empty value
WARN: Environment variable `R_LIBS_USER` evaluates to an empty value
WARN: Environment variable `R_LIBS_SITE` evaluates to an empty value
WARN: Environment variable `R_LIBS_USER` evaluates to an empty value
WARN: Environment variable `R_LIBS_SITE` evaluates to an empty value

executor >  local (28)
[e1/fb3c66] PRE_STAGE:PRE_STAGE_FILES      | 1 of 1 ✔
[a2/4713d3] REA…SSING:FASTQC (ERR11435645) | 6 of 23
[1d/a1473f] REA…CKSUM_VERIFY (ERR11435646) | 9 of 23
[f6/514669] REA…:TRIM_GALORE (ERR11435656) | 3 of 23
[cb/ee050c] PAR…8.dna.primary_assembly.fa) | 0 of 1
[-        ] PAR…YSIS:PARABRICKS_FQ2BAMMETH -
[-        ] PAR…KS_ANALYSIS:SAMTOOLS_INDEX -
[-        ] PARABRICKS_ANALYSIS:QUALIMAP   -
[1e/f67e4a] PAR…8.dna.primary_assembly.fa) | 1 of 1 ✔
[-        ] PAR…LYSIS:METHYLDACKEL_EXTRACT -
[-        ] DIF…METHYLATION:EDGER_ANALYSIS -
[-        ] DIF…YLATION:METHYLKIT_ANALYSIS -
[-        ] DIF…L_METHYLATION:DSS_ANALYSIS -
[-        ] RES…SIS:ANNOTATE_RESULTS_EDGER -
[-        ] RES…YSIS:POST_PROCESSING_EDGER -
[-        ] RES…:ENRICHMENT_ANALYSIS_EDGER -
[-        ] RES…:POST_PROCESSING_METHYLKIT -
[-        ] RES…ICHMENT_ANALYSIS_METHYLKIT -
[-        ] RES…LYSIS:ANNOTATE_RESULTS_DSS -
[-        ] RES…ALYSIS:POST_PROCESSING_DSS -
Plus 11 more processes waiting for tasks…
WARN: Environment variable `R_LIBS_USER` evaluates to an empty value
WARN: Environment variable `R_LIBS_SITE` evaluates to an empty value
WARN: Environment variable `R_LIBS_USER` evaluates to an empty value
WARN: Environment variable `R_LIBS_SITE` evaluates to an empty value
WARN: Environment variable `R_LIBS_USER` evaluates to an empty value
WARN: Environment variable `R_LIBS_SITE` evaluates to an empty value





executor >  local (28)
[e1/fb3c66] PRE_STAGE:PRE_STAGE_FILES      | 1 of 1 ✔
[a2/4713d3] REA…SSING:FASTQC (ERR11435645) | 6 of 23
[1d/a1473f] REA…CKSUM_VERIFY (ERR11435646) | 9 of 23
[f6/514669] REA…:TRIM_GALORE (ERR11435656) | 3 of 23
[cb/ee050c] PAR…8.dna.primary_assembly.fa) | 0 of 1
[-        ] PAR…YSIS:PARABRICKS_FQ2BAMMETH -
[-        ] PAR…KS_ANALYSIS:SAMTOOLS_INDEX -
[-        ] PARABRICKS_ANALYSIS:QUALIMAP   -
[1e/f67e4a] PAR…8.dna.primary_assembly.fa) | 1 of 1 ✔
[-        ] PAR…LYSIS:METHYLDACKEL_EXTRACT -
[-        ] DIF…METHYLATION:EDGER_ANALYSIS -
[-        ] DIF…YLATION:METHYLKIT_ANALYSIS -
[-        ] DIF…L_METHYLATION:DSS_ANALYSIS -
[-        ] RES…SIS:ANNOTATE_RESULTS_EDGER -
[-        ] RES…YSIS:POST_PROCESSING_EDGER -
[-        ] RES…:ENRICHMENT_ANALYSIS_EDGER -
[-        ] RES…:POST_PROCESSING_METHYLKIT -
[-        ] RES…ICHMENT_ANALYSIS_METHYLKIT -
[-        ] RES…LYSIS:ANNOTATE_RESULTS_DSS -
[-        ] RES…ALYSIS:POST_PROCESSING_DSS -
Plus 11 more processes waiting for tasks…
WARN: Environment variable `R_LIBS_USER` evaluates to an empty value
WARN: Environment variable `R_LIBS_SITE` evaluates to an empty value
WARN: Environment variable `R_LIBS_USER` evaluates to an empty value
WARN: Environment variable `R_LIBS_SITE` evaluates to an empty value
WARN: Environment variable `R_LIBS_USER` evaluates to an empty value
WARN: Environment variable `R_LIBS_SITE` evaluates to an empty value





executor >  local (29)
[e1/fb3c66] PRE_STAGE:PRE_STAGE_FILES      | 1 of 1 ✔
[a2/4713d3] REA…SSING:FASTQC (ERR11435645) | 6 of 23
[4a/89af27] REA…CKSUM_VERIFY (ERR11435640) | 10 of 23
[ba/c010d6] REA…:TRIM_GALORE (ERR11435654) | 3 of 23
[cb/ee050c] PAR…8.dna.primary_assembly.fa) | 0 of 1
[-        ] PAR…YSIS:PARABRICKS_FQ2BAMMETH -
[-        ] PAR…KS_ANALYSIS:SAMTOOLS_INDEX -
[-        ] PARABRICKS_ANALYSIS:QUALIMAP   -
[1e/f67e4a] PAR…8.dna.primary_assembly.fa) | 1 of 1 ✔
[-        ] PAR…LYSIS:METHYLDACKEL_EXTRACT -
[-        ] DIF…METHYLATION:EDGER_ANALYSIS -
[-        ] DIF…YLATION:METHYLKIT_ANALYSIS -
[-        ] DIF…L_METHYLATION:DSS_ANALYSIS -
[-        ] RES…SIS:ANNOTATE_RESULTS_EDGER -
[-        ] RES…YSIS:POST_PROCESSING_EDGER -
[-        ] RES…:ENRICHMENT_ANALYSIS_EDGER -
[-        ] RES…:POST_PROCESSING_METHYLKIT -
[-        ] RES…ICHMENT_ANALYSIS_METHYLKIT -
[-        ] RES…LYSIS:ANNOTATE_RESULTS_DSS -
[-        ] RES…ALYSIS:POST_PROCESSING_DSS -
Plus 11 more processes waiting for tasks…
WARN: Environment variable `R_LIBS_USER` evaluates to an empty value
WARN: Environment variable `R_LIBS_SITE` evaluates to an empty value
WARN: Environment variable `R_LIBS_USER` evaluates to an empty value
WARN: Environment variable `R_LIBS_SITE` evaluates to an empty value
WARN: Environment variable `R_LIBS_USER` evaluates to an empty value
WARN: Environment variable `R_LIBS_SITE` evaluates to an empty value
WARN: Environment variable `R_LIBS_USER` evaluates to an empty value
WARN: Environment variable `R_LIBS_SITE` evaluates to an empty value

executor >  local (30)
[e1/fb3c66] PRE_STAGE:PRE_STAGE_FILES      | 1 of 1 ✔
[a2/4713d3] REA…SSING:FASTQC (ERR11435645) | 6 of 23
[4a/89af27] REA…CKSUM_VERIFY (ERR11435640) | 10 of 23
[63/0a3624] REA…:TRIM_GALORE (ERR11435649) | 4 of 23
[cb/ee050c] PAR…8.dna.primary_assembly.fa) | 0 of 1
[-        ] PAR…YSIS:PARABRICKS_FQ2BAMMETH -
[-        ] PAR…KS_ANALYSIS:SAMTOOLS_INDEX -
[-        ] PARABRICKS_ANALYSIS:QUALIMAP   -
[1e/f67e4a] PAR…8.dna.primary_assembly.fa) | 1 of 1 ✔
[-        ] PAR…LYSIS:METHYLDACKEL_EXTRACT -
[-        ] DIF…METHYLATION:EDGER_ANALYSIS -
[-        ] DIF…YLATION:METHYLKIT_ANALYSIS -
[-        ] DIF…L_METHYLATION:DSS_ANALYSIS -
[-        ] RES…SIS:ANNOTATE_RESULTS_EDGER -
[-        ] RES…YSIS:POST_PROCESSING_EDGER -
[-        ] RES…:ENRICHMENT_ANALYSIS_EDGER -
[-        ] RES…:POST_PROCESSING_METHYLKIT -
[-        ] RES…ICHMENT_ANALYSIS_METHYLKIT -
[-        ] RES…LYSIS:ANNOTATE_RESULTS_DSS -
[-        ] RES…ALYSIS:POST_PROCESSING_DSS -
Plus 11 more processes waiting for tasks…
WARN: Environment variable `R_LIBS_USER` evaluates to an empty value
WARN: Environment variable `R_LIBS_SITE` evaluates to an empty value









executor >  local (31)
[e1/fb3c66] PRE_STAGE:PRE_STAGE_FILES      | 1 of 1 ✔
[22/0479ca] REA…SSING:FASTQC (ERR11435640) | 7 of 23
[41/b74b03] REA…CKSUM_VERIFY (ERR11435643) | 10 of 23
[63/0a3624] REA…:TRIM_GALORE (ERR11435649) | 4 of 23
[cb/ee050c] PAR…8.dna.primary_assembly.fa) | 0 of 1
[-        ] PAR…YSIS:PARABRICKS_FQ2BAMMETH -
[-        ] PAR…KS_ANALYSIS:SAMTOOLS_INDEX -
[-        ] PARABRICKS_ANALYSIS:QUALIMAP   -
[1e/f67e4a] PAR…8.dna.primary_assembly.fa) | 1 of 1 ✔
[-        ] PAR…LYSIS:METHYLDACKEL_EXTRACT -
[-        ] DIF…METHYLATION:EDGER_ANALYSIS -
[-        ] DIF…YLATION:METHYLKIT_ANALYSIS -
[-        ] DIF…L_METHYLATION:DSS_ANALYSIS -
[-        ] RES…SIS:ANNOTATE_RESULTS_EDGER -
[-        ] RES…YSIS:POST_PROCESSING_EDGER -
[-        ] RES…:ENRICHMENT_ANALYSIS_EDGER -
[-        ] RES…:POST_PROCESSING_METHYLKIT -
[-        ] RES…ICHMENT_ANALYSIS_METHYLKIT -
[-        ] RES…LYSIS:ANNOTATE_RESULTS_DSS -
[-        ] RES…ALYSIS:POST_PROCESSING_DSS -
Plus 11 more processes waiting for tasks…
WARN: Environment variable `R_LIBS_USER` evaluates to an empty value
WARN: Environment variable `R_LIBS_SITE` evaluates to an empty value









executor >  local (31)
[e1/fb3c66] PRE_STAGE:PRE_STAGE_FILES      | 1 of 1 ✔
[22/0479ca] REA…SSING:FASTQC (ERR11435640) | 7 of 23
[41/b74b03] REA…CKSUM_VERIFY (ERR11435643) | 10 of 23
[63/0a3624] REA…:TRIM_GALORE (ERR11435649) | 4 of 23
[cb/ee050c] PAR…8.dna.primary_assembly.fa) | 0 of 1
[-        ] PAR…YSIS:PARABRICKS_FQ2BAMMETH -
[-        ] PAR…KS_ANALYSIS:SAMTOOLS_INDEX -
[-        ] PARABRICKS_ANALYSIS:QUALIMAP   -
[1e/f67e4a] PAR…8.dna.primary_assembly.fa) | 1 of 1 ✔
[-        ] PAR…LYSIS:METHYLDACKEL_EXTRACT -
[-        ] DIF…METHYLATION:EDGER_ANALYSIS -
[-        ] DIF…YLATION:METHYLKIT_ANALYSIS -
[-        ] DIF…L_METHYLATION:DSS_ANALYSIS -
[-        ] RES…SIS:ANNOTATE_RESULTS_EDGER -
[-        ] RES…YSIS:POST_PROCESSING_EDGER -
[-        ] RES…:ENRICHMENT_ANALYSIS_EDGER -
[-        ] RES…:POST_PROCESSING_METHYLKIT -
[-        ] RES…ICHMENT_ANALYSIS_METHYLKIT -
[-        ] RES…LYSIS:ANNOTATE_RESULTS_DSS -
[-        ] RES…ALYSIS:POST_PROCESSING_DSS -
Plus 11 more processes waiting for tasks…
WARN: Environment variable `R_LIBS_USER` evaluates to an empty value
WARN: Environment variable `R_LIBS_SITE` evaluates to an empty value



executor >  local (32)
[e1/fb3c66] PRE_STAGE:PRE_STAGE_FILES      | 1 of 1 ✔
[d6/efd69d] REA…SSING:FASTQC (ERR11435654) | 8 of 23
[41/b74b03] REA…CKSUM_VERIFY (ERR11435643) | 10 of 23
[63/0a3624] REA…:TRIM_GALORE (ERR11435649) | 4 of 23
[cb/ee050c] PAR…8.dna.primary_assembly.fa) | 0 of 1
[-        ] PAR…YSIS:PARABRICKS_FQ2BAMMETH -
[-        ] PAR…KS_ANALYSIS:SAMTOOLS_INDEX -
[-        ] PARABRICKS_ANALYSIS:QUALIMAP   -
[1e/f67e4a] PAR…8.dna.primary_assembly.fa) | 1 of 1 ✔
[-        ] PAR…LYSIS:METHYLDACKEL_EXTRACT -
[-        ] DIF…METHYLATION:EDGER_ANALYSIS -
[-        ] DIF…YLATION:METHYLKIT_ANALYSIS -
[-        ] DIF…L_METHYLATION:DSS_ANALYSIS -
[-        ] RES…SIS:ANNOTATE_RESULTS_EDGER -
[-        ] RES…YSIS:POST_PROCESSING_EDGER -
[-        ] RES…:ENRICHMENT_ANALYSIS_EDGER -
[-        ] RES…:POST_PROCESSING_METHYLKIT -
[-        ] RES…ICHMENT_ANALYSIS_METHYLKIT -
[-        ] RES…LYSIS:ANNOTATE_RESULTS_DSS -
[-        ] RES…ALYSIS:POST_PROCESSING_DSS -
Plus 11 more processes waiting for tasks…
WARN: Environment variable `R_LIBS_USER` evaluates to an empty value
WARN: Environment variable `R_LIBS_SITE` evaluates to an empty value
WARN: Environment variable `R_LIBS_USER` evaluates to an empty value
WARN: Environment variable `R_LIBS_SITE` evaluates to an empty value

executor >  local (32)
[e1/fb3c66] PRE_STAGE:PRE_STAGE_FILES      | 1 of 1 ✔
[d6/efd69d] REA…SSING:FASTQC (ERR11435654) | 8 of 23
[41/b74b03] REA…CKSUM_VERIFY (ERR11435643) | 10 of 23
[63/0a3624] REA…:TRIM_GALORE (ERR11435649) | 4 of 23
[cb/ee050c] PAR…8.dna.primary_assembly.fa) | 0 of 1
[-        ] PAR…YSIS:PARABRICKS_FQ2BAMMETH -
[-        ] PAR…KS_ANALYSIS:SAMTOOLS_INDEX -
[-        ] PARABRICKS_ANALYSIS:QUALIMAP   -
[1e/f67e4a] PAR…8.dna.primary_assembly.fa) | 1 of 1 ✔
[-        ] PAR…LYSIS:METHYLDACKEL_EXTRACT -
[-        ] DIF…METHYLATION:EDGER_ANALYSIS -
[-        ] DIF…YLATION:METHYLKIT_ANALYSIS -
[-        ] DIF…L_METHYLATION:DSS_ANALYSIS -
[-        ] RES…SIS:ANNOTATE_RESULTS_EDGER -
[-        ] RES…YSIS:POST_PROCESSING_EDGER -
[-        ] RES…:ENRICHMENT_ANALYSIS_EDGER -
[-        ] RES…:POST_PROCESSING_METHYLKIT -
[-        ] RES…ICHMENT_ANALYSIS_METHYLKIT -
[-        ] RES…LYSIS:ANNOTATE_RESULTS_DSS -
[-        ] RES…ALYSIS:POST_PROCESSING_DSS -
Plus 11 more processes waiting for tasks…
WARN: Environment variable `R_LIBS_USER` evaluates to an empty value
WARN: Environment variable `R_LIBS_SITE` evaluates to an empty value
WARN: Environment variable `R_LIBS_USER` evaluates to an empty value
WARN: Environment variable `R_LIBS_SITE` evaluates to an empty value

executor >  local (33)
[e1/fb3c66] PRE_STAGE:PRE_STAGE_FILES      | 1 of 1 ✔
[d6/efd69d] REA…SSING:FASTQC (ERR11435654) | 8 of 23
[41/b74b03] REA…CKSUM_VERIFY (ERR11435643) | 10 of 23
[06/a171c9] REA…:TRIM_GALORE (ERR11435644) | 5 of 23
[cb/ee050c] PAR…8.dna.primary_assembly.fa) | 0 of 1
[-        ] PAR…YSIS:PARABRICKS_FQ2BAMMETH -
[-        ] PAR…KS_ANALYSIS:SAMTOOLS_INDEX -
[-        ] PARABRICKS_ANALYSIS:QUALIMAP   -
[1e/f67e4a] PAR…8.dna.primary_assembly.fa) | 1 of 1 ✔
[-        ] PAR…LYSIS:METHYLDACKEL_EXTRACT -
[-        ] DIF…METHYLATION:EDGER_ANALYSIS -
[-        ] DIF…YLATION:METHYLKIT_ANALYSIS -
[-        ] DIF…L_METHYLATION:DSS_ANALYSIS -
[-        ] RES…SIS:ANNOTATE_RESULTS_EDGER -
[-        ] RES…YSIS:POST_PROCESSING_EDGER -
[-        ] RES…:ENRICHMENT_ANALYSIS_EDGER -
[-        ] RES…:POST_PROCESSING_METHYLKIT -
[-        ] RES…ICHMENT_ANALYSIS_METHYLKIT -
[-        ] RES…LYSIS:ANNOTATE_RESULTS_DSS -
[-        ] RES…ALYSIS:POST_PROCESSING_DSS -
Plus 11 more processes waiting for tasks…
WARN: Environment variable `R_LIBS_USER` evaluates to an empty value
WARN: Environment variable `R_LIBS_SITE` evaluates to an empty value
WARN: Environment variable `R_LIBS_USER` evaluates to an empty value
WARN: Environment variable `R_LIBS_SITE` evaluates to an empty value



executor >  local (33)
[e1/fb3c66] PRE_STAGE:PRE_STAGE_FILES      | 1 of 1 ✔
[d6/efd69d] REA…SSING:FASTQC (ERR11435654) | 8 of 23
[41/b74b03] REA…CKSUM_VERIFY (ERR11435643) | 10 of 23
[06/a171c9] REA…:TRIM_GALORE (ERR11435644) | 5 of 23
[cb/ee050c] PAR…8.dna.primary_assembly.fa) | 0 of 1
[-        ] PAR…YSIS:PARABRICKS_FQ2BAMMETH -
[-        ] PAR…KS_ANALYSIS:SAMTOOLS_INDEX -
[-        ] PARABRICKS_ANALYSIS:QUALIMAP   -
[1e/f67e4a] PAR…8.dna.primary_assembly.fa) | 1 of 1 ✔
[-        ] PAR…LYSIS:METHYLDACKEL_EXTRACT -
[-        ] DIF…METHYLATION:EDGER_ANALYSIS -
[-        ] DIF…YLATION:METHYLKIT_ANALYSIS -
[-        ] DIF…L_METHYLATION:DSS_ANALYSIS -
[-        ] RES…SIS:ANNOTATE_RESULTS_EDGER -
[-        ] RES…YSIS:POST_PROCESSING_EDGER -
[-        ] RES…:ENRICHMENT_ANALYSIS_EDGER -
[-        ] RES…:POST_PROCESSING_METHYLKIT -
[-        ] RES…ICHMENT_ANALYSIS_METHYLKIT -
[-        ] RES…LYSIS:ANNOTATE_RESULTS_DSS -
[-        ] RES…ALYSIS:POST_PROCESSING_DSS -
Plus 11 more processes waiting for tasks…
WARN: Environment variable `R_LIBS_USER` evaluates to an empty value
WARN: Environment variable `R_LIBS_SITE` evaluates to an empty value
WARN: Environment variable `R_LIBS_USER` evaluates to an empty value
WARN: Environment variable `R_LIBS_SITE` evaluates to an empty value



executor >  local (34)
[e1/fb3c66] PRE_STAGE:PRE_STAGE_FILES      | 1 of 1 ✔
[d6/efd69d] REA…SSING:FASTQC (ERR11435654) | 8 of 23
[41/b74b03] REA…CKSUM_VERIFY (ERR11435643) | 11 of 23
[59/ce5f12] REA…:TRIM_GALORE (ERR11435643) | 5 of 23
[cb/ee050c] PAR…8.dna.primary_assembly.fa) | 0 of 1
[-        ] PAR…YSIS:PARABRICKS_FQ2BAMMETH -
[-        ] PAR…KS_ANALYSIS:SAMTOOLS_INDEX -
[-        ] PARABRICKS_ANALYSIS:QUALIMAP   -
[1e/f67e4a] PAR…8.dna.primary_assembly.fa) | 1 of 1 ✔
[-        ] PAR…LYSIS:METHYLDACKEL_EXTRACT -
[-        ] DIF…METHYLATION:EDGER_ANALYSIS -
[-        ] DIF…YLATION:METHYLKIT_ANALYSIS -
[-        ] DIF…L_METHYLATION:DSS_ANALYSIS -
[-        ] RES…SIS:ANNOTATE_RESULTS_EDGER -
[-        ] RES…YSIS:POST_PROCESSING_EDGER -
[-        ] RES…:ENRICHMENT_ANALYSIS_EDGER -
[-        ] RES…:POST_PROCESSING_METHYLKIT -
[-        ] RES…ICHMENT_ANALYSIS_METHYLKIT -
[-        ] RES…LYSIS:ANNOTATE_RESULTS_DSS -
[-        ] RES…ALYSIS:POST_PROCESSING_DSS -
Plus 11 more processes waiting for tasks…
WARN: Environment variable `R_LIBS_USER` evaluates to an empty value
WARN: Environment variable `R_LIBS_SITE` evaluates to an empty value
WARN: Environment variable `R_LIBS_USER` evaluates to an empty value
WARN: Environment variable `R_LIBS_SITE` evaluates to an empty value
WARN: Environment variable `R_LIBS_USER` evaluates to an empty value
WARN: Environment variable `R_LIBS_SITE` evaluates to an empty value

executor >  local (35)
[e1/fb3c66] PRE_STAGE:PRE_STAGE_FILES      | 1 of 1 ✔
[d6/efd69d] REA…SSING:FASTQC (ERR11435654) | 8 of 23
[41/b74b03] REA…CKSUM_VERIFY (ERR11435643) | 11 of 23
[f6/514669] REA…:TRIM_GALORE (ERR11435656) | 6 of 23
[cb/ee050c] PAR…8.dna.primary_assembly.fa) | 0 of 1
[-        ] PAR…YSIS:PARABRICKS_FQ2BAMMETH -
[-        ] PAR…KS_ANALYSIS:SAMTOOLS_INDEX -
[-        ] PARABRICKS_ANALYSIS:QUALIMAP   -
[1e/f67e4a] PAR…8.dna.primary_assembly.fa) | 1 of 1 ✔
[-        ] PAR…LYSIS:METHYLDACKEL_EXTRACT -
[-        ] DIF…METHYLATION:EDGER_ANALYSIS -
[-        ] DIF…YLATION:METHYLKIT_ANALYSIS -
[-        ] DIF…L_METHYLATION:DSS_ANALYSIS -
[-        ] RES…SIS:ANNOTATE_RESULTS_EDGER -
[-        ] RES…YSIS:POST_PROCESSING_EDGER -
[-        ] RES…:ENRICHMENT_ANALYSIS_EDGER -
[-        ] RES…:POST_PROCESSING_METHYLKIT -
[-        ] RES…ICHMENT_ANALYSIS_METHYLKIT -
[-        ] RES…LYSIS:ANNOTATE_RESULTS_DSS -
[-        ] RES…ALYSIS:POST_PROCESSING_DSS -
Plus 11 more processes waiting for tasks…
WARN: Environment variable `R_LIBS_USER` evaluates to an empty value
WARN: Environment variable `R_LIBS_SITE` evaluates to an empty value







executor >  local (35)
[e1/fb3c66] PRE_STAGE:PRE_STAGE_FILES      | 1 of 1 ✔
[d6/efd69d] REA…SSING:FASTQC (ERR11435654) | 8 of 23
[41/b74b03] REA…CKSUM_VERIFY (ERR11435643) | 11 of 23
[f6/514669] REA…:TRIM_GALORE (ERR11435656) | 6 of 23
[cb/ee050c] PAR…8.dna.primary_assembly.fa) | 0 of 1
[-        ] PAR…YSIS:PARABRICKS_FQ2BAMMETH -
[-        ] PAR…KS_ANALYSIS:SAMTOOLS_INDEX -
[-        ] PARABRICKS_ANALYSIS:QUALIMAP   -
[1e/f67e4a] PAR…8.dna.primary_assembly.fa) | 1 of 1 ✔
[-        ] PAR…LYSIS:METHYLDACKEL_EXTRACT -
[-        ] DIF…METHYLATION:EDGER_ANALYSIS -
[-        ] DIF…YLATION:METHYLKIT_ANALYSIS -
[-        ] DIF…L_METHYLATION:DSS_ANALYSIS -
[-        ] RES…SIS:ANNOTATE_RESULTS_EDGER -
[-        ] RES…YSIS:POST_PROCESSING_EDGER -
[-        ] RES…:ENRICHMENT_ANALYSIS_EDGER -
[-        ] RES…:POST_PROCESSING_METHYLKIT -
[-        ] RES…ICHMENT_ANALYSIS_METHYLKIT -
[-        ] RES…LYSIS:ANNOTATE_RESULTS_DSS -
[-        ] RES…ALYSIS:POST_PROCESSING_DSS -
Plus 11 more processes waiting for tasks…
WARN: Environment variable `R_LIBS_USER` evaluates to an empty value
WARN: Environment variable `R_LIBS_SITE` evaluates to an empty value







executor >  local (36)
[e1/fb3c66] PRE_STAGE:PRE_STAGE_FILES      | 1 of 1 ✔
[23/4913f8] REA…SSING:FASTQC (ERR11435649) | 8 of 23
[41/b74b03] REA…CKSUM_VERIFY (ERR11435643) | 11 of 23
[ba/c010d6] REA…:TRIM_GALORE (ERR11435654) | 7 of 23
[cb/ee050c] PAR…8.dna.primary_assembly.fa) | 0 of 1
[-        ] PAR…YSIS:PARABRICKS_FQ2BAMMETH -
[-        ] PAR…KS_ANALYSIS:SAMTOOLS_INDEX -
[-        ] PARABRICKS_ANALYSIS:QUALIMAP   -
[1e/f67e4a] PAR…8.dna.primary_assembly.fa) | 1 of 1 ✔
[-        ] PAR…LYSIS:METHYLDACKEL_EXTRACT -
[-        ] DIF…METHYLATION:EDGER_ANALYSIS -
[-        ] DIF…YLATION:METHYLKIT_ANALYSIS -
[-        ] DIF…L_METHYLATION:DSS_ANALYSIS -
[-        ] RES…SIS:ANNOTATE_RESULTS_EDGER -
[-        ] RES…YSIS:POST_PROCESSING_EDGER -
[-        ] RES…:ENRICHMENT_ANALYSIS_EDGER -
[-        ] RES…:POST_PROCESSING_METHYLKIT -
[-        ] RES…ICHMENT_ANALYSIS_METHYLKIT -
[-        ] RES…LYSIS:ANNOTATE_RESULTS_DSS -
[-        ] RES…ALYSIS:POST_PROCESSING_DSS -
Plus 11 more processes waiting for tasks…
WARN: Environment variable `R_LIBS_USER` evaluates to an empty value
WARN: Environment variable `R_LIBS_SITE` evaluates to an empty value



executor >  local (36)
[e1/fb3c66] PRE_STAGE:PRE_STAGE_FILES      | 1 of 1 ✔
[23/4913f8] REA…SSING:FASTQC (ERR11435649) | 8 of 23
[41/b74b03] REA…CKSUM_VERIFY (ERR11435643) | 11 of 23
[ba/c010d6] REA…:TRIM_GALORE (ERR11435654) | 7 of 23
[cb/ee050c] PAR…8.dna.primary_assembly.fa) | 0 of 1
[-        ] PAR…YSIS:PARABRICKS_FQ2BAMMETH -
[-        ] PAR…KS_ANALYSIS:SAMTOOLS_INDEX -
[-        ] PARABRICKS_ANALYSIS:QUALIMAP   -
[1e/f67e4a] PAR…8.dna.primary_assembly.fa) | 1 of 1 ✔
[-        ] PAR…LYSIS:METHYLDACKEL_EXTRACT -
[-        ] DIF…METHYLATION:EDGER_ANALYSIS -
[-        ] DIF…YLATION:METHYLKIT_ANALYSIS -
[-        ] DIF…L_METHYLATION:DSS_ANALYSIS -
[-        ] RES…SIS:ANNOTATE_RESULTS_EDGER -
[-        ] RES…YSIS:POST_PROCESSING_EDGER -
[-        ] RES…:ENRICHMENT_ANALYSIS_EDGER -
[-        ] RES…:POST_PROCESSING_METHYLKIT -
[-        ] RES…ICHMENT_ANALYSIS_METHYLKIT -
[-        ] RES…LYSIS:ANNOTATE_RESULTS_DSS -
[-        ] RES…ALYSIS:POST_PROCESSING_DSS -
Plus 11 more processes waiting for tasks…
WARN: Environment variable `R_LIBS_USER` evaluates to an empty value
WARN: Environment variable `R_LIBS_SITE` evaluates to an empty value



executor >  local (37)
[e1/fb3c66] PRE_STAGE:PRE_STAGE_FILES      | 1 of 1 ✔
[9a/3df24b] REA…SSING:FASTQC (ERR11435653) | 8 of 23
[41/b74b03] REA…CKSUM_VERIFY (ERR11435643) | 11 of 23
[f7/23565e] REA…:TRIM_GALORE (ERR11435650) | 8 of 23
[cb/ee050c] PAR…8.dna.primary_assembly.fa) | 0 of 1
[-        ] PAR…YSIS:PARABRICKS_FQ2BAMMETH -
[-        ] PAR…KS_ANALYSIS:SAMTOOLS_INDEX -
[-        ] PARABRICKS_ANALYSIS:QUALIMAP   -
[1e/f67e4a] PAR…8.dna.primary_assembly.fa) | 1 of 1 ✔
[-        ] PAR…LYSIS:METHYLDACKEL_EXTRACT -
[-        ] DIF…METHYLATION:EDGER_ANALYSIS -
[-        ] DIF…YLATION:METHYLKIT_ANALYSIS -
[-        ] DIF…L_METHYLATION:DSS_ANALYSIS -
[-        ] RES…SIS:ANNOTATE_RESULTS_EDGER -
[-        ] RES…YSIS:POST_PROCESSING_EDGER -
[-        ] RES…:ENRICHMENT_ANALYSIS_EDGER -
[-        ] RES…:POST_PROCESSING_METHYLKIT -
[-        ] RES…ICHMENT_ANALYSIS_METHYLKIT -
[-        ] RES…LYSIS:ANNOTATE_RESULTS_DSS -
[-        ] RES…ALYSIS:POST_PROCESSING_DSS -
Plus 11 more processes waiting for tasks…
WARN: Environment variable `R_LIBS_USER` evaluates to an empty value
WARN: Environment variable `R_LIBS_SITE` evaluates to an empty value



executor >  local (38)
[e1/fb3c66] PRE_STAGE:PRE_STAGE_FILES      | 1 of 1 ✔
[17/5dbf64] REA…SSING:FASTQC (ERR11435657) | 9 of 23
[41/b74b03] REA…CKSUM_VERIFY (ERR11435643) | 11 of 23
[f7/23565e] REA…:TRIM_GALORE (ERR11435650) | 8 of 23
[cb/ee050c] PAR…8.dna.primary_assembly.fa) | 0 of 1
[-        ] PAR…YSIS:PARABRICKS_FQ2BAMMETH -
[-        ] PAR…KS_ANALYSIS:SAMTOOLS_INDEX -
[-        ] PARABRICKS_ANALYSIS:QUALIMAP   -
[1e/f67e4a] PAR…8.dna.primary_assembly.fa) | 1 of 1 ✔
[-        ] PAR…LYSIS:METHYLDACKEL_EXTRACT -
[-        ] DIF…METHYLATION:EDGER_ANALYSIS -
[-        ] DIF…YLATION:METHYLKIT_ANALYSIS -
[-        ] DIF…L_METHYLATION:DSS_ANALYSIS -
[-        ] RES…SIS:ANNOTATE_RESULTS_EDGER -
[-        ] RES…YSIS:POST_PROCESSING_EDGER -
[-        ] RES…:ENRICHMENT_ANALYSIS_EDGER -
[-        ] RES…:POST_PROCESSING_METHYLKIT -
[-        ] RES…ICHMENT_ANALYSIS_METHYLKIT -
[-        ] RES…LYSIS:ANNOTATE_RESULTS_DSS -
[-        ] RES…ALYSIS:POST_PROCESSING_DSS -
Plus 11 more processes waiting for tasks…
WARN: Environment variable `R_LIBS_USER` evaluates to an empty value
WARN: Environment variable `R_LIBS_SITE` evaluates to an empty value



executor >  local (38)
[e1/fb3c66] PRE_STAGE:PRE_STAGE_FILES      | 1 of 1 ✔
[17/5dbf64] REA…SSING:FASTQC (ERR11435657) | 9 of 23
[41/b74b03] REA…CKSUM_VERIFY (ERR11435643) | 11 of 23
[f7/23565e] REA…:TRIM_GALORE (ERR11435650) | 8 of 23
[cb/ee050c] PAR…8.dna.primary_assembly.fa) | 0 of 1
[-        ] PAR…YSIS:PARABRICKS_FQ2BAMMETH -
[-        ] PAR…KS_ANALYSIS:SAMTOOLS_INDEX -
[-        ] PARABRICKS_ANALYSIS:QUALIMAP   -
[1e/f67e4a] PAR…8.dna.primary_assembly.fa) | 1 of 1 ✔
[-        ] PAR…LYSIS:METHYLDACKEL_EXTRACT -
[-        ] DIF…METHYLATION:EDGER_ANALYSIS -
[-        ] DIF…YLATION:METHYLKIT_ANALYSIS -
[-        ] DIF…L_METHYLATION:DSS_ANALYSIS -
[-        ] RES…SIS:ANNOTATE_RESULTS_EDGER -
[-        ] RES…YSIS:POST_PROCESSING_EDGER -
[-        ] RES…:ENRICHMENT_ANALYSIS_EDGER -
[-        ] RES…:POST_PROCESSING_METHYLKIT -
[-        ] RES…ICHMENT_ANALYSIS_METHYLKIT -
[-        ] RES…LYSIS:ANNOTATE_RESULTS_DSS -
[-        ] RES…ALYSIS:POST_PROCESSING_DSS -
Plus 11 more processes waiting for tasks…
WARN: Environment variable `R_LIBS_USER` evaluates to an empty value
WARN: Environment variable `R_LIBS_SITE` evaluates to an empty value



executor >  local (39)
[e1/fb3c66] PRE_STAGE:PRE_STAGE_FILES      | 1 of 1 ✔
[17/5dbf64] REA…SSING:FASTQC (ERR11435657) | 9 of 23
[41/b74b03] REA…CKSUM_VERIFY (ERR11435643) | 11 of 23
[59/ce5f12] REA…:TRIM_GALORE (ERR11435643) | 9 of 23
[cb/ee050c] PAR…8.dna.primary_assembly.fa) | 0 of 1
[-        ] PAR…YSIS:PARABRICKS_FQ2BAMMETH -
[-        ] PAR…KS_ANALYSIS:SAMTOOLS_INDEX -
[-        ] PARABRICKS_ANALYSIS:QUALIMAP   -
[1e/f67e4a] PAR…8.dna.primary_assembly.fa) | 1 of 1 ✔
[-        ] PAR…LYSIS:METHYLDACKEL_EXTRACT -
[-        ] DIF…METHYLATION:EDGER_ANALYSIS -
[-        ] DIF…YLATION:METHYLKIT_ANALYSIS -
[-        ] DIF…L_METHYLATION:DSS_ANALYSIS -
[-        ] RES…SIS:ANNOTATE_RESULTS_EDGER -
[-        ] RES…YSIS:POST_PROCESSING_EDGER -
[-        ] RES…:ENRICHMENT_ANALYSIS_EDGER -
[-        ] RES…:POST_PROCESSING_METHYLKIT -
[-        ] RES…ICHMENT_ANALYSIS_METHYLKIT -
[-        ] RES…LYSIS:ANNOTATE_RESULTS_DSS -
[-        ] RES…ALYSIS:POST_PROCESSING_DSS -
Plus 11 more processes waiting for tasks…
WARN: Environment variable `R_LIBS_USER` evaluates to an empty value
WARN: Environment variable `R_LIBS_SITE` evaluates to an empty value
WARN: Environment variable `R_LIBS_USER` evaluates to an empty value
WARN: Environment variable `R_LIBS_SITE` evaluates to an empty value

executor >  local (39)
[e1/fb3c66] PRE_STAGE:PRE_STAGE_FILES      | 1 of 1 ✔
[17/5dbf64] REA…SSING:FASTQC (ERR11435657) | 9 of 23
[41/b74b03] REA…CKSUM_VERIFY (ERR11435643) | 11 of 23
[59/ce5f12] REA…:TRIM_GALORE (ERR11435643) | 9 of 23
[cb/ee050c] PAR…8.dna.primary_assembly.fa) | 0 of 1
[-        ] PAR…YSIS:PARABRICKS_FQ2BAMMETH -
[-        ] PAR…KS_ANALYSIS:SAMTOOLS_INDEX -
[-        ] PARABRICKS_ANALYSIS:QUALIMAP   -
[1e/f67e4a] PAR…8.dna.primary_assembly.fa) | 1 of 1 ✔
[-        ] PAR…LYSIS:METHYLDACKEL_EXTRACT -
[-        ] DIF…METHYLATION:EDGER_ANALYSIS -
[-        ] DIF…YLATION:METHYLKIT_ANALYSIS -
[-        ] DIF…L_METHYLATION:DSS_ANALYSIS -
[-        ] RES…SIS:ANNOTATE_RESULTS_EDGER -
[-        ] RES…YSIS:POST_PROCESSING_EDGER -
[-        ] RES…:ENRICHMENT_ANALYSIS_EDGER -
[-        ] RES…:POST_PROCESSING_METHYLKIT -
[-        ] RES…ICHMENT_ANALYSIS_METHYLKIT -
[-        ] RES…LYSIS:ANNOTATE_RESULTS_DSS -
[-        ] RES…ALYSIS:POST_PROCESSING_DSS -
Plus 11 more processes waiting for tasks…
WARN: Environment variable `R_LIBS_USER` evaluates to an empty value
WARN: Environment variable `R_LIBS_SITE` evaluates to an empty value
WARN: Environment variable `R_LIBS_USER` evaluates to an empty value
WARN: Environment variable `R_LIBS_SITE` evaluates to an empty value

executor >  local (40)
[e1/fb3c66] PRE_STAGE:PRE_STAGE_FILES      | 1 of 1 ✔
[17/5dbf64] REA…SSING:FASTQC (ERR11435657) | 9 of 23
[41/b74b03] REA…CKSUM_VERIFY (ERR11435643) | 11 of 23
[d1/8d04f9] REA…:TRIM_GALORE (ERR11435652) | 10 of 23
[cb/ee050c] PAR…8.dna.primary_assembly.fa) | 0 of 1
[-        ] PAR…YSIS:PARABRICKS_FQ2BAMMETH -
[-        ] PAR…KS_ANALYSIS:SAMTOOLS_INDEX -
[-        ] PARABRICKS_ANALYSIS:QUALIMAP   -
[1e/f67e4a] PAR…8.dna.primary_assembly.fa) | 1 of 1 ✔
[-        ] PAR…LYSIS:METHYLDACKEL_EXTRACT -
[-        ] DIF…METHYLATION:EDGER_ANALYSIS -
[-        ] DIF…YLATION:METHYLKIT_ANALYSIS -
[-        ] DIF…L_METHYLATION:DSS_ANALYSIS -
[-        ] RES…SIS:ANNOTATE_RESULTS_EDGER -
[-        ] RES…YSIS:POST_PROCESSING_EDGER -
[-        ] RES…:ENRICHMENT_ANALYSIS_EDGER -
[-        ] RES…:POST_PROCESSING_METHYLKIT -
[-        ] RES…ICHMENT_ANALYSIS_METHYLKIT -
[-        ] RES…LYSIS:ANNOTATE_RESULTS_DSS -
[-        ] RES…ALYSIS:POST_PROCESSING_DSS -
Plus 11 more processes waiting for tasks…
WARN: Environment variable `R_LIBS_USER` evaluates to an empty value
WARN: Environment variable `R_LIBS_SITE` evaluates to an empty value





executor >  local (40)
[e1/fb3c66] PRE_STAGE:PRE_STAGE_FILES      | 1 of 1 ✔
[17/5dbf64] REA…SSING:FASTQC (ERR11435657) | 9 of 23
[41/b74b03] REA…CKSUM_VERIFY (ERR11435643) | 11 of 23
[d1/8d04f9] REA…:TRIM_GALORE (ERR11435652) | 10 of 23
[cb/ee050c] PAR…8.dna.primary_assembly.fa) | 0 of 1
[-        ] PAR…YSIS:PARABRICKS_FQ2BAMMETH -
[-        ] PAR…KS_ANALYSIS:SAMTOOLS_INDEX -
[-        ] PARABRICKS_ANALYSIS:QUALIMAP   -
[1e/f67e4a] PAR…8.dna.primary_assembly.fa) | 1 of 1 ✔
[-        ] PAR…LYSIS:METHYLDACKEL_EXTRACT -
[-        ] DIF…METHYLATION:EDGER_ANALYSIS -
[-        ] DIF…YLATION:METHYLKIT_ANALYSIS -
[-        ] DIF…L_METHYLATION:DSS_ANALYSIS -
[-        ] RES…SIS:ANNOTATE_RESULTS_EDGER -
[-        ] RES…YSIS:POST_PROCESSING_EDGER -
[-        ] RES…:ENRICHMENT_ANALYSIS_EDGER -
[-        ] RES…:POST_PROCESSING_METHYLKIT -
[-        ] RES…ICHMENT_ANALYSIS_METHYLKIT -
[-        ] RES…LYSIS:ANNOTATE_RESULTS_DSS -
[-        ] RES…ALYSIS:POST_PROCESSING_DSS -
Plus 11 more processes waiting for tasks…
WARN: Environment variable `R_LIBS_USER` evaluates to an empty value
WARN: Environment variable `R_LIBS_SITE` evaluates to an empty value





executor >  local (41)
[e1/fb3c66] PRE_STAGE:PRE_STAGE_FILES      | 1 of 1 ✔
[a2/4713d3] REA…SSING:FASTQC (ERR11435645) | 10 of 23
[41/b74b03] REA…CKSUM_VERIFY (ERR11435643) | 11 of 23
[d1/8d04f9] REA…:TRIM_GALORE (ERR11435652) | 10 of 23
[cb/ee050c] PAR…8.dna.primary_assembly.fa) | 0 of 1
[-        ] PAR…YSIS:PARABRICKS_FQ2BAMMETH -
[-        ] PAR…KS_ANALYSIS:SAMTOOLS_INDEX -
[-        ] PARABRICKS_ANALYSIS:QUALIMAP   -
[1e/f67e4a] PAR…8.dna.primary_assembly.fa) | 1 of 1 ✔
[-        ] PAR…LYSIS:METHYLDACKEL_EXTRACT -
[-        ] DIF…METHYLATION:EDGER_ANALYSIS -
[-        ] DIF…YLATION:METHYLKIT_ANALYSIS -
[-        ] DIF…L_METHYLATION:DSS_ANALYSIS -
[-        ] RES…SIS:ANNOTATE_RESULTS_EDGER -
[-        ] RES…YSIS:POST_PROCESSING_EDGER -
[-        ] RES…:ENRICHMENT_ANALYSIS_EDGER -
[-        ] RES…:POST_PROCESSING_METHYLKIT -
[-        ] RES…ICHMENT_ANALYSIS_METHYLKIT -
[-        ] RES…LYSIS:ANNOTATE_RESULTS_DSS -
[-        ] RES…ALYSIS:POST_PROCESSING_DSS -
Plus 11 more processes waiting for tasks…
WARN: Environment variable `R_LIBS_USER` evaluates to an empty value
WARN: Environment variable `R_LIBS_SITE` evaluates to an empty value



executor >  local (41)
[e1/fb3c66] PRE_STAGE:PRE_STAGE_FILES      | 1 of 1 ✔
[a2/4713d3] REA…SSING:FASTQC (ERR11435645) | 10 of 23
[41/b74b03] REA…CKSUM_VERIFY (ERR11435643) | 11 of 23
[d1/8d04f9] REA…:TRIM_GALORE (ERR11435652) | 10 of 23
[cb/ee050c] PAR…8.dna.primary_assembly.fa) | 0 of 1
[-        ] PAR…YSIS:PARABRICKS_FQ2BAMMETH -
[-        ] PAR…KS_ANALYSIS:SAMTOOLS_INDEX -
[-        ] PARABRICKS_ANALYSIS:QUALIMAP   -
[1e/f67e4a] PAR…8.dna.primary_assembly.fa) | 1 of 1 ✔
[-        ] PAR…LYSIS:METHYLDACKEL_EXTRACT -
[-        ] DIF…METHYLATION:EDGER_ANALYSIS -
[-        ] DIF…YLATION:METHYLKIT_ANALYSIS -
[-        ] DIF…L_METHYLATION:DSS_ANALYSIS -
[-        ] RES…SIS:ANNOTATE_RESULTS_EDGER -
[-        ] RES…YSIS:POST_PROCESSING_EDGER -
[-        ] RES…:ENRICHMENT_ANALYSIS_EDGER -
[-        ] RES…:POST_PROCESSING_METHYLKIT -
[-        ] RES…ICHMENT_ANALYSIS_METHYLKIT -
[-        ] RES…LYSIS:ANNOTATE_RESULTS_DSS -
[-        ] RES…ALYSIS:POST_PROCESSING_DSS -
Plus 11 more processes waiting for tasks…
WARN: Environment variable `R_LIBS_USER` evaluates to an empty value
WARN: Environment variable `R_LIBS_SITE` evaluates to an empty value



executor >  local (42)
[e1/fb3c66] PRE_STAGE:PRE_STAGE_FILES      | 1 of 1 ✔
[a2/4713d3] REA…SSING:FASTQC (ERR11435645) | 10 of 23
[44/c5da9c] REA…CKSUM_VERIFY (ERR11435652) | 11 of 23
[bc/41c7a4] REA…:TRIM_GALORE (ERR11435659) | 11 of 23
[cb/ee050c] PAR…8.dna.primary_assembly.fa) | 0 of 1
[-        ] PAR…YSIS:PARABRICKS_FQ2BAMMETH -
[-        ] PAR…KS_ANALYSIS:SAMTOOLS_INDEX -
[-        ] PARABRICKS_ANALYSIS:QUALIMAP   -
[1e/f67e4a] PAR…8.dna.primary_assembly.fa) | 1 of 1 ✔
[-        ] PAR…LYSIS:METHYLDACKEL_EXTRACT -
[-        ] DIF…METHYLATION:EDGER_ANALYSIS -
[-        ] DIF…YLATION:METHYLKIT_ANALYSIS -
[-        ] DIF…L_METHYLATION:DSS_ANALYSIS -
[-        ] RES…SIS:ANNOTATE_RESULTS_EDGER -
[-        ] RES…YSIS:POST_PROCESSING_EDGER -
[-        ] RES…:ENRICHMENT_ANALYSIS_EDGER -
[-        ] RES…:POST_PROCESSING_METHYLKIT -
[-        ] RES…ICHMENT_ANALYSIS_METHYLKIT -
[-        ] RES…LYSIS:ANNOTATE_RESULTS_DSS -
[-        ] RES…ALYSIS:POST_PROCESSING_DSS -
Plus 11 more processes waiting for tasks…
WARN: Environment variable `R_LIBS_USER` evaluates to an empty value
WARN: Environment variable `R_LIBS_SITE` evaluates to an empty value



executor >  local (42)
[e1/fb3c66] PRE_STAGE:PRE_STAGE_FILES      | 1 of 1 ✔
[a2/4713d3] REA…SSING:FASTQC (ERR11435645) | 10 of 23
[44/c5da9c] REA…CKSUM_VERIFY (ERR11435652) | 11 of 23
[bc/41c7a4] REA…:TRIM_GALORE (ERR11435659) | 11 of 23
[cb/ee050c] PAR…8.dna.primary_assembly.fa) | 0 of 1
[-        ] PAR…YSIS:PARABRICKS_FQ2BAMMETH -
[-        ] PAR…KS_ANALYSIS:SAMTOOLS_INDEX -
[-        ] PARABRICKS_ANALYSIS:QUALIMAP   -
[1e/f67e4a] PAR…8.dna.primary_assembly.fa) | 1 of 1 ✔
[-        ] PAR…LYSIS:METHYLDACKEL_EXTRACT -
[-        ] DIF…METHYLATION:EDGER_ANALYSIS -
[-        ] DIF…YLATION:METHYLKIT_ANALYSIS -
[-        ] DIF…L_METHYLATION:DSS_ANALYSIS -
[-        ] RES…SIS:ANNOTATE_RESULTS_EDGER -
[-        ] RES…YSIS:POST_PROCESSING_EDGER -
[-        ] RES…:ENRICHMENT_ANALYSIS_EDGER -
[-        ] RES…:POST_PROCESSING_METHYLKIT -
[-        ] RES…ICHMENT_ANALYSIS_METHYLKIT -
[-        ] RES…LYSIS:ANNOTATE_RESULTS_DSS -
[-        ] RES…ALYSIS:POST_PROCESSING_DSS -
Plus 11 more processes waiting for tasks…
WARN: Environment variable `R_LIBS_USER` evaluates to an empty value
WARN: Environment variable `R_LIBS_SITE` evaluates to an empty value



executor >  local (43)
[e1/fb3c66] PRE_STAGE:PRE_STAGE_FILES      | 1 of 1 ✔
[a2/4713d3] REA…SSING:FASTQC (ERR11435645) | 10 of 23
[44/c5da9c] REA…CKSUM_VERIFY (ERR11435652) | 11 of 23
[8e/439e96] REA…:TRIM_GALORE (ERR11435655) | 12 of 23
[cb/ee050c] PAR…8.dna.primary_assembly.fa) | 0 of 1
[-        ] PAR…YSIS:PARABRICKS_FQ2BAMMETH -
[-        ] PAR…KS_ANALYSIS:SAMTOOLS_INDEX -
[-        ] PARABRICKS_ANALYSIS:QUALIMAP   -
[1e/f67e4a] PAR…8.dna.primary_assembly.fa) | 1 of 1 ✔
[-        ] PAR…LYSIS:METHYLDACKEL_EXTRACT -
[-        ] DIF…METHYLATION:EDGER_ANALYSIS -
[-        ] DIF…YLATION:METHYLKIT_ANALYSIS -
[-        ] DIF…L_METHYLATION:DSS_ANALYSIS -
[-        ] RES…SIS:ANNOTATE_RESULTS_EDGER -
[-        ] RES…YSIS:POST_PROCESSING_EDGER -
[-        ] RES…:ENRICHMENT_ANALYSIS_EDGER -
[-        ] RES…:POST_PROCESSING_METHYLKIT -
[-        ] RES…ICHMENT_ANALYSIS_METHYLKIT -
[-        ] RES…LYSIS:ANNOTATE_RESULTS_DSS -
[-        ] RES…ALYSIS:POST_PROCESSING_DSS -
Plus 11 more processes waiting for tasks…
WARN: Environment variable `R_LIBS_USER` evaluates to an empty value
WARN: Environment variable `R_LIBS_SITE` evaluates to an empty value
WARN: Environment variable `R_LIBS_USER` evaluates to an empty value
WARN: Environment variable `R_LIBS_SITE` evaluates to an empty value

executor >  local (44)
[e1/fb3c66] PRE_STAGE:PRE_STAGE_FILES      | 1 of 1 ✔
[a2/4713d3] REA…SSING:FASTQC (ERR11435645) | 10 of 23
[44/c5da9c] REA…CKSUM_VERIFY (ERR11435652) | 12 of 23
[d8/5024a8] REA…:TRIM_GALORE (ERR11435640) | 12 of 23
[cb/ee050c] PAR…8.dna.primary_assembly.fa) | 0 of 1
[-        ] PAR…YSIS:PARABRICKS_FQ2BAMMETH -
[-        ] PAR…KS_ANALYSIS:SAMTOOLS_INDEX -
[-        ] PARABRICKS_ANALYSIS:QUALIMAP   -
[1e/f67e4a] PAR…8.dna.primary_assembly.fa) | 1 of 1 ✔
[-        ] PAR…LYSIS:METHYLDACKEL_EXTRACT -
[-        ] DIF…METHYLATION:EDGER_ANALYSIS -
[-        ] DIF…YLATION:METHYLKIT_ANALYSIS -
[-        ] DIF…L_METHYLATION:DSS_ANALYSIS -
[-        ] RES…SIS:ANNOTATE_RESULTS_EDGER -
[-        ] RES…YSIS:POST_PROCESSING_EDGER -
[-        ] RES…:ENRICHMENT_ANALYSIS_EDGER -
[-        ] RES…:POST_PROCESSING_METHYLKIT -
[-        ] RES…ICHMENT_ANALYSIS_METHYLKIT -
[-        ] RES…LYSIS:ANNOTATE_RESULTS_DSS -
[-        ] RES…ALYSIS:POST_PROCESSING_DSS -
Plus 11 more processes waiting for tasks…
WARN: Environment variable `R_LIBS_USER` evaluates to an empty value
WARN: Environment variable `R_LIBS_SITE` evaluates to an empty value





executor >  local (45)
[e1/fb3c66] PRE_STAGE:PRE_STAGE_FILES      | 1 of 1 ✔
[23/4913f8] REA…SSING:FASTQC (ERR11435649) | 11 of 23
[44/c5da9c] REA…CKSUM_VERIFY (ERR11435652) | 12 of 23
[10/7fc430] REA…:TRIM_GALORE (ERR11435657) | 12 of 23
[cb/ee050c] PAR…8.dna.primary_assembly.fa) | 0 of 1
[-        ] PAR…YSIS:PARABRICKS_FQ2BAMMETH -
[-        ] PAR…KS_ANALYSIS:SAMTOOLS_INDEX -
[-        ] PARABRICKS_ANALYSIS:QUALIMAP   -
[1e/f67e4a] PAR…8.dna.primary_assembly.fa) | 1 of 1 ✔
[-        ] PAR…LYSIS:METHYLDACKEL_EXTRACT -
[-        ] DIF…METHYLATION:EDGER_ANALYSIS -
[-        ] DIF…YLATION:METHYLKIT_ANALYSIS -
[-        ] DIF…L_METHYLATION:DSS_ANALYSIS -
[-        ] RES…SIS:ANNOTATE_RESULTS_EDGER -
[-        ] RES…YSIS:POST_PROCESSING_EDGER -
[-        ] RES…:ENRICHMENT_ANALYSIS_EDGER -
[-        ] RES…:POST_PROCESSING_METHYLKIT -
[-        ] RES…ICHMENT_ANALYSIS_METHYLKIT -
[-        ] RES…LYSIS:ANNOTATE_RESULTS_DSS -
[-        ] RES…ALYSIS:POST_PROCESSING_DSS -
Plus 11 more processes waiting for tasks…
WARN: Environment variable `R_LIBS_USER` evaluates to an empty value
WARN: Environment variable `R_LIBS_SITE` evaluates to an empty value





executor >  local (45)
[e1/fb3c66] PRE_STAGE:PRE_STAGE_FILES      | 1 of 1 ✔
[23/4913f8] REA…SSING:FASTQC (ERR11435649) | 11 of 23
[44/c5da9c] REA…CKSUM_VERIFY (ERR11435652) | 12 of 23
[10/7fc430] REA…:TRIM_GALORE (ERR11435657) | 12 of 23
[cb/ee050c] PAR…8.dna.primary_assembly.fa) | 0 of 1
[-        ] PAR…YSIS:PARABRICKS_FQ2BAMMETH -
[-        ] PAR…KS_ANALYSIS:SAMTOOLS_INDEX -
[-        ] PARABRICKS_ANALYSIS:QUALIMAP   -
[1e/f67e4a] PAR…8.dna.primary_assembly.fa) | 1 of 1 ✔
[-        ] PAR…LYSIS:METHYLDACKEL_EXTRACT -
[-        ] DIF…METHYLATION:EDGER_ANALYSIS -
[-        ] DIF…YLATION:METHYLKIT_ANALYSIS -
[-        ] DIF…L_METHYLATION:DSS_ANALYSIS -
[-        ] RES…SIS:ANNOTATE_RESULTS_EDGER -
[-        ] RES…YSIS:POST_PROCESSING_EDGER -
[-        ] RES…:ENRICHMENT_ANALYSIS_EDGER -
[-        ] RES…:POST_PROCESSING_METHYLKIT -
[-        ] RES…ICHMENT_ANALYSIS_METHYLKIT -
[-        ] RES…LYSIS:ANNOTATE_RESULTS_DSS -
[-        ] RES…ALYSIS:POST_PROCESSING_DSS -
Plus 11 more processes waiting for tasks…
WARN: Environment variable `R_LIBS_USER` evaluates to an empty value
WARN: Environment variable `R_LIBS_SITE` evaluates to an empty value



executor >  local (46)
[e1/fb3c66] PRE_STAGE:PRE_STAGE_FILES      | 1 of 1 ✔
[23/4913f8] REA…SSING:FASTQC (ERR11435649) | 11 of 23
[44/c5da9c] REA…CKSUM_VERIFY (ERR11435652) | 12 of 23
[d8/5024a8] REA…:TRIM_GALORE (ERR11435640) | 13 of 23
[cb/ee050c] PAR…8.dna.primary_assembly.fa) | 0 of 1
[-        ] PAR…YSIS:PARABRICKS_FQ2BAMMETH -
[-        ] PAR…KS_ANALYSIS:SAMTOOLS_INDEX -
[-        ] PARABRICKS_ANALYSIS:QUALIMAP   -
[1e/f67e4a] PAR…8.dna.primary_assembly.fa) | 1 of 1 ✔
[-        ] PAR…LYSIS:METHYLDACKEL_EXTRACT -
[-        ] DIF…METHYLATION:EDGER_ANALYSIS -
[-        ] DIF…YLATION:METHYLKIT_ANALYSIS -
[-        ] DIF…L_METHYLATION:DSS_ANALYSIS -
[-        ] RES…SIS:ANNOTATE_RESULTS_EDGER -
[-        ] RES…YSIS:POST_PROCESSING_EDGER -
[-        ] RES…:ENRICHMENT_ANALYSIS_EDGER -
[-        ] RES…:POST_PROCESSING_METHYLKIT -
[-        ] RES…ICHMENT_ANALYSIS_METHYLKIT -
[-        ] RES…LYSIS:ANNOTATE_RESULTS_DSS -
[-        ] RES…ALYSIS:POST_PROCESSING_DSS -
Plus 11 more processes waiting for tasks…
WARN: Environment variable `R_LIBS_USER` evaluates to an empty value
WARN: Environment variable `R_LIBS_SITE` evaluates to an empty value



executor >  local (47)
[e1/fb3c66] PRE_STAGE:PRE_STAGE_FILES      | 1 of 1 ✔
[d3/44f115] REA…SSING:FASTQC (ERR11435655) | 12 of 23
[5c/7f7e0d] REA…CKSUM_VERIFY (ERR11435645) | 12 of 23
[d8/5024a8] REA…:TRIM_GALORE (ERR11435640) | 13 of 23
[cb/ee050c] PAR…8.dna.primary_assembly.fa) | 0 of 1
[-        ] PAR…YSIS:PARABRICKS_FQ2BAMMETH -
[-        ] PAR…KS_ANALYSIS:SAMTOOLS_INDEX -
[-        ] PARABRICKS_ANALYSIS:QUALIMAP   -
[1e/f67e4a] PAR…8.dna.primary_assembly.fa) | 1 of 1 ✔
[-        ] PAR…LYSIS:METHYLDACKEL_EXTRACT -
[-        ] DIF…METHYLATION:EDGER_ANALYSIS -
[-        ] DIF…YLATION:METHYLKIT_ANALYSIS -
[-        ] DIF…L_METHYLATION:DSS_ANALYSIS -
[-        ] RES…SIS:ANNOTATE_RESULTS_EDGER -
[-        ] RES…YSIS:POST_PROCESSING_EDGER -
[-        ] RES…:ENRICHMENT_ANALYSIS_EDGER -
[-        ] RES…:POST_PROCESSING_METHYLKIT -
[-        ] RES…ICHMENT_ANALYSIS_METHYLKIT -
[-        ] RES…LYSIS:ANNOTATE_RESULTS_DSS -
[-        ] RES…ALYSIS:POST_PROCESSING_DSS -
Plus 11 more processes waiting for tasks…
WARN: Environment variable `R_LIBS_USER` evaluates to an empty value
WARN: Environment variable `R_LIBS_SITE` evaluates to an empty value
WARN: Environment variable `R_LIBS_USER` evaluates to an empty value
WARN: Environment variable `R_LIBS_SITE` evaluates to an empty value

executor >  local (48)
[e1/fb3c66] PRE_STAGE:PRE_STAGE_FILES      | 1 of 1 ✔
[9a/3df24b] REA…SSING:FASTQC (ERR11435653) | 13 of 23
[5c/7f7e0d] REA…CKSUM_VERIFY (ERR11435645) | 12 of 23
[bf/0862db] REA…:TRIM_GALORE (ERR11435646) | 13 of 23
[cb/ee050c] PAR…8.dna.primary_assembly.fa) | 0 of 1
[-        ] PAR…YSIS:PARABRICKS_FQ2BAMMETH -
[-        ] PAR…KS_ANALYSIS:SAMTOOLS_INDEX -
[-        ] PARABRICKS_ANALYSIS:QUALIMAP   -
[1e/f67e4a] PAR…8.dna.primary_assembly.fa) | 1 of 1 ✔
[-        ] PAR…LYSIS:METHYLDACKEL_EXTRACT -
[-        ] DIF…METHYLATION:EDGER_ANALYSIS -
[-        ] DIF…YLATION:METHYLKIT_ANALYSIS -
[-        ] DIF…L_METHYLATION:DSS_ANALYSIS -
[-        ] RES…SIS:ANNOTATE_RESULTS_EDGER -
[-        ] RES…YSIS:POST_PROCESSING_EDGER -
[-        ] RES…:ENRICHMENT_ANALYSIS_EDGER -
[-        ] RES…:POST_PROCESSING_METHYLKIT -
[-        ] RES…ICHMENT_ANALYSIS_METHYLKIT -
[-        ] RES…LYSIS:ANNOTATE_RESULTS_DSS -
[-        ] RES…ALYSIS:POST_PROCESSING_DSS -
Plus 11 more processes waiting for tasks…
WARN: Environment variable `R_LIBS_USER` evaluates to an empty value
WARN: Environment variable `R_LIBS_SITE` evaluates to an empty value





executor >  local (48)
[e1/fb3c66] PRE_STAGE:PRE_STAGE_FILES      | 1 of 1 ✔
[9a/3df24b] REA…SSING:FASTQC (ERR11435653) | 13 of 23
[5c/7f7e0d] REA…CKSUM_VERIFY (ERR11435645) | 12 of 23
[bf/0862db] REA…:TRIM_GALORE (ERR11435646) | 13 of 23
[cb/ee050c] PAR…8.dna.primary_assembly.fa) | 0 of 1
[-        ] PAR…YSIS:PARABRICKS_FQ2BAMMETH -
[-        ] PAR…KS_ANALYSIS:SAMTOOLS_INDEX -
[-        ] PARABRICKS_ANALYSIS:QUALIMAP   -
[1e/f67e4a] PAR…8.dna.primary_assembly.fa) | 1 of 1 ✔
[-        ] PAR…LYSIS:METHYLDACKEL_EXTRACT -
[-        ] DIF…METHYLATION:EDGER_ANALYSIS -
[-        ] DIF…YLATION:METHYLKIT_ANALYSIS -
[-        ] DIF…L_METHYLATION:DSS_ANALYSIS -
[-        ] RES…SIS:ANNOTATE_RESULTS_EDGER -
[-        ] RES…YSIS:POST_PROCESSING_EDGER -
[-        ] RES…:ENRICHMENT_ANALYSIS_EDGER -
[-        ] RES…:POST_PROCESSING_METHYLKIT -
[-        ] RES…ICHMENT_ANALYSIS_METHYLKIT -
[-        ] RES…LYSIS:ANNOTATE_RESULTS_DSS -
[-        ] RES…ALYSIS:POST_PROCESSING_DSS -
Plus 11 more processes waiting for tasks…
WARN: Environment variable `R_LIBS_USER` evaluates to an empty value
WARN: Environment variable `R_LIBS_SITE` evaluates to an empty value





executor >  local (49)
[e1/fb3c66] PRE_STAGE:PRE_STAGE_FILES      | 1 of 1 ✔
[9a/3df24b] REA…SSING:FASTQC (ERR11435653) | 13 of 23
[5c/7f7e0d] REA…CKSUM_VERIFY (ERR11435645) | 13 of 23
[bf/0862db] REA…:TRIM_GALORE (ERR11435646) | 13 of 23
[cb/ee050c] PAR…8.dna.primary_assembly.fa) | 0 of 1
[-        ] PAR…YSIS:PARABRICKS_FQ2BAMMETH -
[-        ] PAR…KS_ANALYSIS:SAMTOOLS_INDEX -
[-        ] PARABRICKS_ANALYSIS:QUALIMAP   -
[1e/f67e4a] PAR…8.dna.primary_assembly.fa) | 1 of 1 ✔
[-        ] PAR…LYSIS:METHYLDACKEL_EXTRACT -
[-        ] DIF…METHYLATION:EDGER_ANALYSIS -
[-        ] DIF…YLATION:METHYLKIT_ANALYSIS -
[-        ] DIF…L_METHYLATION:DSS_ANALYSIS -
[-        ] RES…SIS:ANNOTATE_RESULTS_EDGER -
[-        ] RES…YSIS:POST_PROCESSING_EDGER -
[-        ] RES…:ENRICHMENT_ANALYSIS_EDGER -
[-        ] RES…:POST_PROCESSING_METHYLKIT -
[-        ] RES…ICHMENT_ANALYSIS_METHYLKIT -
[-        ] RES…LYSIS:ANNOTATE_RESULTS_DSS -
[-        ] RES…ALYSIS:POST_PROCESSING_DSS -
Plus 11 more processes waiting for tasks…
WARN: Environment variable `R_LIBS_USER` evaluates to an empty value
WARN: Environment variable `R_LIBS_SITE` evaluates to an empty value
WARN: Environment variable `R_LIBS_USER` evaluates to an empty value
WARN: Environment variable `R_LIBS_SITE` evaluates to an empty value

executor >  local (50)
[e1/fb3c66] PRE_STAGE:PRE_STAGE_FILES      | 1 of 1 ✔
[a3/f294a0] REA…SSING:FASTQC (ERR11435644) | 14 of 23
[74/1b0706] REA…CKSUM_VERIFY (ERR11435653) | 13 of 23
[bf/0862db] REA…:TRIM_GALORE (ERR11435646) | 13 of 23
[cb/ee050c] PAR…8.dna.primary_assembly.fa) | 0 of 1
[-        ] PAR…YSIS:PARABRICKS_FQ2BAMMETH -
[-        ] PAR…KS_ANALYSIS:SAMTOOLS_INDEX -
[-        ] PARABRICKS_ANALYSIS:QUALIMAP   -
[1e/f67e4a] PAR…8.dna.primary_assembly.fa) | 1 of 1 ✔
[-        ] PAR…LYSIS:METHYLDACKEL_EXTRACT -
[-        ] DIF…METHYLATION:EDGER_ANALYSIS -
[-        ] DIF…YLATION:METHYLKIT_ANALYSIS -
[-        ] DIF…L_METHYLATION:DSS_ANALYSIS -
[-        ] RES…SIS:ANNOTATE_RESULTS_EDGER -
[-        ] RES…YSIS:POST_PROCESSING_EDGER -
[-        ] RES…:ENRICHMENT_ANALYSIS_EDGER -
[-        ] RES…:POST_PROCESSING_METHYLKIT -
[-        ] RES…ICHMENT_ANALYSIS_METHYLKIT -
[-        ] RES…LYSIS:ANNOTATE_RESULTS_DSS -
[-        ] RES…ALYSIS:POST_PROCESSING_DSS -
Plus 11 more processes waiting for tasks…
WARN: Environment variable `R_LIBS_USER` evaluates to an empty value
WARN: Environment variable `R_LIBS_SITE` evaluates to an empty value
WARN: Environment variable `R_LIBS_USER` evaluates to an empty value
WARN: Environment variable `R_LIBS_SITE` evaluates to an empty value
WARN: Environment variable `R_LIBS_USER` evaluates to an empty value
WARN: Environment variable `R_LIBS_SITE` evaluates to an empty value

executor >  local (51)
[e1/fb3c66] PRE_STAGE:PRE_STAGE_FILES      | 1 of 1 ✔
[a3/f294a0] REA…SSING:FASTQC (ERR11435644) | 14 of 23
[cf/d8718a] REA…CKSUM_VERIFY (ERR11435655) | 14 of 23
[bf/0862db] REA…:TRIM_GALORE (ERR11435646) | 13 of 23
[cb/ee050c] PAR…8.dna.primary_assembly.fa) | 0 of 1
[-        ] PAR…YSIS:PARABRICKS_FQ2BAMMETH -
[-        ] PAR…KS_ANALYSIS:SAMTOOLS_INDEX -
[-        ] PARABRICKS_ANALYSIS:QUALIMAP   -
[1e/f67e4a] PAR…8.dna.primary_assembly.fa) | 1 of 1 ✔
[-        ] PAR…LYSIS:METHYLDACKEL_EXTRACT -
[-        ] DIF…METHYLATION:EDGER_ANALYSIS -
[-        ] DIF…YLATION:METHYLKIT_ANALYSIS -
[-        ] DIF…L_METHYLATION:DSS_ANALYSIS -
[-        ] RES…SIS:ANNOTATE_RESULTS_EDGER -
[-        ] RES…YSIS:POST_PROCESSING_EDGER -
[-        ] RES…:ENRICHMENT_ANALYSIS_EDGER -
[-        ] RES…:POST_PROCESSING_METHYLKIT -
[-        ] RES…ICHMENT_ANALYSIS_METHYLKIT -
[-        ] RES…LYSIS:ANNOTATE_RESULTS_DSS -
[-        ] RES…ALYSIS:POST_PROCESSING_DSS -
Plus 11 more processes waiting for tasks…
WARN: Environment variable `R_LIBS_USER` evaluates to an empty value
WARN: Environment variable `R_LIBS_SITE` evaluates to an empty value
WARN: Environment variable `R_LIBS_USER` evaluates to an empty value
WARN: Environment variable `R_LIBS_SITE` evaluates to an empty value
WARN: Environment variable `R_LIBS_USER` evaluates to an empty value
WARN: Environment variable `R_LIBS_SITE` evaluates to an empty value
WARN: Environment variable `R_LIBS_USER` evaluates to an empty value
WARN: Environment variable `R_LIBS_SITE` evaluates to an empty value

executor >  local (52)
[e1/fb3c66] PRE_STAGE:PRE_STAGE_FILES      | 1 of 1 ✔
[a3/f294a0] REA…SSING:FASTQC (ERR11435644) | 14 of 23
[74/1b0706] REA…CKSUM_VERIFY (ERR11435653) | 15 of 23
[bf/0862db] REA…:TRIM_GALORE (ERR11435646) | 13 of 23
[cb/ee050c] PAR…8.dna.primary_assembly.fa) | 0 of 1
[-        ] PAR…YSIS:PARABRICKS_FQ2BAMMETH -
[-        ] PAR…KS_ANALYSIS:SAMTOOLS_INDEX -
[-        ] PARABRICKS_ANALYSIS:QUALIMAP   -
[1e/f67e4a] PAR…8.dna.primary_assembly.fa) | 1 of 1 ✔
[-        ] PAR…LYSIS:METHYLDACKEL_EXTRACT -
[-        ] DIF…METHYLATION:EDGER_ANALYSIS -
[-        ] DIF…YLATION:METHYLKIT_ANALYSIS -
[-        ] DIF…L_METHYLATION:DSS_ANALYSIS -
[-        ] RES…SIS:ANNOTATE_RESULTS_EDGER -
[-        ] RES…YSIS:POST_PROCESSING_EDGER -
[-        ] RES…:ENRICHMENT_ANALYSIS_EDGER -
[-        ] RES…:POST_PROCESSING_METHYLKIT -
[-        ] RES…ICHMENT_ANALYSIS_METHYLKIT -
[-        ] RES…LYSIS:ANNOTATE_RESULTS_DSS -
[-        ] RES…ALYSIS:POST_PROCESSING_DSS -
Plus 11 more processes waiting for tasks…
WARN: Environment variable `R_LIBS_USER` evaluates to an empty value
WARN: Environment variable `R_LIBS_SITE` evaluates to an empty value
WARN: Environment variable `R_LIBS_USER` evaluates to an empty value
WARN: Environment variable `R_LIBS_SITE` evaluates to an empty value







executor >  local (53)
[e1/fb3c66] PRE_STAGE:PRE_STAGE_FILES      | 1 of 1 ✔
[a3/f294a0] REA…SSING:FASTQC (ERR11435644) | 14 of 23
[2e/8ad6bd] REA…CKSUM_VERIFY (ERR11435649) | 15 of 23
[8b/bfaac9] REA…:TRIM_GALORE (ERR11435645) | 14 of 23
[cb/ee050c] PAR…8.dna.primary_assembly.fa) | 0 of 1
[-        ] PAR…YSIS:PARABRICKS_FQ2BAMMETH -
[-        ] PAR…KS_ANALYSIS:SAMTOOLS_INDEX -
[-        ] PARABRICKS_ANALYSIS:QUALIMAP   -
[1e/f67e4a] PAR…8.dna.primary_assembly.fa) | 1 of 1 ✔
[-        ] PAR…LYSIS:METHYLDACKEL_EXTRACT -
[-        ] DIF…METHYLATION:EDGER_ANALYSIS -
[-        ] DIF…YLATION:METHYLKIT_ANALYSIS -
[-        ] DIF…L_METHYLATION:DSS_ANALYSIS -
[-        ] RES…SIS:ANNOTATE_RESULTS_EDGER -
[-        ] RES…YSIS:POST_PROCESSING_EDGER -
[-        ] RES…:ENRICHMENT_ANALYSIS_EDGER -
[-        ] RES…:POST_PROCESSING_METHYLKIT -
[-        ] RES…ICHMENT_ANALYSIS_METHYLKIT -
[-        ] RES…LYSIS:ANNOTATE_RESULTS_DSS -
[-        ] RES…ALYSIS:POST_PROCESSING_DSS -
Plus 11 more processes waiting for tasks…
WARN: Environment variable `R_LIBS_USER` evaluates to an empty value
WARN: Environment variable `R_LIBS_SITE` evaluates to an empty value
WARN: Environment variable `R_LIBS_USER` evaluates to an empty value
WARN: Environment variable `R_LIBS_SITE` evaluates to an empty value







executor >  local (53)
[e1/fb3c66] PRE_STAGE:PRE_STAGE_FILES      | 1 of 1 ✔
[a3/f294a0] REA…SSING:FASTQC (ERR11435644) | 14 of 23
[2e/8ad6bd] REA…CKSUM_VERIFY (ERR11435649) | 15 of 23
[8b/bfaac9] REA…:TRIM_GALORE (ERR11435645) | 14 of 23
[cb/ee050c] PAR…8.dna.primary_assembly.fa) | 0 of 1
[-        ] PAR…YSIS:PARABRICKS_FQ2BAMMETH -
[-        ] PAR…KS_ANALYSIS:SAMTOOLS_INDEX -
[-        ] PARABRICKS_ANALYSIS:QUALIMAP   -
[1e/f67e4a] PAR…8.dna.primary_assembly.fa) | 1 of 1 ✔
[-        ] PAR…LYSIS:METHYLDACKEL_EXTRACT -
[-        ] DIF…METHYLATION:EDGER_ANALYSIS -
[-        ] DIF…YLATION:METHYLKIT_ANALYSIS -
[-        ] DIF…L_METHYLATION:DSS_ANALYSIS -
[-        ] RES…SIS:ANNOTATE_RESULTS_EDGER -
[-        ] RES…YSIS:POST_PROCESSING_EDGER -
[-        ] RES…:ENRICHMENT_ANALYSIS_EDGER -
[-        ] RES…:POST_PROCESSING_METHYLKIT -
[-        ] RES…ICHMENT_ANALYSIS_METHYLKIT -
[-        ] RES…LYSIS:ANNOTATE_RESULTS_DSS -
[-        ] RES…ALYSIS:POST_PROCESSING_DSS -
Plus 11 more processes waiting for tasks…
WARN: Environment variable `R_LIBS_USER` evaluates to an empty value
WARN: Environment variable `R_LIBS_SITE` evaluates to an empty value
WARN: Environment variable `R_LIBS_USER` evaluates to an empty value
WARN: Environment variable `R_LIBS_SITE` evaluates to an empty value



executor >  local (54)
[e1/fb3c66] PRE_STAGE:PRE_STAGE_FILES      | 1 of 1 ✔
[6d/05f8d1] REA…SSING:FASTQC (ERR11435650) | 14 of 23
[2e/8ad6bd] REA…CKSUM_VERIFY (ERR11435649) | 15 of 23
[8e/439e96] REA…:TRIM_GALORE (ERR11435655) | 15 of 23
[cb/ee050c] PAR…8.dna.primary_assembly.fa) | 0 of 1
[-        ] PAR…YSIS:PARABRICKS_FQ2BAMMETH -
[-        ] PAR…KS_ANALYSIS:SAMTOOLS_INDEX -
[-        ] PARABRICKS_ANALYSIS:QUALIMAP   -
[1e/f67e4a] PAR…8.dna.primary_assembly.fa) | 1 of 1 ✔
[-        ] PAR…LYSIS:METHYLDACKEL_EXTRACT -
[-        ] DIF…METHYLATION:EDGER_ANALYSIS -
[-        ] DIF…YLATION:METHYLKIT_ANALYSIS -
[-        ] DIF…L_METHYLATION:DSS_ANALYSIS -
[-        ] RES…SIS:ANNOTATE_RESULTS_EDGER -
[-        ] RES…YSIS:POST_PROCESSING_EDGER -
[-        ] RES…:ENRICHMENT_ANALYSIS_EDGER -
[-        ] RES…:POST_PROCESSING_METHYLKIT -
[-        ] RES…ICHMENT_ANALYSIS_METHYLKIT -
[-        ] RES…LYSIS:ANNOTATE_RESULTS_DSS -
[-        ] RES…ALYSIS:POST_PROCESSING_DSS -
Plus 11 more processes waiting for tasks…
WARN: Environment variable `R_LIBS_USER` evaluates to an empty value
WARN: Environment variable `R_LIBS_SITE` evaluates to an empty value
WARN: Environment variable `R_LIBS_USER` evaluates to an empty value
WARN: Environment variable `R_LIBS_SITE` evaluates to an empty value
WARN: Environment variable `R_LIBS_USER` evaluates to an empty value
WARN: Environment variable `R_LIBS_SITE` evaluates to an empty value

executor >  local (54)
[e1/fb3c66] PRE_STAGE:PRE_STAGE_FILES      | 1 of 1 ✔
[6d/05f8d1] REA…SSING:FASTQC (ERR11435650) | 14 of 23
[2e/8ad6bd] REA…CKSUM_VERIFY (ERR11435649) | 15 of 23
[8e/439e96] REA…:TRIM_GALORE (ERR11435655) | 15 of 23
[cb/ee050c] PAR…8.dna.primary_assembly.fa) | 0 of 1
[-        ] PAR…YSIS:PARABRICKS_FQ2BAMMETH -
[-        ] PAR…KS_ANALYSIS:SAMTOOLS_INDEX -
[-        ] PARABRICKS_ANALYSIS:QUALIMAP   -
[1e/f67e4a] PAR…8.dna.primary_assembly.fa) | 1 of 1 ✔
[-        ] PAR…LYSIS:METHYLDACKEL_EXTRACT -
[-        ] DIF…METHYLATION:EDGER_ANALYSIS -
[-        ] DIF…YLATION:METHYLKIT_ANALYSIS -
[-        ] DIF…L_METHYLATION:DSS_ANALYSIS -
[-        ] RES…SIS:ANNOTATE_RESULTS_EDGER -
[-        ] RES…YSIS:POST_PROCESSING_EDGER -
[-        ] RES…:ENRICHMENT_ANALYSIS_EDGER -
[-        ] RES…:POST_PROCESSING_METHYLKIT -
[-        ] RES…ICHMENT_ANALYSIS_METHYLKIT -
[-        ] RES…LYSIS:ANNOTATE_RESULTS_DSS -
[-        ] RES…ALYSIS:POST_PROCESSING_DSS -
Plus 11 more processes waiting for tasks…
WARN: Environment variable `R_LIBS_USER` evaluates to an empty value
WARN: Environment variable `R_LIBS_SITE` evaluates to an empty value
WARN: Environment variable `R_LIBS_USER` evaluates to an empty value
WARN: Environment variable `R_LIBS_SITE` evaluates to an empty value
WARN: Environment variable `R_LIBS_USER` evaluates to an empty value
WARN: Environment variable `R_LIBS_SITE` evaluates to an empty value

executor >  local (55)
[e1/fb3c66] PRE_STAGE:PRE_STAGE_FILES      | 1 of 1 ✔
[6d/05f8d1] REA…SSING:FASTQC (ERR11435650) | 14 of 23
[cf/d8718a] REA…CKSUM_VERIFY (ERR11435655) | 16 of 23
[8e/439e96] REA…:TRIM_GALORE (ERR11435655) | 15 of 23
[cb/ee050c] PAR…8.dna.primary_assembly.fa) | 0 of 1
[-        ] PAR…YSIS:PARABRICKS_FQ2BAMMETH -
[-        ] PAR…KS_ANALYSIS:SAMTOOLS_INDEX -
[-        ] PARABRICKS_ANALYSIS:QUALIMAP   -
[1e/f67e4a] PAR…8.dna.primary_assembly.fa) | 1 of 1 ✔
[-        ] PAR…LYSIS:METHYLDACKEL_EXTRACT -
[-        ] DIF…METHYLATION:EDGER_ANALYSIS -
[-        ] DIF…YLATION:METHYLKIT_ANALYSIS -
[-        ] DIF…L_METHYLATION:DSS_ANALYSIS -
[-        ] RES…SIS:ANNOTATE_RESULTS_EDGER -
[-        ] RES…YSIS:POST_PROCESSING_EDGER -
[-        ] RES…:ENRICHMENT_ANALYSIS_EDGER -
[-        ] RES…:POST_PROCESSING_METHYLKIT -
[-        ] RES…ICHMENT_ANALYSIS_METHYLKIT -
[-        ] RES…LYSIS:ANNOTATE_RESULTS_DSS -
[-        ] RES…ALYSIS:POST_PROCESSING_DSS -
Plus 11 more processes waiting for tasks…
WARN: Environment variable `R_LIBS_USER` evaluates to an empty value
WARN: Environment variable `R_LIBS_SITE` evaluates to an empty value
WARN: Environment variable `R_LIBS_USER` evaluates to an empty value
WARN: Environment variable `R_LIBS_SITE` evaluates to an empty value
WARN: Environment variable `R_LIBS_USER` evaluates to an empty value
WARN: Environment variable `R_LIBS_SITE` evaluates to an empty value



executor >  local (55)
[e1/fb3c66] PRE_STAGE:PRE_STAGE_FILES      | 1 of 1 ✔
[6d/05f8d1] REA…SSING:FASTQC (ERR11435650) | 14 of 23
[77/f43d27] REA…CKSUM_VERIFY (ERR11435650) | 17 of 23
[8e/439e96] REA…:TRIM_GALORE (ERR11435655) | 15 of 23
[cb/ee050c] PAR…8.dna.primary_assembly.fa) | 0 of 1
[-        ] PAR…YSIS:PARABRICKS_FQ2BAMMETH -
[-        ] PAR…KS_ANALYSIS:SAMTOOLS_INDEX -
[-        ] PARABRICKS_ANALYSIS:QUALIMAP   -
[1e/f67e4a] PAR…8.dna.primary_assembly.fa) | 1 of 1 ✔
[-        ] PAR…LYSIS:METHYLDACKEL_EXTRACT -
[-        ] DIF…METHYLATION:EDGER_ANALYSIS -
[-        ] DIF…YLATION:METHYLKIT_ANALYSIS -
[-        ] DIF…L_METHYLATION:DSS_ANALYSIS -
[-        ] RES…SIS:ANNOTATE_RESULTS_EDGER -
[-        ] RES…YSIS:POST_PROCESSING_EDGER -
[-        ] RES…:ENRICHMENT_ANALYSIS_EDGER -
[-        ] RES…:POST_PROCESSING_METHYLKIT -
[-        ] RES…ICHMENT_ANALYSIS_METHYLKIT -
[-        ] RES…LYSIS:ANNOTATE_RESULTS_DSS -
[-        ] RES…ALYSIS:POST_PROCESSING_DSS -
Plus 11 more processes waiting for tasks…
WARN: Environment variable `R_LIBS_USER` evaluates to an empty value
WARN: Environment variable `R_LIBS_SITE` evaluates to an empty value
WARN: Environment variable `R_LIBS_USER` evaluates to an empty value
WARN: Environment variable `R_LIBS_SITE` evaluates to an empty value
WARN: Environment variable `R_LIBS_USER` evaluates to an empty value
WARN: Environment variable `R_LIBS_SITE` evaluates to an empty value
WARN: Environment variable `R_LIBS_USER` evaluates to an empty value
WARN: Environment variable `R_LIBS_SITE` evaluates to an empty value

executor >  local (56)
[e1/fb3c66] PRE_STAGE:PRE_STAGE_FILES      | 1 of 1 ✔
[6d/05f8d1] REA…SSING:FASTQC (ERR11435650) | 14 of 23
[82/b55e4d] REA…CKSUM_VERIFY (ERR11435641) | 17 of 23
[8e/439e96] REA…:TRIM_GALORE (ERR11435655) | 15 of 23
[cb/ee050c] PAR…8.dna.primary_assembly.fa) | 0 of 1
[-        ] PAR…YSIS:PARABRICKS_FQ2BAMMETH -
[-        ] PAR…KS_ANALYSIS:SAMTOOLS_INDEX -
[-        ] PARABRICKS_ANALYSIS:QUALIMAP   -
[1e/f67e4a] PAR…8.dna.primary_assembly.fa) | 1 of 1 ✔
[-        ] PAR…LYSIS:METHYLDACKEL_EXTRACT -
[-        ] DIF…METHYLATION:EDGER_ANALYSIS -
[-        ] DIF…YLATION:METHYLKIT_ANALYSIS -
[-        ] DIF…L_METHYLATION:DSS_ANALYSIS -
[-        ] RES…SIS:ANNOTATE_RESULTS_EDGER -
[-        ] RES…YSIS:POST_PROCESSING_EDGER -
[-        ] RES…:ENRICHMENT_ANALYSIS_EDGER -
[-        ] RES…:POST_PROCESSING_METHYLKIT -
[-        ] RES…ICHMENT_ANALYSIS_METHYLKIT -
[-        ] RES…LYSIS:ANNOTATE_RESULTS_DSS -
[-        ] RES…ALYSIS:POST_PROCESSING_DSS -
Plus 11 more processes waiting for tasks…
WARN: Environment variable `R_LIBS_USER` evaluates to an empty value
WARN: Environment variable `R_LIBS_SITE` evaluates to an empty value
WARN: Environment variable `R_LIBS_USER` evaluates to an empty value
WARN: Environment variable `R_LIBS_SITE` evaluates to an empty value
WARN: Environment variable `R_LIBS_USER` evaluates to an empty value
WARN: Environment variable `R_LIBS_SITE` evaluates to an empty value
WARN: Environment variable `R_LIBS_USER` evaluates to an empty value
WARN: Environment variable `R_LIBS_SITE` evaluates to an empty value

executor >  local (57)
[e1/fb3c66] PRE_STAGE:PRE_STAGE_FILES      | 1 of 1 ✔
[6d/05f8d1] REA…SSING:FASTQC (ERR11435650) | 14 of 23
[d4/85dd65] REA…CKSUM_VERIFY (ERR11435656) | 18 of 23
[8e/439e96] REA…:TRIM_GALORE (ERR11435655) | 15 of 23
[cb/ee050c] PAR…8.dna.primary_assembly.fa) | 0 of 1
[-        ] PAR…YSIS:PARABRICKS_FQ2BAMMETH -
[-        ] PAR…KS_ANALYSIS:SAMTOOLS_INDEX -
[-        ] PARABRICKS_ANALYSIS:QUALIMAP   -
[1e/f67e4a] PAR…8.dna.primary_assembly.fa) | 1 of 1 ✔
[-        ] PAR…LYSIS:METHYLDACKEL_EXTRACT -
[-        ] DIF…METHYLATION:EDGER_ANALYSIS -
[-        ] DIF…YLATION:METHYLKIT_ANALYSIS -
[-        ] DIF…L_METHYLATION:DSS_ANALYSIS -
[-        ] RES…SIS:ANNOTATE_RESULTS_EDGER -
[-        ] RES…YSIS:POST_PROCESSING_EDGER -
[-        ] RES…:ENRICHMENT_ANALYSIS_EDGER -
[-        ] RES…:POST_PROCESSING_METHYLKIT -
[-        ] RES…ICHMENT_ANALYSIS_METHYLKIT -
[-        ] RES…LYSIS:ANNOTATE_RESULTS_DSS -
[-        ] RES…ALYSIS:POST_PROCESSING_DSS -
Plus 11 more processes waiting for tasks…
WARN: Environment variable `R_LIBS_USER` evaluates to an empty value
WARN: Environment variable `R_LIBS_SITE` evaluates to an empty value
WARN: Environment variable `R_LIBS_USER` evaluates to an empty value
WARN: Environment variable `R_LIBS_SITE` evaluates to an empty value
WARN: Environment variable `R_LIBS_USER` evaluates to an empty value
WARN: Environment variable `R_LIBS_SITE` evaluates to an empty value





executor >  local (58)
[e1/fb3c66] PRE_STAGE:PRE_STAGE_FILES      | 1 of 1 ✔
[6d/05f8d1] REA…SSING:FASTQC (ERR11435650) | 14 of 23
[82/f06623] REA…CKSUM_VERIFY (ERR11435648) | 19 of 23
[8e/439e96] REA…:TRIM_GALORE (ERR11435655) | 15 of 23
[cb/ee050c] PAR…8.dna.primary_assembly.fa) | 0 of 1
[-        ] PAR…YSIS:PARABRICKS_FQ2BAMMETH -
[-        ] PAR…KS_ANALYSIS:SAMTOOLS_INDEX -
[-        ] PARABRICKS_ANALYSIS:QUALIMAP   -
[1e/f67e4a] PAR…8.dna.primary_assembly.fa) | 1 of 1 ✔
[-        ] PAR…LYSIS:METHYLDACKEL_EXTRACT -
[-        ] DIF…METHYLATION:EDGER_ANALYSIS -
[-        ] DIF…YLATION:METHYLKIT_ANALYSIS -
[-        ] DIF…L_METHYLATION:DSS_ANALYSIS -
[-        ] RES…SIS:ANNOTATE_RESULTS_EDGER -
[-        ] RES…YSIS:POST_PROCESSING_EDGER -
[-        ] RES…:ENRICHMENT_ANALYSIS_EDGER -
[-        ] RES…:POST_PROCESSING_METHYLKIT -
[-        ] RES…ICHMENT_ANALYSIS_METHYLKIT -
[-        ] RES…LYSIS:ANNOTATE_RESULTS_DSS -
[-        ] RES…ALYSIS:POST_PROCESSING_DSS -
Plus 11 more processes waiting for tasks…
WARN: Environment variable `R_LIBS_USER` evaluates to an empty value
WARN: Environment variable `R_LIBS_SITE` evaluates to an empty value
WARN: Environment variable `R_LIBS_USER` evaluates to an empty value
WARN: Environment variable `R_LIBS_SITE` evaluates to an empty value
WARN: Environment variable `R_LIBS_USER` evaluates to an empty value
WARN: Environment variable `R_LIBS_SITE` evaluates to an empty value
WARN: Environment variable `R_LIBS_USER` evaluates to an empty value
WARN: Environment variable `R_LIBS_SITE` evaluates to an empty value



executor >  local (59)
[e1/fb3c66] PRE_STAGE:PRE_STAGE_FILES      | 1 of 1 ✔
[c7/91e8cd] REA…SSING:FASTQC (ERR11435641) | 14 of 23
[82/b55e4d] REA…CKSUM_VERIFY (ERR11435641) | 20 of 23
[8e/439e96] REA…:TRIM_GALORE (ERR11435655) | 15 of 23
[cb/ee050c] PAR…8.dna.primary_assembly.fa) | 0 of 1
[-        ] PAR…YSIS:PARABRICKS_FQ2BAMMETH -
[-        ] PAR…KS_ANALYSIS:SAMTOOLS_INDEX -
[-        ] PARABRICKS_ANALYSIS:QUALIMAP   -
[1e/f67e4a] PAR…8.dna.primary_assembly.fa) | 1 of 1 ✔
[-        ] PAR…LYSIS:METHYLDACKEL_EXTRACT -
[-        ] DIF…METHYLATION:EDGER_ANALYSIS -
[-        ] DIF…YLATION:METHYLKIT_ANALYSIS -
[-        ] DIF…L_METHYLATION:DSS_ANALYSIS -
[-        ] RES…SIS:ANNOTATE_RESULTS_EDGER -
[-        ] RES…YSIS:POST_PROCESSING_EDGER -
[-        ] RES…:ENRICHMENT_ANALYSIS_EDGER -
[-        ] RES…:POST_PROCESSING_METHYLKIT -
[-        ] RES…ICHMENT_ANALYSIS_METHYLKIT -
[-        ] RES…LYSIS:ANNOTATE_RESULTS_DSS -
[-        ] RES…ALYSIS:POST_PROCESSING_DSS -
Plus 11 more processes waiting for tasks…
WARN: Environment variable `R_LIBS_USER` evaluates to an empty value
WARN: Environment variable `R_LIBS_SITE` evaluates to an empty value
WARN: Environment variable `R_LIBS_USER` evaluates to an empty value
WARN: Environment variable `R_LIBS_SITE` evaluates to an empty value
WARN: Environment variable `R_LIBS_USER` evaluates to an empty value
WARN: Environment variable `R_LIBS_SITE` evaluates to an empty value
WARN: Environment variable `R_LIBS_USER` evaluates to an empty value
WARN: Environment variable `R_LIBS_SITE` evaluates to an empty value
WARN: Environment variable `R_LIBS_USER` evaluates to an empty value
WARN: Environment variable `R_LIBS_SITE` evaluates to an empty value

executor >  local (60)
[e1/fb3c66] PRE_STAGE:PRE_STAGE_FILES      | 1 of 1 ✔
[c7/91e8cd] REA…SSING:FASTQC (ERR11435641) | 14 of 23
[2b/b55669] REA…CKSUM_VERIFY (ERR11435662) | 20 of 23
[10/7fc430] REA…:TRIM_GALORE (ERR11435657) | 16 of 23
[cb/ee050c] PAR…8.dna.primary_assembly.fa) | 0 of 1
[-        ] PAR…YSIS:PARABRICKS_FQ2BAMMETH -
[-        ] PAR…KS_ANALYSIS:SAMTOOLS_INDEX -
[-        ] PARABRICKS_ANALYSIS:QUALIMAP   -
[1e/f67e4a] PAR…8.dna.primary_assembly.fa) | 1 of 1 ✔
[-        ] PAR…LYSIS:METHYLDACKEL_EXTRACT -
[-        ] DIF…METHYLATION:EDGER_ANALYSIS -
[-        ] DIF…YLATION:METHYLKIT_ANALYSIS -
[-        ] DIF…L_METHYLATION:DSS_ANALYSIS -
[-        ] RES…SIS:ANNOTATE_RESULTS_EDGER -
[-        ] RES…YSIS:POST_PROCESSING_EDGER -
[-        ] RES…:ENRICHMENT_ANALYSIS_EDGER -
[-        ] RES…:POST_PROCESSING_METHYLKIT -
[-        ] RES…ICHMENT_ANALYSIS_METHYLKIT -
[-        ] RES…LYSIS:ANNOTATE_RESULTS_DSS -
[-        ] RES…ALYSIS:POST_PROCESSING_DSS -
Plus 11 more processes waiting for tasks…
WARN: Environment variable `R_LIBS_USER` evaluates to an empty value
WARN: Environment variable `R_LIBS_SITE` evaluates to an empty value
WARN: Environment variable `R_LIBS_USER` evaluates to an empty value
WARN: Environment variable `R_LIBS_SITE` evaluates to an empty value
WARN: Environment variable `R_LIBS_USER` evaluates to an empty value
WARN: Environment variable `R_LIBS_SITE` evaluates to an empty value
WARN: Environment variable `R_LIBS_USER` evaluates to an empty value
WARN: Environment variable `R_LIBS_SITE` evaluates to an empty value
WARN: Environment variable `R_LIBS_USER` evaluates to an empty value
WARN: Environment variable `R_LIBS_SITE` evaluates to an empty value



executor >  local (61)
[e1/fb3c66] PRE_STAGE:PRE_STAGE_FILES      | 1 of 1 ✔
[d1/d3c2d5] REA…SSING:FASTQC (ERR11435642) | 14 of 23
[ba/22b510] REA…CKSUM_VERIFY (ERR11435658) | 21 of 23
[10/7fc430] REA…:TRIM_GALORE (ERR11435657) | 16 of 23
[cb/ee050c] PAR…8.dna.primary_assembly.fa) | 0 of 1
[-        ] PAR…YSIS:PARABRICKS_FQ2BAMMETH -
[-        ] PAR…KS_ANALYSIS:SAMTOOLS_INDEX -
[-        ] PARABRICKS_ANALYSIS:QUALIMAP   -
[1e/f67e4a] PAR…8.dna.primary_assembly.fa) | 1 of 1 ✔
[-        ] PAR…LYSIS:METHYLDACKEL_EXTRACT -
[-        ] DIF…METHYLATION:EDGER_ANALYSIS -
[-        ] DIF…YLATION:METHYLKIT_ANALYSIS -
[-        ] DIF…L_METHYLATION:DSS_ANALYSIS -
[-        ] RES…SIS:ANNOTATE_RESULTS_EDGER -
[-        ] RES…YSIS:POST_PROCESSING_EDGER -
[-        ] RES…:ENRICHMENT_ANALYSIS_EDGER -
[-        ] RES…:POST_PROCESSING_METHYLKIT -
[-        ] RES…ICHMENT_ANALYSIS_METHYLKIT -
[-        ] RES…LYSIS:ANNOTATE_RESULTS_DSS -
[-        ] RES…ALYSIS:POST_PROCESSING_DSS -
Plus 11 more processes waiting for tasks…
WARN: Environment variable `R_LIBS_USER` evaluates to an empty value
WARN: Environment variable `R_LIBS_SITE` evaluates to an empty value
WARN: Environment variable `R_LIBS_USER` evaluates to an empty value
WARN: Environment variable `R_LIBS_SITE` evaluates to an empty value
WARN: Environment variable `R_LIBS_USER` evaluates to an empty value
WARN: Environment variable `R_LIBS_SITE` evaluates to an empty value
WARN: Environment variable `R_LIBS_USER` evaluates to an empty value
WARN: Environment variable `R_LIBS_SITE` evaluates to an empty value
WARN: Environment variable `R_LIBS_USER` evaluates to an empty value
WARN: Environment variable `R_LIBS_SITE` evaluates to an empty value



executor >  local (62)
[e1/fb3c66] PRE_STAGE:PRE_STAGE_FILES      | 1 of 1 ✔
[f6/557c29] REA…SSING:FASTQC (ERR11435648) | 14 of 23
[2b/b55669] REA…CKSUM_VERIFY (ERR11435662) | 22 of 23
[10/7fc430] REA…:TRIM_GALORE (ERR11435657) | 16 of 23
[cb/ee050c] PAR…8.dna.primary_assembly.fa) | 0 of 1
[-        ] PAR…YSIS:PARABRICKS_FQ2BAMMETH -
[-        ] PAR…KS_ANALYSIS:SAMTOOLS_INDEX -
[-        ] PARABRICKS_ANALYSIS:QUALIMAP   -
[1e/f67e4a] PAR…8.dna.primary_assembly.fa) | 1 of 1 ✔
[-        ] PAR…LYSIS:METHYLDACKEL_EXTRACT -
[-        ] DIF…METHYLATION:EDGER_ANALYSIS -
[-        ] DIF…YLATION:METHYLKIT_ANALYSIS -
[-        ] DIF…L_METHYLATION:DSS_ANALYSIS -
[-        ] RES…SIS:ANNOTATE_RESULTS_EDGER -
[-        ] RES…YSIS:POST_PROCESSING_EDGER -
[-        ] RES…:ENRICHMENT_ANALYSIS_EDGER -
[-        ] RES…:POST_PROCESSING_METHYLKIT -
[-        ] RES…ICHMENT_ANALYSIS_METHYLKIT -
[-        ] RES…LYSIS:ANNOTATE_RESULTS_DSS -
[-        ] RES…ALYSIS:POST_PROCESSING_DSS -
Plus 11 more processes waiting for tasks…
WARN: Environment variable `R_LIBS_USER` evaluates to an empty value
WARN: Environment variable `R_LIBS_SITE` evaluates to an empty value
WARN: Environment variable `R_LIBS_USER` evaluates to an empty value
WARN: Environment variable `R_LIBS_SITE` evaluates to an empty value
WARN: Environment variable `R_LIBS_USER` evaluates to an empty value
WARN: Environment variable `R_LIBS_SITE` evaluates to an empty value







executor >  local (63)
[e1/fb3c66] PRE_STAGE:PRE_STAGE_FILES      | 1 of 1 ✔
[bd/0f5a1f] REA…SSING:FASTQC (ERR11435656) | 14 of 23
[d4/85dd65] REA…CKSUM_VERIFY (ERR11435656) | 23 of 23 ✔
[10/7fc430] REA…:TRIM_GALORE (ERR11435657) | 16 of 23
[cb/ee050c] PAR…8.dna.primary_assembly.fa) | 0 of 1
[-        ] PAR…YSIS:PARABRICKS_FQ2BAMMETH -
[-        ] PAR…KS_ANALYSIS:SAMTOOLS_INDEX -
[-        ] PARABRICKS_ANALYSIS:QUALIMAP   -
[1e/f67e4a] PAR…8.dna.primary_assembly.fa) | 1 of 1 ✔
[-        ] PAR…LYSIS:METHYLDACKEL_EXTRACT -
[-        ] DIF…METHYLATION:EDGER_ANALYSIS -
[-        ] DIF…YLATION:METHYLKIT_ANALYSIS -
[-        ] DIF…L_METHYLATION:DSS_ANALYSIS -
[-        ] RES…SIS:ANNOTATE_RESULTS_EDGER -
[-        ] RES…YSIS:POST_PROCESSING_EDGER -
[-        ] RES…:ENRICHMENT_ANALYSIS_EDGER -
[-        ] RES…:POST_PROCESSING_METHYLKIT -
[-        ] RES…ICHMENT_ANALYSIS_METHYLKIT -
[-        ] RES…LYSIS:ANNOTATE_RESULTS_DSS -
[-        ] RES…ALYSIS:POST_PROCESSING_DSS -
Plus 11 more processes waiting for tasks…
WARN: Environment variable `R_LIBS_USER` evaluates to an empty value
WARN: Environment variable `R_LIBS_SITE` evaluates to an empty value
WARN: Environment variable `R_LIBS_USER` evaluates to an empty value
WARN: Environment variable `R_LIBS_SITE` evaluates to an empty value
WARN: Environment variable `R_LIBS_USER` evaluates to an empty value
WARN: Environment variable `R_LIBS_SITE` evaluates to an empty value
WARN: Environment variable `R_LIBS_USER` evaluates to an empty value
WARN: Environment variable `R_LIBS_SITE` evaluates to an empty value





executor >  local (63)
[e1/fb3c66] PRE_STAGE:PRE_STAGE_FILES      | 1 of 1 ✔
[bd/0f5a1f] REA…SSING:FASTQC (ERR11435656) | 14 of 23
[d4/85dd65] REA…CKSUM_VERIFY (ERR11435656) | 23 of 23 ✔
[10/7fc430] REA…:TRIM_GALORE (ERR11435657) | 16 of 23
[cb/ee050c] PAR…8.dna.primary_assembly.fa) | 0 of 1
[-        ] PAR…YSIS:PARABRICKS_FQ2BAMMETH -
[-        ] PAR…KS_ANALYSIS:SAMTOOLS_INDEX -
[-        ] PARABRICKS_ANALYSIS:QUALIMAP   -
[1e/f67e4a] PAR…8.dna.primary_assembly.fa) | 1 of 1 ✔
[-        ] PAR…LYSIS:METHYLDACKEL_EXTRACT -
[-        ] DIF…METHYLATION:EDGER_ANALYSIS -
[-        ] DIF…YLATION:METHYLKIT_ANALYSIS -
[-        ] DIF…L_METHYLATION:DSS_ANALYSIS -
[-        ] RES…SIS:ANNOTATE_RESULTS_EDGER -
[-        ] RES…YSIS:POST_PROCESSING_EDGER -
[-        ] RES…:ENRICHMENT_ANALYSIS_EDGER -
[-        ] RES…:POST_PROCESSING_METHYLKIT -
[-        ] RES…ICHMENT_ANALYSIS_METHYLKIT -
[-        ] RES…LYSIS:ANNOTATE_RESULTS_DSS -
[-        ] RES…ALYSIS:POST_PROCESSING_DSS -
Plus 11 more processes waiting for tasks…
WARN: Environment variable `R_LIBS_USER` evaluates to an empty value
WARN: Environment variable `R_LIBS_SITE` evaluates to an empty value
WARN: Environment variable `R_LIBS_USER` evaluates to an empty value
WARN: Environment variable `R_LIBS_SITE` evaluates to an empty value
WARN: Environment variable `R_LIBS_USER` evaluates to an empty value
WARN: Environment variable `R_LIBS_SITE` evaluates to an empty value
WARN: Environment variable `R_LIBS_USER` evaluates to an empty value
WARN: Environment variable `R_LIBS_SITE` evaluates to an empty value

executor >  local (64)
[e1/fb3c66] PRE_STAGE:PRE_STAGE_FILES      | 1 of 1 ✔
[8e/0049cc] REA…SSING:FASTQC (ERR11435658) | 14 of 23
[d4/85dd65] REA…CKSUM_VERIFY (ERR11435656) | 23 of 23 ✔
[bf/0862db] REA…:TRIM_GALORE (ERR11435646) | 17 of 23
[cb/ee050c] PAR…8.dna.primary_assembly.fa) | 0 of 1
[-        ] PAR…YSIS:PARABRICKS_FQ2BAMMETH -
[-        ] PAR…KS_ANALYSIS:SAMTOOLS_INDEX -
[-        ] PARABRICKS_ANALYSIS:QUALIMAP   -
[1e/f67e4a] PAR…8.dna.primary_assembly.fa) | 1 of 1 ✔
[-        ] PAR…LYSIS:METHYLDACKEL_EXTRACT -
[-        ] DIF…METHYLATION:EDGER_ANALYSIS -
[-        ] DIF…YLATION:METHYLKIT_ANALYSIS -
[-        ] DIF…L_METHYLATION:DSS_ANALYSIS -
[-        ] RES…SIS:ANNOTATE_RESULTS_EDGER -
[-        ] RES…YSIS:POST_PROCESSING_EDGER -
[-        ] RES…:ENRICHMENT_ANALYSIS_EDGER -
[-        ] RES…:POST_PROCESSING_METHYLKIT -
[-        ] RES…ICHMENT_ANALYSIS_METHYLKIT -
[-        ] RES…LYSIS:ANNOTATE_RESULTS_DSS -
[-        ] RES…ALYSIS:POST_PROCESSING_DSS -
Plus 11 more processes waiting for tasks…
WARN: Environment variable `R_LIBS_USER` evaluates to an empty value
WARN: Environment variable `R_LIBS_SITE` evaluates to an empty value
WARN: Environment variable `R_LIBS_USER` evaluates to an empty value
WARN: Environment variable `R_LIBS_SITE` evaluates to an empty value
WARN: Environment variable `R_LIBS_USER` evaluates to an empty value
WARN: Environment variable `R_LIBS_SITE` evaluates to an empty value
WARN: Environment variable `R_LIBS_USER` evaluates to an empty value
WARN: Environment variable `R_LIBS_SITE` evaluates to an empty value



executor >  local (65)
[e1/fb3c66] PRE_STAGE:PRE_STAGE_FILES      | 1 of 1 ✔
[17/5dbf64] REA…SSING:FASTQC (ERR11435657) | 15 of 23
[d4/85dd65] REA…CKSUM_VERIFY (ERR11435656) | 23 of 23 ✔
[bf/0862db] REA…:TRIM_GALORE (ERR11435646) | 17 of 23
[cb/ee050c] PAR…8.dna.primary_assembly.fa) | 0 of 1
[-        ] PAR…YSIS:PARABRICKS_FQ2BAMMETH -
[-        ] PAR…KS_ANALYSIS:SAMTOOLS_INDEX -
[-        ] PARABRICKS_ANALYSIS:QUALIMAP   -
[1e/f67e4a] PAR…8.dna.primary_assembly.fa) | 1 of 1 ✔
[-        ] PAR…LYSIS:METHYLDACKEL_EXTRACT -
[-        ] DIF…METHYLATION:EDGER_ANALYSIS -
[-        ] DIF…YLATION:METHYLKIT_ANALYSIS -
[-        ] DIF…L_METHYLATION:DSS_ANALYSIS -
[-        ] RES…SIS:ANNOTATE_RESULTS_EDGER -
[-        ] RES…YSIS:POST_PROCESSING_EDGER -
[-        ] RES…:ENRICHMENT_ANALYSIS_EDGER -
[-        ] RES…:POST_PROCESSING_METHYLKIT -
[-        ] RES…ICHMENT_ANALYSIS_METHYLKIT -
[-        ] RES…LYSIS:ANNOTATE_RESULTS_DSS -
[-        ] RES…ALYSIS:POST_PROCESSING_DSS -
Plus 11 more processes waiting for tasks…
WARN: Environment variable `R_LIBS_USER` evaluates to an empty value
WARN: Environment variable `R_LIBS_SITE` evaluates to an empty value
WARN: Environment variable `R_LIBS_USER` evaluates to an empty value
WARN: Environment variable `R_LIBS_SITE` evaluates to an empty value
WARN: Environment variable `R_LIBS_USER` evaluates to an empty value
WARN: Environment variable `R_LIBS_SITE` evaluates to an empty value
WARN: Environment variable `R_LIBS_USER` evaluates to an empty value
WARN: Environment variable `R_LIBS_SITE` evaluates to an empty value
WARN: Environment variable `R_LIBS_USER` evaluates to an empty value
WARN: Environment variable `R_LIBS_SITE` evaluates to an empty value

executor >  local (65)
[e1/fb3c66] PRE_STAGE:PRE_STAGE_FILES      | 1 of 1 ✔
[17/5dbf64] REA…SSING:FASTQC (ERR11435657) | 15 of 23
[d4/85dd65] REA…CKSUM_VERIFY (ERR11435656) | 23 of 23 ✔
[bf/0862db] REA…:TRIM_GALORE (ERR11435646) | 17 of 23
[cb/ee050c] PAR…8.dna.primary_assembly.fa) | 0 of 1
[-        ] PAR…YSIS:PARABRICKS_FQ2BAMMETH -
[-        ] PAR…KS_ANALYSIS:SAMTOOLS_INDEX -
[-        ] PARABRICKS_ANALYSIS:QUALIMAP   -
[1e/f67e4a] PAR…8.dna.primary_assembly.fa) | 1 of 1 ✔
[-        ] PAR…LYSIS:METHYLDACKEL_EXTRACT -
[-        ] DIF…METHYLATION:EDGER_ANALYSIS -
[-        ] DIF…YLATION:METHYLKIT_ANALYSIS -
[-        ] DIF…L_METHYLATION:DSS_ANALYSIS -
[-        ] RES…SIS:ANNOTATE_RESULTS_EDGER -
[-        ] RES…YSIS:POST_PROCESSING_EDGER -
[-        ] RES…:ENRICHMENT_ANALYSIS_EDGER -
[-        ] RES…:POST_PROCESSING_METHYLKIT -
[-        ] RES…ICHMENT_ANALYSIS_METHYLKIT -
[-        ] RES…LYSIS:ANNOTATE_RESULTS_DSS -
[-        ] RES…ALYSIS:POST_PROCESSING_DSS -
Plus 11 more processes waiting for tasks…
WARN: Environment variable `R_LIBS_USER` evaluates to an empty value
WARN: Environment variable `R_LIBS_SITE` evaluates to an empty value
WARN: Environment variable `R_LIBS_USER` evaluates to an empty value
WARN: Environment variable `R_LIBS_SITE` evaluates to an empty value
WARN: Environment variable `R_LIBS_USER` evaluates to an empty value
WARN: Environment variable `R_LIBS_SITE` evaluates to an empty value
WARN: Environment variable `R_LIBS_USER` evaluates to an empty value
WARN: Environment variable `R_LIBS_SITE` evaluates to an empty value
WARN: Environment variable `R_LIBS_USER` evaluates to an empty value
WARN: Environment variable `R_LIBS_SITE` evaluates to an empty value

executor >  local (66)
[e1/fb3c66] PRE_STAGE:PRE_STAGE_FILES      | 1 of 1 ✔
[c7/91e8cd] REA…SSING:FASTQC (ERR11435641) | 16 of 23
[d4/85dd65] REA…CKSUM_VERIFY (ERR11435656) | 23 of 23 ✔
[7d/b1710f] REA…:TRIM_GALORE (ERR11435641) | 17 of 23
[cb/ee050c] PAR…8.dna.primary_assembly.fa) | 0 of 1
[-        ] PAR…YSIS:PARABRICKS_FQ2BAMMETH -
[-        ] PAR…KS_ANALYSIS:SAMTOOLS_INDEX -
[-        ] PARABRICKS_ANALYSIS:QUALIMAP   -
[1e/f67e4a] PAR…8.dna.primary_assembly.fa) | 1 of 1 ✔
[-        ] PAR…LYSIS:METHYLDACKEL_EXTRACT -
[-        ] DIF…METHYLATION:EDGER_ANALYSIS -
[-        ] DIF…YLATION:METHYLKIT_ANALYSIS -
[-        ] DIF…L_METHYLATION:DSS_ANALYSIS -
[-        ] RES…SIS:ANNOTATE_RESULTS_EDGER -
[-        ] RES…YSIS:POST_PROCESSING_EDGER -
[-        ] RES…:ENRICHMENT_ANALYSIS_EDGER -
[-        ] RES…:POST_PROCESSING_METHYLKIT -
[-        ] RES…ICHMENT_ANALYSIS_METHYLKIT -
[-        ] RES…LYSIS:ANNOTATE_RESULTS_DSS -
[-        ] RES…ALYSIS:POST_PROCESSING_DSS -
Plus 11 more processes waiting for tasks…
WARN: Environment variable `R_LIBS_USER` evaluates to an empty value
WARN: Environment variable `R_LIBS_SITE` evaluates to an empty value











executor >  local (67)
[e1/fb3c66] PRE_STAGE:PRE_STAGE_FILES      | 1 of 1 ✔
[00/b2b87a] REA…SSING:FASTQC (ERR11435662) | 16 of 23
[d4/85dd65] REA…CKSUM_VERIFY (ERR11435656) | 23 of 23 ✔
[7d/b1710f] REA…:TRIM_GALORE (ERR11435641) | 17 of 23
[cb/ee050c] PAR…8.dna.primary_assembly.fa) | 0 of 1
[-        ] PAR…YSIS:PARABRICKS_FQ2BAMMETH -
[-        ] PAR…KS_ANALYSIS:SAMTOOLS_INDEX -
[-        ] PARABRICKS_ANALYSIS:QUALIMAP   -
[1e/f67e4a] PAR…8.dna.primary_assembly.fa) | 1 of 1 ✔
[-        ] PAR…LYSIS:METHYLDACKEL_EXTRACT -
[-        ] DIF…METHYLATION:EDGER_ANALYSIS -
[-        ] DIF…YLATION:METHYLKIT_ANALYSIS -
[-        ] DIF…L_METHYLATION:DSS_ANALYSIS -
[-        ] RES…SIS:ANNOTATE_RESULTS_EDGER -
[-        ] RES…YSIS:POST_PROCESSING_EDGER -
[-        ] RES…:ENRICHMENT_ANALYSIS_EDGER -
[-        ] RES…:POST_PROCESSING_METHYLKIT -
[-        ] RES…ICHMENT_ANALYSIS_METHYLKIT -
[-        ] RES…LYSIS:ANNOTATE_RESULTS_DSS -
[-        ] RES…ALYSIS:POST_PROCESSING_DSS -
Plus 11 more processes waiting for tasks…
WARN: Environment variable `R_LIBS_USER` evaluates to an empty value
WARN: Environment variable `R_LIBS_SITE` evaluates to an empty value











executor >  local (67)
[e1/fb3c66] PRE_STAGE:PRE_STAGE_FILES      | 1 of 1 ✔
[00/b2b87a] REA…SSING:FASTQC (ERR11435662) | 16 of 23
[d4/85dd65] REA…CKSUM_VERIFY (ERR11435656) | 23 of 23 ✔
[7d/b1710f] REA…:TRIM_GALORE (ERR11435641) | 18 of 23
[cb/ee050c] PAR…8.dna.primary_assembly.fa) | 0 of 1
[-        ] PAR…YSIS:PARABRICKS_FQ2BAMMETH -
[-        ] PAR…KS_ANALYSIS:SAMTOOLS_INDEX -
[-        ] PARABRICKS_ANALYSIS:QUALIMAP   -
[1e/f67e4a] PAR…8.dna.primary_assembly.fa) | 1 of 1 ✔
[-        ] PAR…LYSIS:METHYLDACKEL_EXTRACT -
[-        ] DIF…METHYLATION:EDGER_ANALYSIS -
[-        ] DIF…YLATION:METHYLKIT_ANALYSIS -
[-        ] DIF…L_METHYLATION:DSS_ANALYSIS -
[-        ] RES…SIS:ANNOTATE_RESULTS_EDGER -
[-        ] RES…YSIS:POST_PROCESSING_EDGER -
[-        ] RES…:ENRICHMENT_ANALYSIS_EDGER -
[-        ] RES…:POST_PROCESSING_METHYLKIT -
[-        ] RES…ICHMENT_ANALYSIS_METHYLKIT -
[-        ] RES…LYSIS:ANNOTATE_RESULTS_DSS -
[-        ] RES…ALYSIS:POST_PROCESSING_DSS -
Plus 11 more processes waiting for tasks…
WARN: Environment variable `R_LIBS_USER` evaluates to an empty value
WARN: Environment variable `R_LIBS_SITE` evaluates to an empty value



executor >  local (68)
[e1/fb3c66] PRE_STAGE:PRE_STAGE_FILES      | 1 of 1 ✔
[8e/0049cc] REA…SSING:FASTQC (ERR11435658) | 17 of 23
[d4/85dd65] REA…CKSUM_VERIFY (ERR11435656) | 23 of 23 ✔
[84/3457f2] REA…:TRIM_GALORE (ERR11435648) | 18 of 23
[cb/ee050c] PAR…8.dna.primary_assembly.fa) | 0 of 1
[-        ] PAR…YSIS:PARABRICKS_FQ2BAMMETH -
[-        ] PAR…KS_ANALYSIS:SAMTOOLS_INDEX -
[-        ] PARABRICKS_ANALYSIS:QUALIMAP   -
[1e/f67e4a] PAR…8.dna.primary_assembly.fa) | 1 of 1 ✔
[-        ] PAR…LYSIS:METHYLDACKEL_EXTRACT -
[-        ] DIF…METHYLATION:EDGER_ANALYSIS -
[-        ] DIF…YLATION:METHYLKIT_ANALYSIS -
[-        ] DIF…L_METHYLATION:DSS_ANALYSIS -
[-        ] RES…SIS:ANNOTATE_RESULTS_EDGER -
[-        ] RES…YSIS:POST_PROCESSING_EDGER -
[-        ] RES…:ENRICHMENT_ANALYSIS_EDGER -
[-        ] RES…:POST_PROCESSING_METHYLKIT -
[-        ] RES…ICHMENT_ANALYSIS_METHYLKIT -
[-        ] RES…LYSIS:ANNOTATE_RESULTS_DSS -
[-        ] RES…ALYSIS:POST_PROCESSING_DSS -
Plus 11 more processes waiting for tasks…
WARN: Environment variable `R_LIBS_USER` evaluates to an empty value
WARN: Environment variable `R_LIBS_SITE` evaluates to an empty value
WARN: Environment variable `R_LIBS_USER` evaluates to an empty value
WARN: Environment variable `R_LIBS_SITE` evaluates to an empty value

executor >  local (69)
[e1/fb3c66] PRE_STAGE:PRE_STAGE_FILES      | 1 of 1 ✔
[d1/d3c2d5] REA…SSING:FASTQC (ERR11435642) | 18 of 23
[d4/85dd65] REA…CKSUM_VERIFY (ERR11435656) | 23 of 23 ✔
[4f/1c401c] REA…:TRIM_GALORE (ERR11435642) | 18 of 23
[cb/ee050c] PAR…8.dna.primary_assembly.fa) | 0 of 1
[-        ] PAR…YSIS:PARABRICKS_FQ2BAMMETH -
[-        ] PAR…KS_ANALYSIS:SAMTOOLS_INDEX -
[-        ] PARABRICKS_ANALYSIS:QUALIMAP   -
[1e/f67e4a] PAR…8.dna.primary_assembly.fa) | 1 of 1 ✔
[-        ] PAR…LYSIS:METHYLDACKEL_EXTRACT -
[-        ] DIF…METHYLATION:EDGER_ANALYSIS -
[-        ] DIF…YLATION:METHYLKIT_ANALYSIS -
[-        ] DIF…L_METHYLATION:DSS_ANALYSIS -
[-        ] RES…SIS:ANNOTATE_RESULTS_EDGER -
[-        ] RES…YSIS:POST_PROCESSING_EDGER -
[-        ] RES…:ENRICHMENT_ANALYSIS_EDGER -
[-        ] RES…:POST_PROCESSING_METHYLKIT -
[-        ] RES…ICHMENT_ANALYSIS_METHYLKIT -
[-        ] RES…LYSIS:ANNOTATE_RESULTS_DSS -
[-        ] RES…ALYSIS:POST_PROCESSING_DSS -
Plus 11 more processes waiting for tasks…
WARN: Environment variable `R_LIBS_USER` evaluates to an empty value
WARN: Environment variable `R_LIBS_SITE` evaluates to an empty value





executor >  local (70)
[e1/fb3c66] PRE_STAGE:PRE_STAGE_FILES      | 1 of 1 ✔
[68/4286e2] REA…SSING:FASTQC (ERR11435660) | 19 of 23
[d4/85dd65] REA…CKSUM_VERIFY (ERR11435656) | 23 of 23 ✔
[dc/a111ce] REA…:TRIM_GALORE (ERR11435658) | 18 of 23
[cb/ee050c] PAR…8.dna.primary_assembly.fa) | 0 of 1
[-        ] PAR…YSIS:PARABRICKS_FQ2BAMMETH -
[-        ] PAR…KS_ANALYSIS:SAMTOOLS_INDEX -
[-        ] PARABRICKS_ANALYSIS:QUALIMAP   -
[1e/f67e4a] PAR…8.dna.primary_assembly.fa) | 1 of 1 ✔
[-        ] PAR…LYSIS:METHYLDACKEL_EXTRACT -
[-        ] DIF…METHYLATION:EDGER_ANALYSIS -
[-        ] DIF…YLATION:METHYLKIT_ANALYSIS -
[-        ] DIF…L_METHYLATION:DSS_ANALYSIS -
[-        ] RES…SIS:ANNOTATE_RESULTS_EDGER -
[-        ] RES…YSIS:POST_PROCESSING_EDGER -
[-        ] RES…:ENRICHMENT_ANALYSIS_EDGER -
[-        ] RES…:POST_PROCESSING_METHYLKIT -
[-        ] RES…ICHMENT_ANALYSIS_METHYLKIT -
[-        ] RES…LYSIS:ANNOTATE_RESULTS_DSS -
[-        ] RES…ALYSIS:POST_PROCESSING_DSS -
Plus 11 more processes waiting for tasks…
WARN: Environment variable `R_LIBS_USER` evaluates to an empty value
WARN: Environment variable `R_LIBS_SITE` evaluates to an empty value
WARN: Environment variable `R_LIBS_USER` evaluates to an empty value
WARN: Environment variable `R_LIBS_SITE` evaluates to an empty value



executor >  local (71)
[e1/fb3c66] PRE_STAGE:PRE_STAGE_FILES      | 1 of 1 ✔
[f6/557c29] REA…SSING:FASTQC (ERR11435648) | 20 of 23
[d4/85dd65] REA…CKSUM_VERIFY (ERR11435656) | 23 of 23 ✔
[19/6ffc87] REA…:TRIM_GALORE (ERR11435662) | 18 of 23
[cb/ee050c] PAR…8.dna.primary_assembly.fa) | 0 of 1
[-        ] PAR…YSIS:PARABRICKS_FQ2BAMMETH -
[-        ] PAR…KS_ANALYSIS:SAMTOOLS_INDEX -
[-        ] PARABRICKS_ANALYSIS:QUALIMAP   -
[1e/f67e4a] PAR…8.dna.primary_assembly.fa) | 1 of 1 ✔
[-        ] PAR…LYSIS:METHYLDACKEL_EXTRACT -
[-        ] DIF…METHYLATION:EDGER_ANALYSIS -
[-        ] DIF…YLATION:METHYLKIT_ANALYSIS -
[-        ] DIF…L_METHYLATION:DSS_ANALYSIS -
[-        ] RES…SIS:ANNOTATE_RESULTS_EDGER -
[-        ] RES…YSIS:POST_PROCESSING_EDGER -
[-        ] RES…:ENRICHMENT_ANALYSIS_EDGER -
[-        ] RES…:POST_PROCESSING_METHYLKIT -
[-        ] RES…ICHMENT_ANALYSIS_METHYLKIT -
[-        ] RES…LYSIS:ANNOTATE_RESULTS_DSS -
[-        ] RES…ALYSIS:POST_PROCESSING_DSS -
Plus 11 more processes waiting for tasks…
WARN: Environment variable `R_LIBS_USER` evaluates to an empty value
WARN: Environment variable `R_LIBS_SITE` evaluates to an empty value
WARN: Environment variable `R_LIBS_USER` evaluates to an empty value
WARN: Environment variable `R_LIBS_SITE` evaluates to an empty value



executor >  local (72)
[e1/fb3c66] PRE_STAGE:PRE_STAGE_FILES      | 1 of 1 ✔
[6d/05f8d1] REA…SSING:FASTQC (ERR11435650) | 21 of 23
[d4/85dd65] REA…CKSUM_VERIFY (ERR11435656) | 23 of 23 ✔
[1c/7f659d] REA…:TRIM_GALORE (ERR11435660) | 18 of 23
[cb/ee050c] PAR…8.dna.primary_assembly.fa) | 0 of 1
[-        ] PAR…YSIS:PARABRICKS_FQ2BAMMETH -
[-        ] PAR…KS_ANALYSIS:SAMTOOLS_INDEX -
[-        ] PARABRICKS_ANALYSIS:QUALIMAP   -
[1e/f67e4a] PAR…8.dna.primary_assembly.fa) | 1 of 1 ✔
[-        ] PAR…LYSIS:METHYLDACKEL_EXTRACT -
[-        ] DIF…METHYLATION:EDGER_ANALYSIS -
[-        ] DIF…YLATION:METHYLKIT_ANALYSIS -
[-        ] DIF…L_METHYLATION:DSS_ANALYSIS -
[-        ] RES…SIS:ANNOTATE_RESULTS_EDGER -
[-        ] RES…YSIS:POST_PROCESSING_EDGER -
[-        ] RES…:ENRICHMENT_ANALYSIS_EDGER -
[-        ] RES…:POST_PROCESSING_METHYLKIT -
[-        ] RES…ICHMENT_ANALYSIS_METHYLKIT -
[-        ] RES…LYSIS:ANNOTATE_RESULTS_DSS -
[-        ] RES…ALYSIS:POST_PROCESSING_DSS -
Plus 11 more processes waiting for tasks…
WARN: Environment variable `R_LIBS_USER` evaluates to an empty value
WARN: Environment variable `R_LIBS_SITE` evaluates to an empty value





executor >  local (72)
[e1/fb3c66] PRE_STAGE:PRE_STAGE_FILES      | 1 of 1 ✔
[6d/05f8d1] REA…SSING:FASTQC (ERR11435650) | 21 of 23
[d4/85dd65] REA…CKSUM_VERIFY (ERR11435656) | 23 of 23 ✔
[84/3457f2] REA…:TRIM_GALORE (ERR11435648) | 19 of 23
[cb/ee050c] PAR…8.dna.primary_assembly.fa) | 0 of 1
[-        ] PAR…YSIS:PARABRICKS_FQ2BAMMETH -
[-        ] PAR…KS_ANALYSIS:SAMTOOLS_INDEX -
[-        ] PARABRICKS_ANALYSIS:QUALIMAP   -
[1e/f67e4a] PAR…8.dna.primary_assembly.fa) | 1 of 1 ✔
[-        ] PAR…LYSIS:METHYLDACKEL_EXTRACT -
[-        ] DIF…METHYLATION:EDGER_ANALYSIS -
[-        ] DIF…YLATION:METHYLKIT_ANALYSIS -
[-        ] DIF…L_METHYLATION:DSS_ANALYSIS -
[-        ] RES…SIS:ANNOTATE_RESULTS_EDGER -
[-        ] RES…YSIS:POST_PROCESSING_EDGER -
[-        ] RES…:ENRICHMENT_ANALYSIS_EDGER -
[-        ] RES…:POST_PROCESSING_METHYLKIT -
[-        ] RES…ICHMENT_ANALYSIS_METHYLKIT -
[-        ] RES…LYSIS:ANNOTATE_RESULTS_DSS -
[-        ] RES…ALYSIS:POST_PROCESSING_DSS -
Plus 11 more processes waiting for tasks…
WARN: Environment variable `R_LIBS_USER` evaluates to an empty value
WARN: Environment variable `R_LIBS_SITE` evaluates to an empty value





executor >  local (72)
[e1/fb3c66] PRE_STAGE:PRE_STAGE_FILES      | 1 of 1 ✔
[6d/05f8d1] REA…SSING:FASTQC (ERR11435650) | 21 of 23
[d4/85dd65] REA…CKSUM_VERIFY (ERR11435656) | 23 of 23 ✔
[dc/a111ce] REA…:TRIM_GALORE (ERR11435658) | 20 of 23
[cb/ee050c] PAR…8.dna.primary_assembly.fa) | 0 of 1
[-        ] PAR…YSIS:PARABRICKS_FQ2BAMMETH -
[-        ] PAR…KS_ANALYSIS:SAMTOOLS_INDEX -
[-        ] PARABRICKS_ANALYSIS:QUALIMAP   -
[1e/f67e4a] PAR…8.dna.primary_assembly.fa) | 1 of 1 ✔
[-        ] PAR…LYSIS:METHYLDACKEL_EXTRACT -
[-        ] DIF…METHYLATION:EDGER_ANALYSIS -
[-        ] DIF…YLATION:METHYLKIT_ANALYSIS -
[-        ] DIF…L_METHYLATION:DSS_ANALYSIS -
[-        ] RES…SIS:ANNOTATE_RESULTS_EDGER -
[-        ] RES…YSIS:POST_PROCESSING_EDGER -
[-        ] RES…:ENRICHMENT_ANALYSIS_EDGER -
[-        ] RES…:POST_PROCESSING_METHYLKIT -
[-        ] RES…ICHMENT_ANALYSIS_METHYLKIT -
[-        ] RES…LYSIS:ANNOTATE_RESULTS_DSS -
[-        ] RES…ALYSIS:POST_PROCESSING_DSS -
Plus 11 more processes waiting for tasks…



executor >  local (72)
[e1/fb3c66] PRE_STAGE:PRE_STAGE_FILES      | 1 of 1 ✔
[6d/05f8d1] REA…SSING:FASTQC (ERR11435650) | 21 of 23
[d4/85dd65] REA…CKSUM_VERIFY (ERR11435656) | 23 of 23 ✔
[4f/1c401c] REA…:TRIM_GALORE (ERR11435642) | 21 of 23
[cb/ee050c] PAR…8.dna.primary_assembly.fa) | 0 of 1
[-        ] PAR…YSIS:PARABRICKS_FQ2BAMMETH -
[-        ] PAR…KS_ANALYSIS:SAMTOOLS_INDEX -
[-        ] PARABRICKS_ANALYSIS:QUALIMAP   -
[1e/f67e4a] PAR…8.dna.primary_assembly.fa) | 1 of 1 ✔
[-        ] PAR…LYSIS:METHYLDACKEL_EXTRACT -
[-        ] DIF…METHYLATION:EDGER_ANALYSIS -
[-        ] DIF…YLATION:METHYLKIT_ANALYSIS -
[-        ] DIF…L_METHYLATION:DSS_ANALYSIS -
[-        ] RES…SIS:ANNOTATE_RESULTS_EDGER -
[-        ] RES…YSIS:POST_PROCESSING_EDGER -
[-        ] RES…:ENRICHMENT_ANALYSIS_EDGER -
[-        ] RES…:POST_PROCESSING_METHYLKIT -
[-        ] RES…ICHMENT_ANALYSIS_METHYLKIT -
[-        ] RES…LYSIS:ANNOTATE_RESULTS_DSS -
[-        ] RES…ALYSIS:POST_PROCESSING_DSS -
Plus 11 more processes waiting for tasks…



executor >  local (72)
[e1/fb3c66] PRE_STAGE:PRE_STAGE_FILES      | 1 of 1 ✔
[bd/0f5a1f] REA…SSING:FASTQC (ERR11435656) | 22 of 23
[d4/85dd65] REA…CKSUM_VERIFY (ERR11435656) | 23 of 23 ✔
[4f/1c401c] REA…:TRIM_GALORE (ERR11435642) | 21 of 23
[cb/ee050c] PAR…8.dna.primary_assembly.fa) | 0 of 1
[-        ] PAR…YSIS:PARABRICKS_FQ2BAMMETH -
[-        ] PAR…KS_ANALYSIS:SAMTOOLS_INDEX -
[-        ] PARABRICKS_ANALYSIS:QUALIMAP   -
[1e/f67e4a] PAR…8.dna.primary_assembly.fa) | 1 of 1 ✔
[-        ] PAR…LYSIS:METHYLDACKEL_EXTRACT -
[-        ] DIF…METHYLATION:EDGER_ANALYSIS -
[-        ] DIF…YLATION:METHYLKIT_ANALYSIS -
[-        ] DIF…L_METHYLATION:DSS_ANALYSIS -
[-        ] RES…SIS:ANNOTATE_RESULTS_EDGER -
[-        ] RES…YSIS:POST_PROCESSING_EDGER -
[-        ] RES…:ENRICHMENT_ANALYSIS_EDGER -
[-        ] RES…:POST_PROCESSING_METHYLKIT -
[-        ] RES…ICHMENT_ANALYSIS_METHYLKIT -
[-        ] RES…LYSIS:ANNOTATE_RESULTS_DSS -
[-        ] RES…ALYSIS:POST_PROCESSING_DSS -
Plus 11 more processes waiting for tasks…

executor >  local (72)
[e1/fb3c66] PRE_STAGE:PRE_STAGE_FILES      | 1 of 1 ✔
[bd/0f5a1f] REA…SSING:FASTQC (ERR11435656) | 22 of 23
[d4/85dd65] REA…CKSUM_VERIFY (ERR11435656) | 23 of 23 ✔
[19/6ffc87] REA…:TRIM_GALORE (ERR11435662) | 22 of 23
[cb/ee050c] PAR…8.dna.primary_assembly.fa) | 0 of 1
[-        ] PAR…YSIS:PARABRICKS_FQ2BAMMETH -
[-        ] PAR…KS_ANALYSIS:SAMTOOLS_INDEX -
[-        ] PARABRICKS_ANALYSIS:QUALIMAP   -
[1e/f67e4a] PAR…8.dna.primary_assembly.fa) | 1 of 1 ✔
[-        ] PAR…LYSIS:METHYLDACKEL_EXTRACT -
[-        ] DIF…METHYLATION:EDGER_ANALYSIS -
[-        ] DIF…YLATION:METHYLKIT_ANALYSIS -
[-        ] DIF…L_METHYLATION:DSS_ANALYSIS -
[-        ] RES…SIS:ANNOTATE_RESULTS_EDGER -
[-        ] RES…YSIS:POST_PROCESSING_EDGER -
[-        ] RES…:ENRICHMENT_ANALYSIS_EDGER -
[-        ] RES…:POST_PROCESSING_METHYLKIT -
[-        ] RES…ICHMENT_ANALYSIS_METHYLKIT -
[-        ] RES…LYSIS:ANNOTATE_RESULTS_DSS -
[-        ] RES…ALYSIS:POST_PROCESSING_DSS -
Plus 11 more processes waiting for tasks…

executor >  local (72)
[e1/fb3c66] PRE_STAGE:PRE_STAGE_FILES      | 1 of 1 ✔
[bd/0f5a1f] REA…SSING:FASTQC (ERR11435656) | 22 of 23
[d4/85dd65] REA…CKSUM_VERIFY (ERR11435656) | 23 of 23 ✔
[1c/7f659d] REA…:TRIM_GALORE (ERR11435660) | 23 of 23 ✔
[cb/ee050c] PAR…8.dna.primary_assembly.fa) | 0 of 1
[-        ] PAR…YSIS:PARABRICKS_FQ2BAMMETH -
[-        ] PAR…KS_ANALYSIS:SAMTOOLS_INDEX -
[-        ] PARABRICKS_ANALYSIS:QUALIMAP   -
[1e/f67e4a] PAR…8.dna.primary_assembly.fa) | 1 of 1 ✔
[-        ] PAR…LYSIS:METHYLDACKEL_EXTRACT -
[-        ] DIF…METHYLATION:EDGER_ANALYSIS -
[-        ] DIF…YLATION:METHYLKIT_ANALYSIS -
[-        ] DIF…L_METHYLATION:DSS_ANALYSIS -
[-        ] RES…SIS:ANNOTATE_RESULTS_EDGER -
[-        ] RES…YSIS:POST_PROCESSING_EDGER -
[-        ] RES…:ENRICHMENT_ANALYSIS_EDGER -
[-        ] RES…:POST_PROCESSING_METHYLKIT -
[-        ] RES…ICHMENT_ANALYSIS_METHYLKIT -
[-        ] RES…LYSIS:ANNOTATE_RESULTS_DSS -
[-        ] RES…ALYSIS:POST_PROCESSING_DSS -
Plus 11 more processes waiting for tasks…

executor >  local (72)
[e1/fb3c66] PRE_STAGE:PRE_STAGE_FILES      | 1 of 1 ✔
[00/b2b87a] REA…SSING:FASTQC (ERR11435662) | 23 of 23 ✔
[d4/85dd65] REA…CKSUM_VERIFY (ERR11435656) | 23 of 23 ✔
[1c/7f659d] REA…:TRIM_GALORE (ERR11435660) | 23 of 23 ✔
[cb/ee050c] PAR…8.dna.primary_assembly.fa) | 0 of 1
[-        ] PAR…YSIS:PARABRICKS_FQ2BAMMETH -
[-        ] PAR…KS_ANALYSIS:SAMTOOLS_INDEX -
[-        ] PARABRICKS_ANALYSIS:QUALIMAP   -
[1e/f67e4a] PAR…8.dna.primary_assembly.fa) | 1 of 1 ✔
[-        ] PAR…LYSIS:METHYLDACKEL_EXTRACT -
[-        ] DIF…METHYLATION:EDGER_ANALYSIS -
[-        ] DIF…YLATION:METHYLKIT_ANALYSIS -
[-        ] DIF…L_METHYLATION:DSS_ANALYSIS -
[-        ] RES…SIS:ANNOTATE_RESULTS_EDGER -
[-        ] RES…YSIS:POST_PROCESSING_EDGER -
[-        ] RES…:ENRICHMENT_ANALYSIS_EDGER -
[-        ] RES…:POST_PROCESSING_METHYLKIT -
[-        ] RES…ICHMENT_ANALYSIS_METHYLKIT -
[-        ] RES…LYSIS:ANNOTATE_RESULTS_DSS -
[-        ] RES…ALYSIS:POST_PROCESSING_DSS -
Plus 11 more processes waiting for tasks…

executor >  local (73)
[e1/fb3c66] PRE_STAGE:PRE_STAGE_FILES      | 1 of 1 ✔
[00/b2b87a] REA…SSING:FASTQC (ERR11435662) | 23 of 23 ✔
[d4/85dd65] REA…CKSUM_VERIFY (ERR11435656) | 23 of 23 ✔
[1c/7f659d] REA…:TRIM_GALORE (ERR11435660) | 23 of 23 ✔
[cb/ee050c] PAR…8.dna.primary_assembly.fa) | 1 of 1 ✔
[e1/f831dc] PAR…S_FQ2BAMMETH (ERR11435653) | 0 of 23
[-        ] PAR…KS_ANALYSIS:SAMTOOLS_INDEX -
[-        ] PARABRICKS_ANALYSIS:QUALIMAP   -
[1e/f67e4a] PAR…8.dna.primary_assembly.fa) | 1 of 1 ✔
[-        ] PAR…LYSIS:METHYLDACKEL_EXTRACT -
[-        ] DIF…METHYLATION:EDGER_ANALYSIS -
[-        ] DIF…YLATION:METHYLKIT_ANALYSIS -
[-        ] DIF…L_METHYLATION:DSS_ANALYSIS -
[-        ] RES…SIS:ANNOTATE_RESULTS_EDGER -
[-        ] RES…YSIS:POST_PROCESSING_EDGER -
[-        ] RES…:ENRICHMENT_ANALYSIS_EDGER -
[-        ] RES…:POST_PROCESSING_METHYLKIT -
[-        ] RES…ICHMENT_ANALYSIS_METHYLKIT -
[-        ] RES…LYSIS:ANNOTATE_RESULTS_DSS -
[-        ] RES…ALYSIS:POST_PROCESSING_DSS -
Plus 11 more processes waiting for tasks…
WARN: Environment variable `R_LIBS_USER` evaluates to an empty value
WARN: Environment variable `R_LIBS_SITE` evaluates to an empty value

executor >  local (74)
[e1/fb3c66] PRE_STAGE:PRE_STAGE_FILES      | 1 of 1 ✔
[00/b2b87a] REA…SSING:FASTQC (ERR11435662) | 23 of 23 ✔
[d4/85dd65] REA…CKSUM_VERIFY (ERR11435656) | 23 of 23 ✔
[1c/7f659d] REA…:TRIM_GALORE (ERR11435660) | 23 of 23 ✔
[cb/ee050c] PAR…8.dna.primary_assembly.fa) | 1 of 1 ✔
[8e/cc855c] PAR…S_FQ2BAMMETH (ERR11435654) | 1 of 23
[-        ] PAR…KS_ANALYSIS:SAMTOOLS_INDEX | 0 of 1
[-        ] PARABRICKS_ANALYSIS:QUALIMAP   -
[1e/f67e4a] PAR…8.dna.primary_assembly.fa) | 1 of 1 ✔
[-        ] PAR…LYSIS:METHYLDACKEL_EXTRACT -
[-        ] DIF…METHYLATION:EDGER_ANALYSIS -
[-        ] DIF…YLATION:METHYLKIT_ANALYSIS -
[-        ] DIF…L_METHYLATION:DSS_ANALYSIS -
[-        ] RES…SIS:ANNOTATE_RESULTS_EDGER -
[-        ] RES…YSIS:POST_PROCESSING_EDGER -
[-        ] RES…:ENRICHMENT_ANALYSIS_EDGER -
[-        ] RES…:POST_PROCESSING_METHYLKIT -
[-        ] RES…ICHMENT_ANALYSIS_METHYLKIT -
[-        ] RES…LYSIS:ANNOTATE_RESULTS_DSS -
[-        ] RES…ALYSIS:POST_PROCESSING_DSS -
Plus 11 more processes waiting for tasks…
WARN: Environment variable `R_LIBS_USER` evaluates to an empty value
WARN: Environment variable `R_LIBS_SITE` evaluates to an empty value



executor >  local (75)
[e1/fb3c66] PRE_STAGE:PRE_STAGE_FILES      | 1 of 1 ✔
[00/b2b87a] REA…SSING:FASTQC (ERR11435662) | 23 of 23 ✔
[d4/85dd65] REA…CKSUM_VERIFY (ERR11435656) | 23 of 23 ✔
[1c/7f659d] REA…:TRIM_GALORE (ERR11435660) | 23 of 23 ✔
[cb/ee050c] PAR…8.dna.primary_assembly.fa) | 1 of 1 ✔
[6a/1ac7cd] PAR…S_FQ2BAMMETH (ERR11435663) | 2 of 23
[-        ] PAR…KS_ANALYSIS:SAMTOOLS_INDEX | 0 of 2
[-        ] PARABRICKS_ANALYSIS:QUALIMAP   -
[1e/f67e4a] PAR…8.dna.primary_assembly.fa) | 1 of 1 ✔
[-        ] PAR…LYSIS:METHYLDACKEL_EXTRACT -
[-        ] DIF…METHYLATION:EDGER_ANALYSIS -
[-        ] DIF…YLATION:METHYLKIT_ANALYSIS -
[-        ] DIF…L_METHYLATION:DSS_ANALYSIS -
[-        ] RES…SIS:ANNOTATE_RESULTS_EDGER -
[-        ] RES…YSIS:POST_PROCESSING_EDGER -
[-        ] RES…:ENRICHMENT_ANALYSIS_EDGER -
[-        ] RES…:POST_PROCESSING_METHYLKIT -
[-        ] RES…ICHMENT_ANALYSIS_METHYLKIT -
[-        ] RES…LYSIS:ANNOTATE_RESULTS_DSS -
[-        ] RES…ALYSIS:POST_PROCESSING_DSS -
Plus 11 more processes waiting for tasks…
WARN: Environment variable `R_LIBS_USER` evaluates to an empty value
WARN: Environment variable `R_LIBS_SITE` evaluates to an empty value



executor >  local (75)
[e1/fb3c66] PRE_STAGE:PRE_STAGE_FILES      | 1 of 1 ✔
[00/b2b87a] REA…SSING:FASTQC (ERR11435662) | 23 of 23 ✔
[d4/85dd65] REA…CKSUM_VERIFY (ERR11435656) | 23 of 23 ✔
[1c/7f659d] REA…:TRIM_GALORE (ERR11435660) | 23 of 23 ✔
[cb/ee050c] PAR…8.dna.primary_assembly.fa) | 1 of 1 ✔
[6a/1ac7cd] PAR…S_FQ2BAMMETH (ERR11435663) | 2 of 23
[-        ] PAR…KS_ANALYSIS:SAMTOOLS_INDEX | 0 of 2
[-        ] PARABRICKS_ANALYSIS:QUALIMAP   -
[1e/f67e4a] PAR…8.dna.primary_assembly.fa) | 1 of 1 ✔
[-        ] PAR…LYSIS:METHYLDACKEL_EXTRACT -
[-        ] DIF…METHYLATION:EDGER_ANALYSIS -
[-        ] DIF…YLATION:METHYLKIT_ANALYSIS -
[-        ] DIF…L_METHYLATION:DSS_ANALYSIS -
[-        ] RES…SIS:ANNOTATE_RESULTS_EDGER -
[-        ] RES…YSIS:POST_PROCESSING_EDGER -
[-        ] RES…:ENRICHMENT_ANALYSIS_EDGER -
[-        ] RES…:POST_PROCESSING_METHYLKIT -
[-        ] RES…ICHMENT_ANALYSIS_METHYLKIT -
[-        ] RES…LYSIS:ANNOTATE_RESULTS_DSS -
[-        ] RES…ALYSIS:POST_PROCESSING_DSS -
Plus 11 more processes waiting for tasks…
WARN: Environment variable `R_LIBS_USER` evaluates to an empty value
WARN: Environment variable `R_LIBS_SITE` evaluates to an empty value



executor >  local (76)
[e1/fb3c66] PRE_STAGE:PRE_STAGE_FILES      | 1 of 1 ✔
[00/b2b87a] REA…SSING:FASTQC (ERR11435662) | 23 of 23 ✔
[d4/85dd65] REA…CKSUM_VERIFY (ERR11435656) | 23 of 23 ✔
[1c/7f659d] REA…:TRIM_GALORE (ERR11435660) | 23 of 23 ✔
[cb/ee050c] PAR…8.dna.primary_assembly.fa) | 1 of 1 ✔
[9f/1379e1] PAR…S_FQ2BAMMETH (ERR11435656) | 3 of 23
[-        ] PAR…KS_ANALYSIS:SAMTOOLS_INDEX | 0 of 3
[-        ] PARABRICKS_ANALYSIS:QUALIMAP   -
[1e/f67e4a] PAR…8.dna.primary_assembly.fa) | 1 of 1 ✔
[-        ] PAR…LYSIS:METHYLDACKEL_EXTRACT -
[-        ] DIF…METHYLATION:EDGER_ANALYSIS -
[-        ] DIF…YLATION:METHYLKIT_ANALYSIS -
[-        ] DIF…L_METHYLATION:DSS_ANALYSIS -
[-        ] RES…SIS:ANNOTATE_RESULTS_EDGER -
[-        ] RES…YSIS:POST_PROCESSING_EDGER -
[-        ] RES…:ENRICHMENT_ANALYSIS_EDGER -
[-        ] RES…:POST_PROCESSING_METHYLKIT -
[-        ] RES…ICHMENT_ANALYSIS_METHYLKIT -
[-        ] RES…LYSIS:ANNOTATE_RESULTS_DSS -
[-        ] RES…ALYSIS:POST_PROCESSING_DSS -
Plus 11 more processes waiting for tasks…
WARN: Environment variable `R_LIBS_USER` evaluates to an empty value
WARN: Environment variable `R_LIBS_SITE` evaluates to an empty value



executor >  local (77)
[e1/fb3c66] PRE_STAGE:PRE_STAGE_FILES      | 1 of 1 ✔
[00/b2b87a] REA…SSING:FASTQC (ERR11435662) | 23 of 23 ✔
[d4/85dd65] REA…CKSUM_VERIFY (ERR11435656) | 23 of 23 ✔
[1c/7f659d] REA…:TRIM_GALORE (ERR11435660) | 23 of 23 ✔
[cb/ee050c] PAR…8.dna.primary_assembly.fa) | 1 of 1 ✔
[ec/b6a4a1] PAR…S_FQ2BAMMETH (ERR11435657) | 4 of 23
[-        ] PAR…KS_ANALYSIS:SAMTOOLS_INDEX | 0 of 4
[-        ] PARABRICKS_ANALYSIS:QUALIMAP   -
[1e/f67e4a] PAR…8.dna.primary_assembly.fa) | 1 of 1 ✔
[-        ] PAR…LYSIS:METHYLDACKEL_EXTRACT -
[-        ] DIF…METHYLATION:EDGER_ANALYSIS -
[-        ] DIF…YLATION:METHYLKIT_ANALYSIS -
[-        ] DIF…L_METHYLATION:DSS_ANALYSIS -
[-        ] RES…SIS:ANNOTATE_RESULTS_EDGER -
[-        ] RES…YSIS:POST_PROCESSING_EDGER -
[-        ] RES…:ENRICHMENT_ANALYSIS_EDGER -
[-        ] RES…:POST_PROCESSING_METHYLKIT -
[-        ] RES…ICHMENT_ANALYSIS_METHYLKIT -
[-        ] RES…LYSIS:ANNOTATE_RESULTS_DSS -
[-        ] RES…ALYSIS:POST_PROCESSING_DSS -
Plus 11 more processes waiting for tasks…
WARN: Environment variable `R_LIBS_USER` evaluates to an empty value
WARN: Environment variable `R_LIBS_SITE` evaluates to an empty value



executor >  local (77)
[e1/fb3c66] PRE_STAGE:PRE_STAGE_FILES      | 1 of 1 ✔
[00/b2b87a] REA…SSING:FASTQC (ERR11435662) | 23 of 23 ✔
[d4/85dd65] REA…CKSUM_VERIFY (ERR11435656) | 23 of 23 ✔
[1c/7f659d] REA…:TRIM_GALORE (ERR11435660) | 23 of 23 ✔
[cb/ee050c] PAR…8.dna.primary_assembly.fa) | 1 of 1 ✔
[ec/b6a4a1] PAR…S_FQ2BAMMETH (ERR11435657) | 4 of 23
[-        ] PAR…KS_ANALYSIS:SAMTOOLS_INDEX | 0 of 4
[-        ] PARABRICKS_ANALYSIS:QUALIMAP   -
[1e/f67e4a] PAR…8.dna.primary_assembly.fa) | 1 of 1 ✔
[-        ] PAR…LYSIS:METHYLDACKEL_EXTRACT -
[-        ] DIF…METHYLATION:EDGER_ANALYSIS -
[-        ] DIF…YLATION:METHYLKIT_ANALYSIS -
[-        ] DIF…L_METHYLATION:DSS_ANALYSIS -
[-        ] RES…SIS:ANNOTATE_RESULTS_EDGER -
[-        ] RES…YSIS:POST_PROCESSING_EDGER -
[-        ] RES…:ENRICHMENT_ANALYSIS_EDGER -
[-        ] RES…:POST_PROCESSING_METHYLKIT -
[-        ] RES…ICHMENT_ANALYSIS_METHYLKIT -
[-        ] RES…LYSIS:ANNOTATE_RESULTS_DSS -
[-        ] RES…ALYSIS:POST_PROCESSING_DSS -
Plus 11 more processes waiting for tasks…
WARN: Environment variable `R_LIBS_USER` evaluates to an empty value
WARN: Environment variable `R_LIBS_SITE` evaluates to an empty value


