
 N E X T F L O W   ~  version 25.10.2

Launching `main.nf` [irreverent_heyrovsky] DSL2 - revision: f2734bdf94

WARN: The following invalid input values have been detected:

* --genome_fasta: /data/Jyotirmoy/JD/TwistMethylFlow-devel/MethylFlow/data/test_data/Homo_sapiens.GRCh38.dna.primary_assembly.fa
* --bismark_index: false
* --save_reference: false
* --aligner: bwameth
* --use_parabricks: true
* --design_file: null
* --run_clinical_report: true
* --promoter_dist: 2000
* --enhancer_dist: 10000
* --compare_str: all
* --coverage_threshold: 3
* --min_30x_pc: 80
* --multiqc_config: null
* --multiqc_title: null
* --max_memory: 250.GB
* --max_cpus: 48
* --max_time: 72.h
* --gtf_file: /data/Jyotirmoy/JD/TwistMethylFlow-devel/MethylFlow/data/test_data/Homo_sapiens.GRCh38.104.gtf
* --refseq_file: /data/Jyotirmoy/JD/TwistMethylFlow-devel/MethylFlow/data/test_data/hg38_RefSeq.bed.gz
* --methylkit: [assembly:hg38, mc_cores:8, diff:0.25, qvalue:0.01, bed_file:/data/Jyotirmoy/JD/TwistMethylFlow-devel/MethylFlow/data/Twist_HMP_target_BED/covered_targets_Twist_Methylome_hg38_annotated_collapsed.bed, min_per_group:3]
* --dss: [p_threshold:0.01, diff_threshold:0.25]
* --edger: [p_threshold:0.01, logfc_cutoff:0.25]
* --post_processing: true
* --logfc_cutoff: 0.25
* --pvalue_cutoff: 0.01
* --top_n_genes: 100
* --kegg_logfc_cutoff: 0.1
* --kegg_pvalue_cutoff: 0.1
* --hyper_color: red
* --hypo_color: blue
* --nonsig_color: black
* --qualimap_args: 
* --skip_diff_meth: false
* --pre_stage_test_data: true
* --config_profile_name: Minimal Test profile (GPU)
* --config_profile_description: Full clinical test dataset (DMR + Enrichment + Reporting) using local files
* --parabricks_container: nvcr.io/nvidia/clara/clara-parabricks:4.4.0-1



    ===============================================================================
    ▗▄▄▄▖▗▖ ▗▖▗▄▄▄▖ ▗▄▄▖▗▄▄▄▖▗▖  ▗▖▗▄▄▄▖▗▄▄▄▖▗▖ ▗▖▗▖  ▗▖▗▖   ▗▄▄▄▖▗▖    ▗▄▖ ▗▖ ▗▖
      █  ▐▌ ▐▌  █  ▐▌     █  ▐▛▚▞▜▌▐▌     █  ▐▌ ▐▌ ▝▚▞▘ ▐▌   ▐▌   ▐▌   ▐▌ ▐▌▐▌ ▐▌
      █  ▐▌ ▐▌  █   ▝▀▚▖  █  ▐▌  ▐▌▐▛▀▀▘  █  ▐▛▀▜▌  ▐▌  ▐▌   ▐▛▀▀▘▐▌   ▐▌ ▐▌▐▌ ▐▌
      █  ▐▙█▟▌▗▄█▄▖▗▄▄▞▘  █  ▐▌  ▐▌▐▙▄▄▖  █  ▐▌ ▐▌  ▐▌  ▐▙▄▄▖▐▌   ▐▙▄▄▖▝▚▄▞▘▐▙█▟▌

    MethylFlow DNA Methylation Data Analysis Pipeline
    ================================================================================
    Execution Profile       : ${workflow.profile}
    Operating Mode          : ${params.mode}
    Sample Sheet            : ${params.sample_sheet}
    Output Directory        : ${params.outdir}

    [Reference & Environment]
    Genome Fasta            : ${params.genome_fasta}
    Pre-stage Test Data     : ${params.pre_stage_test_data}

    [Alignment Strategy]
    Primary Aligner         : ${params.aligner}
    GPU Acceleration        : ${params.use_parabricks}

    [DMR & Clinical Setup]
    Compare String          : ${params.compare_str}
    Coverage Threshold      : ${params.coverage_threshold}x
    DMR Method              : ${params.diff_meth_method}
    Skip Diff Meth          : ${params.skip_diff_meth}

    [Consensus Thresholds]
    MethylKit (Diff / Q)    : ${params.methylkit.diff} / ${params.methylkit.qvalue}
    DSS (Diff / P)          : ${params.dss.diff_threshold} / ${params.dss.p_threshold}
    EdgeR (LogFC / P)       : ${params.edger.logfc_cutoff} / ${params.edger.p_threshold}
    Top N Genes Exported    : ${params.top_n_genes}
    ================================================================================
    
Creating sample channel from: /data/Jyotirmoy/JD/TwistMethylFlow-devel/MethylFlow/data/Sample_sheet_twist_minimal.csv
[-        ] PRE_STAGE:PRE_STAGE_FILES      -
[-        ] READ_PROCESSING:FASTQC         -
[-        ] REA…PROCESSING:CHECKSUM_VERIFY -
[-        ] READ_PROCESSING:TRIM_GALORE    -
[-        ] PAR…CKS_ANALYSIS:BWAMETH_INDEX -

[-        ] PRE_STAGE:PRE_STAGE_FILES      -
[-        ] READ_PROCESSING:FASTQC         -
[-        ] REA…PROCESSING:CHECKSUM_VERIFY -
[-        ] READ_PROCESSING:TRIM_GALORE    -
[-        ] PAR…CKS_ANALYSIS:BWAMETH_INDEX -
[-        ] PAR…YSIS:PARABRICKS_FQ2BAMMETH -
[-        ] PAR…KS_ANALYSIS:SAMTOOLS_INDEX -
[-        ] PARABRICKS_ANALYSIS:QUALIMAP   -
[-        ] PAR…KS_ANALYSIS:SAMTOOLS_FAIDX -
[-        ] PAR…LYSIS:METHYLDACKEL_EXTRACT -
[-        ] DIF…METHYLATION:EDGER_ANALYSIS -
[-        ] DIF…YLATION:METHYLKIT_ANALYSIS -
[-        ] DIF…L_METHYLATION:DSS_ANALYSIS -
[-        ] RES…SIS:ANNOTATE_RESULTS_EDGER -
[-        ] RES…YSIS:POST_PROCESSING_EDGER -
[-        ] RES…:ENRICHMENT_ANALYSIS_EDGER -
[-        ] RES…:POST_PROCESSING_METHYLKIT -
[-        ] RES…ICHMENT_ANALYSIS_METHYLKIT -
[-        ] RES…LYSIS:ANNOTATE_RESULTS_DSS -
[-        ] RES…ALYSIS:POST_PROCESSING_DSS -
Plus 1 more processes waiting for tasks…
DIFFERENTIAL_METHYLATION: Prepared coverage files for analysis
DIFFERENTIAL_METHYLATION: Running EdgeR analysis
DIFFERENTIAL_METHYLATION: Running MethylKit analysis
Submitting to DIFFERENTIAL_METHYLATION with method: all
Running RESULT_ANALYSIS...

[-        ] PRE_STAGE:PRE_STAGE_FILES      -
[-        ] READ_PROCESSING:FASTQC         -
[-        ] REA…PROCESSING:CHECKSUM_VERIFY -
[-        ] READ_PROCESSING:TRIM_GALORE    -
[-        ] PAR…CKS_ANALYSIS:BWAMETH_INDEX -
[-        ] PAR…YSIS:PARABRICKS_FQ2BAMMETH -
[-        ] PAR…KS_ANALYSIS:SAMTOOLS_INDEX -
[-        ] PARABRICKS_ANALYSIS:QUALIMAP   -
[-        ] PAR…KS_ANALYSIS:SAMTOOLS_FAIDX -
[-        ] PAR…LYSIS:METHYLDACKEL_EXTRACT -
[-        ] DIF…METHYLATION:EDGER_ANALYSIS -
[-        ] DIF…YLATION:METHYLKIT_ANALYSIS -
[-        ] DIF…L_METHYLATION:DSS_ANALYSIS -
[-        ] RES…SIS:ANNOTATE_RESULTS_EDGER -
[-        ] RES…YSIS:POST_PROCESSING_EDGER -
[-        ] RES…:ENRICHMENT_ANALYSIS_EDGER -
[-        ] RES…:POST_PROCESSING_METHYLKIT -
[-        ] RES…ICHMENT_ANALYSIS_METHYLKIT -
[-        ] RES…LYSIS:ANNOTATE_RESULTS_DSS -
[-        ] RES…ALYSIS:POST_PROCESSING_DSS -
Plus 11 more processes waiting for tasks…
DIFFERENTIAL_METHYLATION: Prepared coverage files for analysis
DIFFERENTIAL_METHYLATION: Running EdgeR analysis
DIFFERENTIAL_METHYLATION: Running MethylKit analysis
Submitting to DIFFERENTIAL_METHYLATION with method: all
Running RESULT_ANALYSIS...
Starting Unified Clinical Results Layer...
WARN: There's no process matching config selector: SAMTOOLS_MERGE -- Did you mean: SAMTOOLS_SORT?

executor >  local (1)
[ed/81d1aa] PRE_STAGE:PRE_STAGE_FILES      | 0 of 1
[-        ] READ_PROCESSING:FASTQC         -
[-        ] REA…PROCESSING:CHECKSUM_VERIFY -
[-        ] READ_PROCESSING:TRIM_GALORE    -
[-        ] PAR…CKS_ANALYSIS:BWAMETH_INDEX -
[-        ] PAR…YSIS:PARABRICKS_FQ2BAMMETH -
[-        ] PAR…KS_ANALYSIS:SAMTOOLS_INDEX -
[-        ] PARABRICKS_ANALYSIS:QUALIMAP   -
[-        ] PAR…KS_ANALYSIS:SAMTOOLS_FAIDX -
[-        ] PAR…LYSIS:METHYLDACKEL_EXTRACT -
[-        ] DIF…METHYLATION:EDGER_ANALYSIS -
[-        ] DIF…YLATION:METHYLKIT_ANALYSIS -
[-        ] DIF…L_METHYLATION:DSS_ANALYSIS -
[-        ] RES…SIS:ANNOTATE_RESULTS_EDGER -
[-        ] RES…YSIS:POST_PROCESSING_EDGER -
[-        ] RES…:ENRICHMENT_ANALYSIS_EDGER -
[-        ] RES…:POST_PROCESSING_METHYLKIT -
[-        ] RES…ICHMENT_ANALYSIS_METHYLKIT -
[-        ] RES…LYSIS:ANNOTATE_RESULTS_DSS -
[-        ] RES…ALYSIS:POST_PROCESSING_DSS -
Plus 11 more processes waiting for tasks…
DIFFERENTIAL_METHYLATION: Prepared coverage files for analysis
DIFFERENTIAL_METHYLATION: Running EdgeR analysis
DIFFERENTIAL_METHYLATION: Running MethylKit analysis
Submitting to DIFFERENTIAL_METHYLATION with method: all
Running RESULT_ANALYSIS...
Starting Unified Clinical Results Layer...
WARN: There's no process matching config selector: SAMTOOLS_MERGE -- Did you mean: SAMTOOLS_SORT?
WARN: Environment variable `R_LIBS_USER` evaluates to an empty value
WARN: Environment variable `R_LIBS_SITE` evaluates to an empty value

executor >  local (7)
[ed/81d1aa] PRE_STAGE:PRE_STAGE_FILES      | 1 of 1 ✔
[-        ] READ_PROCESSING:FASTQC         | 0 of 6
[d0/e6bf5b] REA…CKSUM_VERIFY (ERR11435646) | 0 of 6
[-        ] READ_PROCESSING:TRIM_GALORE    | 0 of 6
[6c/75f357] PAR…8.dna.primary_assembly.fa) | 0 of 1
[-        ] PAR…YSIS:PARABRICKS_FQ2BAMMETH -
[-        ] PAR…KS_ANALYSIS:SAMTOOLS_INDEX -
[-        ] PARABRICKS_ANALYSIS:QUALIMAP   -
[fa/196521] PAR…8.dna.primary_assembly.fa) | 0 of 1
[-        ] PAR…LYSIS:METHYLDACKEL_EXTRACT -
[-        ] DIF…METHYLATION:EDGER_ANALYSIS -
[-        ] DIF…YLATION:METHYLKIT_ANALYSIS -
[-        ] DIF…L_METHYLATION:DSS_ANALYSIS -
[-        ] RES…SIS:ANNOTATE_RESULTS_EDGER -
[-        ] RES…YSIS:POST_PROCESSING_EDGER -
[-        ] RES…:ENRICHMENT_ANALYSIS_EDGER -
[-        ] RES…:POST_PROCESSING_METHYLKIT -
[-        ] RES…ICHMENT_ANALYSIS_METHYLKIT -
[-        ] RES…LYSIS:ANNOTATE_RESULTS_DSS -
[-        ] RES…ALYSIS:POST_PROCESSING_DSS -
Plus 11 more processes waiting for tasks…






WARN: Environment variable `R_LIBS_USER` evaluates to an empty value
WARN: Environment variable `R_LIBS_SITE` evaluates to an empty value
WARN: Environment variable `R_LIBS_USER` evaluates to an empty value
WARN: Environment variable `R_LIBS_SITE` evaluates to an empty value
WARN: Environment variable `R_LIBS_USER` evaluates to an empty value
WARN: Environment variable `R_LIBS_SITE` evaluates to an empty value
WARN: Environment variable `R_LIBS_USER` evaluates to an empty value
WARN: Environment variable `R_LIBS_SITE` evaluates to an empty value
WARN: Environment variable `R_LIBS_USER` evaluates to an empty value
WARN: Environment variable `R_LIBS_SITE` evaluates to an empty value
WARN: Environment variable `R_LIBS_USER` evaluates to an empty value
WARN: Environment variable `R_LIBS_SITE` evaluates to an empty value
WARN: Environment variable `R_LIBS_USER` evaluates to an empty value
WARN: Environment variable `R_LIBS_SITE` evaluates to an empty value




executor >  local (9)
[ed/81d1aa] PRE_STAGE:PRE_STAGE_FILES      | 1 of 1 ✔
[03/5ba19f] REA…SSING:FASTQC (ERR11435652) | 0 of 6
[d0/e6bf5b] REA…CKSUM_VERIFY (ERR11435646) | 0 of 6
[-        ] READ_PROCESSING:TRIM_GALORE    | 0 of 6
[6c/75f357] PAR…8.dna.primary_assembly.fa) | 0 of 1
[-        ] PAR…YSIS:PARABRICKS_FQ2BAMMETH -
[-        ] PAR…KS_ANALYSIS:SAMTOOLS_INDEX -
[-        ] PARABRICKS_ANALYSIS:QUALIMAP   -
[fa/196521] PAR…8.dna.primary_assembly.fa) | 0 of 1
[-        ] PAR…LYSIS:METHYLDACKEL_EXTRACT -
[-        ] DIF…METHYLATION:EDGER_ANALYSIS -
[-        ] DIF…YLATION:METHYLKIT_ANALYSIS -
[-        ] DIF…L_METHYLATION:DSS_ANALYSIS -
[-        ] RES…SIS:ANNOTATE_RESULTS_EDGER -
[-        ] RES…YSIS:POST_PROCESSING_EDGER -
[-        ] RES…:ENRICHMENT_ANALYSIS_EDGER -
[-        ] RES…:POST_PROCESSING_METHYLKIT -
[-        ] RES…ICHMENT_ANALYSIS_METHYLKIT -
[-        ] RES…LYSIS:ANNOTATE_RESULTS_DSS -
[-        ] RES…ALYSIS:POST_PROCESSING_DSS -
Plus 11 more processes waiting for tasks…
WARN: Environment variable `R_LIBS_USER` evaluates to an empty value
WARN: Environment variable `R_LIBS_SITE` evaluates to an empty value
WARN: Environment variable `R_LIBS_USER` evaluates to an empty value
WARN: Environment variable `R_LIBS_SITE` evaluates to an empty value
WARN: Environment variable `R_LIBS_USER` evaluates to an empty value
WARN: Environment variable `R_LIBS_SITE` evaluates to an empty value
WARN: Environment variable `R_LIBS_USER` evaluates to an empty value
WARN: Environment variable `R_LIBS_SITE` evaluates to an empty value
WARN: Environment variable `R_LIBS_USER` evaluates to an empty value
WARN: Environment variable `R_LIBS_SITE` evaluates to an empty value
WARN: Environment variable `R_LIBS_USER` evaluates to an empty value
WARN: Environment variable `R_LIBS_SITE` evaluates to an empty value
WARN: Environment variable `R_LIBS_USER` evaluates to an empty value
WARN: Environment variable `R_LIBS_SITE` evaluates to an empty value
WARN: Environment variable `R_LIBS_USER` evaluates to an empty value
WARN: Environment variable `R_LIBS_SITE` evaluates to an empty value








executor >  local (10)
[ed/81d1aa] PRE_STAGE:PRE_STAGE_FILES      | 1 of 1 ✔
[03/5ba19f] REA…SSING:FASTQC (ERR11435652) | 0 of 6
[d0/e6bf5b] REA…CKSUM_VERIFY (ERR11435646) | 0 of 6
[d0/0e6edb] REA…:TRIM_GALORE (ERR11435647) | 0 of 6
[6c/75f357] PAR…8.dna.primary_assembly.fa) | 0 of 1
[-        ] PAR…YSIS:PARABRICKS_FQ2BAMMETH -
[-        ] PAR…KS_ANALYSIS:SAMTOOLS_INDEX -
[-        ] PARABRICKS_ANALYSIS:QUALIMAP   -
[fa/196521] PAR…8.dna.primary_assembly.fa) | 1 of 1 ✔
[-        ] PAR…LYSIS:METHYLDACKEL_EXTRACT -
[-        ] DIF…METHYLATION:EDGER_ANALYSIS -
[-        ] DIF…YLATION:METHYLKIT_ANALYSIS -
[-        ] DIF…L_METHYLATION:DSS_ANALYSIS -
[-        ] RES…SIS:ANNOTATE_RESULTS_EDGER -
[-        ] RES…YSIS:POST_PROCESSING_EDGER -
[-        ] RES…:ENRICHMENT_ANALYSIS_EDGER -
[-        ] RES…:POST_PROCESSING_METHYLKIT -
[-        ] RES…ICHMENT_ANALYSIS_METHYLKIT -
[-        ] RES…LYSIS:ANNOTATE_RESULTS_DSS -
[-        ] RES…ALYSIS:POST_PROCESSING_DSS -
Plus 11 more processes waiting for tasks…
WARN: Environment variable `R_LIBS_USER` evaluates to an empty value
WARN: Environment variable `R_LIBS_SITE` evaluates to an empty value
WARN: Environment variable `R_LIBS_USER` evaluates to an empty value
WARN: Environment variable `R_LIBS_SITE` evaluates to an empty value
WARN: Environment variable `R_LIBS_USER` evaluates to an empty value
WARN: Environment variable `R_LIBS_SITE` evaluates to an empty value
WARN: Environment variable `R_LIBS_USER` evaluates to an empty value
WARN: Environment variable `R_LIBS_SITE` evaluates to an empty value
WARN: Environment variable `R_LIBS_USER` evaluates to an empty value
WARN: Environment variable `R_LIBS_SITE` evaluates to an empty value
WARN: Environment variable `R_LIBS_USER` evaluates to an empty value
WARN: Environment variable `R_LIBS_SITE` evaluates to an empty value
WARN: Environment variable `R_LIBS_USER` evaluates to an empty value
WARN: Environment variable `R_LIBS_SITE` evaluates to an empty value
WARN: Environment variable `R_LIBS_USER` evaluates to an empty value
WARN: Environment variable `R_LIBS_SITE` evaluates to an empty value
WARN: Environment variable `R_LIBS_USER` evaluates to an empty value
WARN: Environment variable `R_LIBS_SITE` evaluates to an empty value

executor >  local (10)
[ed/81d1aa] PRE_STAGE:PRE_STAGE_FILES      | 1 of 1 ✔
[03/5ba19f] REA…SSING:FASTQC (ERR11435652) | 0 of 6
[d0/e6bf5b] REA…CKSUM_VERIFY (ERR11435646) | 0 of 6
[d0/0e6edb] REA…:TRIM_GALORE (ERR11435647) | 0 of 6
[6c/75f357] PAR…8.dna.primary_assembly.fa) | 0 of 1
[-        ] PAR…YSIS:PARABRICKS_FQ2BAMMETH -
[-        ] PAR…KS_ANALYSIS:SAMTOOLS_INDEX -
[-        ] PARABRICKS_ANALYSIS:QUALIMAP   -
[fa/196521] PAR…8.dna.primary_assembly.fa) | 1 of 1 ✔
[-        ] PAR…LYSIS:METHYLDACKEL_EXTRACT -
[-        ] DIF…METHYLATION:EDGER_ANALYSIS -
[-        ] DIF…YLATION:METHYLKIT_ANALYSIS -
[-        ] DIF…L_METHYLATION:DSS_ANALYSIS -
[-        ] RES…SIS:ANNOTATE_RESULTS_EDGER -
[-        ] RES…YSIS:POST_PROCESSING_EDGER -
[-        ] RES…:ENRICHMENT_ANALYSIS_EDGER -
[-        ] RES…:POST_PROCESSING_METHYLKIT -
[-        ] RES…ICHMENT_ANALYSIS_METHYLKIT -
[-        ] RES…LYSIS:ANNOTATE_RESULTS_DSS -
[-        ] RES…ALYSIS:POST_PROCESSING_DSS -
Plus 11 more processes waiting for tasks…
WARN: Environment variable `R_LIBS_USER` evaluates to an empty value
WARN: Environment variable `R_LIBS_SITE` evaluates to an empty value
WARN: Environment variable `R_LIBS_USER` evaluates to an empty value
WARN: Environment variable `R_LIBS_SITE` evaluates to an empty value
WARN: Environment variable `R_LIBS_USER` evaluates to an empty value
WARN: Environment variable `R_LIBS_SITE` evaluates to an empty value
WARN: Environment variable `R_LIBS_USER` evaluates to an empty value
WARN: Environment variable `R_LIBS_SITE` evaluates to an empty value
WARN: Environment variable `R_LIBS_USER` evaluates to an empty value
WARN: Environment variable `R_LIBS_SITE` evaluates to an empty value
WARN: Environment variable `R_LIBS_USER` evaluates to an empty value
WARN: Environment variable `R_LIBS_SITE` evaluates to an empty value
WARN: Environment variable `R_LIBS_USER` evaluates to an empty value
WARN: Environment variable `R_LIBS_SITE` evaluates to an empty value
WARN: Environment variable `R_LIBS_USER` evaluates to an empty value
WARN: Environment variable `R_LIBS_SITE` evaluates to an empty value
WARN: Environment variable `R_LIBS_USER` evaluates to an empty value
WARN: Environment variable `R_LIBS_SITE` evaluates to an empty value

executor >  local (11)
[ed/81d1aa] PRE_STAGE:PRE_STAGE_FILES      | 1 of 1 ✔
[41/1323ce] REA…SSING:FASTQC (ERR11435654) | 0 of 6
[82/fa8da2] REA…CKSUM_VERIFY (ERR11435661) | 1 of 6
[d0/0e6edb] REA…:TRIM_GALORE (ERR11435647) | 0 of 6
[6c/75f357] PAR…8.dna.primary_assembly.fa) | 0 of 1
[-        ] PAR…YSIS:PARABRICKS_FQ2BAMMETH -
[-        ] PAR…KS_ANALYSIS:SAMTOOLS_INDEX -
[-        ] PARABRICKS_ANALYSIS:QUALIMAP   -
[fa/196521] PAR…8.dna.primary_assembly.fa) | 1 of 1 ✔
[-        ] PAR…LYSIS:METHYLDACKEL_EXTRACT -
[-        ] DIF…METHYLATION:EDGER_ANALYSIS -
[-        ] DIF…YLATION:METHYLKIT_ANALYSIS -
[-        ] DIF…L_METHYLATION:DSS_ANALYSIS -
[-        ] RES…SIS:ANNOTATE_RESULTS_EDGER -
[-        ] RES…YSIS:POST_PROCESSING_EDGER -
[-        ] RES…:ENRICHMENT_ANALYSIS_EDGER -
[-        ] RES…:POST_PROCESSING_METHYLKIT -
[-        ] RES…ICHMENT_ANALYSIS_METHYLKIT -
[-        ] RES…LYSIS:ANNOTATE_RESULTS_DSS -
[-        ] RES…ALYSIS:POST_PROCESSING_DSS -
Plus 11 more processes waiting for tasks…
WARN: Environment variable `R_LIBS_USER` evaluates to an empty value
WARN: Environment variable `R_LIBS_SITE` evaluates to an empty value
WARN: Environment variable `R_LIBS_USER` evaluates to an empty value
WARN: Environment variable `R_LIBS_SITE` evaluates to an empty value
WARN: Environment variable `R_LIBS_USER` evaluates to an empty value
WARN: Environment variable `R_LIBS_SITE` evaluates to an empty value
WARN: Environment variable `R_LIBS_USER` evaluates to an empty value
WARN: Environment variable `R_LIBS_SITE` evaluates to an empty value
WARN: Environment variable `R_LIBS_USER` evaluates to an empty value
WARN: Environment variable `R_LIBS_SITE` evaluates to an empty value
WARN: Environment variable `R_LIBS_USER` evaluates to an empty value
WARN: Environment variable `R_LIBS_SITE` evaluates to an empty value
WARN: Environment variable `R_LIBS_USER` evaluates to an empty value
WARN: Environment variable `R_LIBS_SITE` evaluates to an empty value
WARN: Environment variable `R_LIBS_USER` evaluates to an empty value
WARN: Environment variable `R_LIBS_SITE` evaluates to an empty value
WARN: Environment variable `R_LIBS_USER` evaluates to an empty value
WARN: Environment variable `R_LIBS_SITE` evaluates to an empty value
WARN: Environment variable `R_LIBS_USER` evaluates to an empty value
WARN: Environment variable `R_LIBS_SITE` evaluates to an empty value

executor >  local (12)
[ed/81d1aa] PRE_STAGE:PRE_STAGE_FILES      | 1 of 1 ✔
[41/1323ce] REA…SSING:FASTQC (ERR11435654) | 0 of 6
[33/988a06] REA…CKSUM_VERIFY (ERR11435652) | 2 of 6
[d0/0e6edb] REA…:TRIM_GALORE (ERR11435647) | 0 of 6
[6c/75f357] PAR…8.dna.primary_assembly.fa) | 0 of 1
[-        ] PAR…YSIS:PARABRICKS_FQ2BAMMETH -
[-        ] PAR…KS_ANALYSIS:SAMTOOLS_INDEX -
[-        ] PARABRICKS_ANALYSIS:QUALIMAP   -
[fa/196521] PAR…8.dna.primary_assembly.fa) | 1 of 1 ✔
[-        ] PAR…LYSIS:METHYLDACKEL_EXTRACT -
[-        ] DIF…METHYLATION:EDGER_ANALYSIS -
[-        ] DIF…YLATION:METHYLKIT_ANALYSIS -
[-        ] DIF…L_METHYLATION:DSS_ANALYSIS -
[-        ] RES…SIS:ANNOTATE_RESULTS_EDGER -
[-        ] RES…YSIS:POST_PROCESSING_EDGER -
[-        ] RES…:ENRICHMENT_ANALYSIS_EDGER -
[-        ] RES…:POST_PROCESSING_METHYLKIT -
[-        ] RES…ICHMENT_ANALYSIS_METHYLKIT -
[-        ] RES…LYSIS:ANNOTATE_RESULTS_DSS -
[-        ] RES…ALYSIS:POST_PROCESSING_DSS -
Plus 11 more processes waiting for tasks…
WARN: Environment variable `R_LIBS_USER` evaluates to an empty value
WARN: Environment variable `R_LIBS_SITE` evaluates to an empty value
WARN: Environment variable `R_LIBS_USER` evaluates to an empty value
WARN: Environment variable `R_LIBS_SITE` evaluates to an empty value
WARN: Environment variable `R_LIBS_USER` evaluates to an empty value
WARN: Environment variable `R_LIBS_SITE` evaluates to an empty value
WARN: Environment variable `R_LIBS_USER` evaluates to an empty value
WARN: Environment variable `R_LIBS_SITE` evaluates to an empty value
WARN: Environment variable `R_LIBS_USER` evaluates to an empty value
WARN: Environment variable `R_LIBS_SITE` evaluates to an empty value
WARN: Environment variable `R_LIBS_USER` evaluates to an empty value
WARN: Environment variable `R_LIBS_SITE` evaluates to an empty value
WARN: Environment variable `R_LIBS_USER` evaluates to an empty value
WARN: Environment variable `R_LIBS_SITE` evaluates to an empty value
WARN: Environment variable `R_LIBS_USER` evaluates to an empty value
WARN: Environment variable `R_LIBS_SITE` evaluates to an empty value
WARN: Environment variable `R_LIBS_USER` evaluates to an empty value
WARN: Environment variable `R_LIBS_SITE` evaluates to an empty value
WARN: Environment variable `R_LIBS_USER` evaluates to an empty value
WARN: Environment variable `R_LIBS_SITE` evaluates to an empty value
WARN: Environment variable `R_LIBS_USER` evaluates to an empty value
WARN: Environment variable `R_LIBS_SITE` evaluates to an empty value

executor >  local (13)
[ed/81d1aa] PRE_STAGE:PRE_STAGE_FILES      | 1 of 1 ✔
[46/fda91d] REA…SSING:FASTQC (ERR11435661) | 0 of 6
[d0/e6bf5b] REA…CKSUM_VERIFY (ERR11435646) | 3 of 6
[d0/0e6edb] REA…:TRIM_GALORE (ERR11435647) | 0 of 6
[6c/75f357] PAR…8.dna.primary_assembly.fa) | 0 of 1
[-        ] PAR…YSIS:PARABRICKS_FQ2BAMMETH -
[-        ] PAR…KS_ANALYSIS:SAMTOOLS_INDEX -
[-        ] PARABRICKS_ANALYSIS:QUALIMAP   -
[fa/196521] PAR…8.dna.primary_assembly.fa) | 1 of 1 ✔
[-        ] PAR…LYSIS:METHYLDACKEL_EXTRACT -
[-        ] DIF…METHYLATION:EDGER_ANALYSIS -
[-        ] DIF…YLATION:METHYLKIT_ANALYSIS -
[-        ] DIF…L_METHYLATION:DSS_ANALYSIS -
[-        ] RES…SIS:ANNOTATE_RESULTS_EDGER -
[-        ] RES…YSIS:POST_PROCESSING_EDGER -
[-        ] RES…:ENRICHMENT_ANALYSIS_EDGER -
[-        ] RES…:POST_PROCESSING_METHYLKIT -
[-        ] RES…ICHMENT_ANALYSIS_METHYLKIT -
[-        ] RES…LYSIS:ANNOTATE_RESULTS_DSS -
[-        ] RES…ALYSIS:POST_PROCESSING_DSS -
Plus 11 more processes waiting for tasks…
WARN: Environment variable `R_LIBS_USER` evaluates to an empty value
WARN: Environment variable `R_LIBS_SITE` evaluates to an empty value
WARN: Environment variable `R_LIBS_USER` evaluates to an empty value
WARN: Environment variable `R_LIBS_SITE` evaluates to an empty value
WARN: Environment variable `R_LIBS_USER` evaluates to an empty value
WARN: Environment variable `R_LIBS_SITE` evaluates to an empty value
WARN: Environment variable `R_LIBS_USER` evaluates to an empty value
WARN: Environment variable `R_LIBS_SITE` evaluates to an empty value
WARN: Environment variable `R_LIBS_USER` evaluates to an empty value
WARN: Environment variable `R_LIBS_SITE` evaluates to an empty value
WARN: Environment variable `R_LIBS_USER` evaluates to an empty value
WARN: Environment variable `R_LIBS_SITE` evaluates to an empty value
WARN: Environment variable `R_LIBS_USER` evaluates to an empty value
WARN: Environment variable `R_LIBS_SITE` evaluates to an empty value
WARN: Environment variable `R_LIBS_USER` evaluates to an empty value
WARN: Environment variable `R_LIBS_SITE` evaluates to an empty value
WARN: Environment variable `R_LIBS_USER` evaluates to an empty value
WARN: Environment variable `R_LIBS_SITE` evaluates to an empty value
WARN: Environment variable `R_LIBS_USER` evaluates to an empty value
WARN: Environment variable `R_LIBS_SITE` evaluates to an empty value
WARN: Environment variable `R_LIBS_USER` evaluates to an empty value
WARN: Environment variable `R_LIBS_SITE` evaluates to an empty value
WARN: Environment variable `R_LIBS_USER` evaluates to an empty value
WARN: Environment variable `R_LIBS_SITE` evaluates to an empty value

executor >  local (14)
[ed/81d1aa] PRE_STAGE:PRE_STAGE_FILES      | 1 of 1 ✔
[46/fda91d] REA…SSING:FASTQC (ERR11435661) | 0 of 6
[16/e10219] REA…CKSUM_VERIFY (ERR11435654) | 4 of 6
[2b/275dd4] REA…:TRIM_GALORE (ERR11435652) | 0 of 6
[6c/75f357] PAR…8.dna.primary_assembly.fa) | 0 of 1
[-        ] PAR…YSIS:PARABRICKS_FQ2BAMMETH -
[-        ] PAR…KS_ANALYSIS:SAMTOOLS_INDEX -
[-        ] PARABRICKS_ANALYSIS:QUALIMAP   -
[fa/196521] PAR…8.dna.primary_assembly.fa) | 1 of 1 ✔
[-        ] PAR…LYSIS:METHYLDACKEL_EXTRACT -
[-        ] DIF…METHYLATION:EDGER_ANALYSIS -
[-        ] DIF…YLATION:METHYLKIT_ANALYSIS -
[-        ] DIF…L_METHYLATION:DSS_ANALYSIS -
[-        ] RES…SIS:ANNOTATE_RESULTS_EDGER -
[-        ] RES…YSIS:POST_PROCESSING_EDGER -
[-        ] RES…:ENRICHMENT_ANALYSIS_EDGER -
[-        ] RES…:POST_PROCESSING_METHYLKIT -
[-        ] RES…ICHMENT_ANALYSIS_METHYLKIT -
[-        ] RES…LYSIS:ANNOTATE_RESULTS_DSS -
[-        ] RES…ALYSIS:POST_PROCESSING_DSS -
Plus 11 more processes waiting for tasks…
WARN: Environment variable `R_LIBS_USER` evaluates to an empty value
WARN: Environment variable `R_LIBS_SITE` evaluates to an empty value
WARN: Environment variable `R_LIBS_USER` evaluates to an empty value
WARN: Environment variable `R_LIBS_SITE` evaluates to an empty value
WARN: Environment variable `R_LIBS_USER` evaluates to an empty value
WARN: Environment variable `R_LIBS_SITE` evaluates to an empty value
WARN: Environment variable `R_LIBS_USER` evaluates to an empty value
WARN: Environment variable `R_LIBS_SITE` evaluates to an empty value
WARN: Environment variable `R_LIBS_USER` evaluates to an empty value
WARN: Environment variable `R_LIBS_SITE` evaluates to an empty value
WARN: Environment variable `R_LIBS_USER` evaluates to an empty value
WARN: Environment variable `R_LIBS_SITE` evaluates to an empty value
WARN: Environment variable `R_LIBS_USER` evaluates to an empty value
WARN: Environment variable `R_LIBS_SITE` evaluates to an empty value
WARN: Environment variable `R_LIBS_USER` evaluates to an empty value
WARN: Environment variable `R_LIBS_SITE` evaluates to an empty value
WARN: Environment variable `R_LIBS_USER` evaluates to an empty value
WARN: Environment variable `R_LIBS_SITE` evaluates to an empty value
WARN: Environment variable `R_LIBS_USER` evaluates to an empty value
WARN: Environment variable `R_LIBS_SITE` evaluates to an empty value
WARN: Environment variable `R_LIBS_USER` evaluates to an empty value
WARN: Environment variable `R_LIBS_SITE` evaluates to an empty value
WARN: Environment variable `R_LIBS_USER` evaluates to an empty value
WARN: Environment variable `R_LIBS_SITE` evaluates to an empty value
WARN: Environment variable `R_LIBS_USER` evaluates to an empty value
WARN: Environment variable `R_LIBS_SITE` evaluates to an empty value

executor >  local (15)
[ed/81d1aa] PRE_STAGE:PRE_STAGE_FILES      | 1 of 1 ✔
[46/fda91d] REA…SSING:FASTQC (ERR11435661) | 0 of 6
[24/fa58fb] REA…CKSUM_VERIFY (ERR11435647) | 5 of 6
[2b/275dd4] REA…:TRIM_GALORE (ERR11435652) | 0 of 6
[6c/75f357] PAR…8.dna.primary_assembly.fa) | 0 of 1
[-        ] PAR…YSIS:PARABRICKS_FQ2BAMMETH -
[-        ] PAR…KS_ANALYSIS:SAMTOOLS_INDEX -
[-        ] PARABRICKS_ANALYSIS:QUALIMAP   -
[fa/196521] PAR…8.dna.primary_assembly.fa) | 1 of 1 ✔
[-        ] PAR…LYSIS:METHYLDACKEL_EXTRACT -
[-        ] DIF…METHYLATION:EDGER_ANALYSIS -
[-        ] DIF…YLATION:METHYLKIT_ANALYSIS -
[-        ] DIF…L_METHYLATION:DSS_ANALYSIS -
[-        ] RES…SIS:ANNOTATE_RESULTS_EDGER -
[-        ] RES…YSIS:POST_PROCESSING_EDGER -
[-        ] RES…:ENRICHMENT_ANALYSIS_EDGER -
[-        ] RES…:POST_PROCESSING_METHYLKIT -
[-        ] RES…ICHMENT_ANALYSIS_METHYLKIT -
[-        ] RES…LYSIS:ANNOTATE_RESULTS_DSS -
[-        ] RES…ALYSIS:POST_PROCESSING_DSS -
Plus 11 more processes waiting for tasks…
WARN: Environment variable `R_LIBS_USER` evaluates to an empty value
WARN: Environment variable `R_LIBS_SITE` evaluates to an empty value
WARN: Environment variable `R_LIBS_USER` evaluates to an empty value
WARN: Environment variable `R_LIBS_SITE` evaluates to an empty value
WARN: Environment variable `R_LIBS_USER` evaluates to an empty value
WARN: Environment variable `R_LIBS_SITE` evaluates to an empty value
WARN: Environment variable `R_LIBS_USER` evaluates to an empty value
WARN: Environment variable `R_LIBS_SITE` evaluates to an empty value
WARN: Environment variable `R_LIBS_USER` evaluates to an empty value
WARN: Environment variable `R_LIBS_SITE` evaluates to an empty value



















executor >  local (15)
[ed/81d1aa] PRE_STAGE:PRE_STAGE_FILES      | 1 of 1 ✔
[46/fda91d] REA…SSING:FASTQC (ERR11435661) | 0 of 6
[24/fa58fb] REA…CKSUM_VERIFY (ERR11435647) | 5 of 6
[2b/275dd4] REA…:TRIM_GALORE (ERR11435652) | 0 of 6
[6c/75f357] PAR…8.dna.primary_assembly.fa) | 0 of 1
[-        ] PAR…YSIS:PARABRICKS_FQ2BAMMETH -
[-        ] PAR…KS_ANALYSIS:SAMTOOLS_INDEX -
[-        ] PARABRICKS_ANALYSIS:QUALIMAP   -
[fa/196521] PAR…8.dna.primary_assembly.fa) | 1 of 1 ✔
[-        ] PAR…LYSIS:METHYLDACKEL_EXTRACT -
[-        ] DIF…METHYLATION:EDGER_ANALYSIS -
[-        ] DIF…YLATION:METHYLKIT_ANALYSIS -
[-        ] DIF…L_METHYLATION:DSS_ANALYSIS -
[-        ] RES…SIS:ANNOTATE_RESULTS_EDGER -
[-        ] RES…YSIS:POST_PROCESSING_EDGER -
[-        ] RES…:ENRICHMENT_ANALYSIS_EDGER -
[-        ] RES…:POST_PROCESSING_METHYLKIT -
[-        ] RES…ICHMENT_ANALYSIS_METHYLKIT -
[-        ] RES…LYSIS:ANNOTATE_RESULTS_DSS -
[-        ] RES…ALYSIS:POST_PROCESSING_DSS -
Plus 11 more processes waiting for tasks…
WARN: Environment variable `R_LIBS_USER` evaluates to an empty value
WARN: Environment variable `R_LIBS_SITE` evaluates to an empty value
WARN: Environment variable `R_LIBS_USER` evaluates to an empty value
WARN: Environment variable `R_LIBS_SITE` evaluates to an empty value
WARN: Environment variable `R_LIBS_USER` evaluates to an empty value
WARN: Environment variable `R_LIBS_SITE` evaluates to an empty value
WARN: Environment variable `R_LIBS_USER` evaluates to an empty value
WARN: Environment variable `R_LIBS_SITE` evaluates to an empty value
WARN: Environment variable `R_LIBS_USER` evaluates to an empty value
WARN: Environment variable `R_LIBS_SITE` evaluates to an empty value



















executor >  local (16)
[ed/81d1aa] PRE_STAGE:PRE_STAGE_FILES      | 1 of 1 ✔
[83/e9aa04] REA…SSING:FASTQC (ERR11435659) | 0 of 6
[24/fa58fb] REA…CKSUM_VERIFY (ERR11435647) | 6 of 6 ✔
[2b/275dd4] REA…:TRIM_GALORE (ERR11435652) | 0 of 6
[6c/75f357] PAR…8.dna.primary_assembly.fa) | 0 of 1
[-        ] PAR…YSIS:PARABRICKS_FQ2BAMMETH -
[-        ] PAR…KS_ANALYSIS:SAMTOOLS_INDEX -
[-        ] PARABRICKS_ANALYSIS:QUALIMAP   -
[fa/196521] PAR…8.dna.primary_assembly.fa) | 1 of 1 ✔
[-        ] PAR…LYSIS:METHYLDACKEL_EXTRACT -
[-        ] DIF…METHYLATION:EDGER_ANALYSIS -
[-        ] DIF…YLATION:METHYLKIT_ANALYSIS -
[-        ] DIF…L_METHYLATION:DSS_ANALYSIS -
[-        ] RES…SIS:ANNOTATE_RESULTS_EDGER -
[-        ] RES…YSIS:POST_PROCESSING_EDGER -
[-        ] RES…:ENRICHMENT_ANALYSIS_EDGER -
[-        ] RES…:POST_PROCESSING_METHYLKIT -
[-        ] RES…ICHMENT_ANALYSIS_METHYLKIT -
[-        ] RES…LYSIS:ANNOTATE_RESULTS_DSS -
[-        ] RES…ALYSIS:POST_PROCESSING_DSS -
Plus 11 more processes waiting for tasks…
WARN: Environment variable `R_LIBS_USER` evaluates to an empty value
WARN: Environment variable `R_LIBS_SITE` evaluates to an empty value
WARN: Environment variable `R_LIBS_USER` evaluates to an empty value
WARN: Environment variable `R_LIBS_SITE` evaluates to an empty value









executor >  local (17)
[ed/81d1aa] PRE_STAGE:PRE_STAGE_FILES      | 1 of 1 ✔
[83/e9aa04] REA…SSING:FASTQC (ERR11435659) | 0 of 6
[24/fa58fb] REA…CKSUM_VERIFY (ERR11435647) | 6 of 6 ✔
[d0/0e6edb] REA…:TRIM_GALORE (ERR11435647) | 1 of 6
[6c/75f357] PAR…8.dna.primary_assembly.fa) | 0 of 1
[-        ] PAR…YSIS:PARABRICKS_FQ2BAMMETH -
[-        ] PAR…KS_ANALYSIS:SAMTOOLS_INDEX -
[-        ] PARABRICKS_ANALYSIS:QUALIMAP   -
[fa/196521] PAR…8.dna.primary_assembly.fa) | 1 of 1 ✔
[-        ] PAR…LYSIS:METHYLDACKEL_EXTRACT -
[-        ] DIF…METHYLATION:EDGER_ANALYSIS -
[-        ] DIF…YLATION:METHYLKIT_ANALYSIS -
[-        ] DIF…L_METHYLATION:DSS_ANALYSIS -
[-        ] RES…SIS:ANNOTATE_RESULTS_EDGER -
[-        ] RES…YSIS:POST_PROCESSING_EDGER -
[-        ] RES…:ENRICHMENT_ANALYSIS_EDGER -
[-        ] RES…:POST_PROCESSING_METHYLKIT -
[-        ] RES…ICHMENT_ANALYSIS_METHYLKIT -
[-        ] RES…LYSIS:ANNOTATE_RESULTS_DSS -
[-        ] RES…ALYSIS:POST_PROCESSING_DSS -
Plus 11 more processes waiting for tasks…
WARN: Environment variable `R_LIBS_USER` evaluates to an empty value
WARN: Environment variable `R_LIBS_SITE` evaluates to an empty value
WARN: Environment variable `R_LIBS_USER` evaluates to an empty value
WARN: Environment variable `R_LIBS_SITE` evaluates to an empty value









executor >  local (18)
[ed/81d1aa] PRE_STAGE:PRE_STAGE_FILES      | 1 of 1 ✔
[83/e9aa04] REA…SSING:FASTQC (ERR11435659) | 0 of 6
[24/fa58fb] REA…CKSUM_VERIFY (ERR11435647) | 6 of 6 ✔
[4f/aee1ed] REA…:TRIM_GALORE (ERR11435661) | 2 of 6
[6c/75f357] PAR…8.dna.primary_assembly.fa) | 0 of 1
[-        ] PAR…YSIS:PARABRICKS_FQ2BAMMETH -
[-        ] PAR…KS_ANALYSIS:SAMTOOLS_INDEX -
[-        ] PARABRICKS_ANALYSIS:QUALIMAP   -
[fa/196521] PAR…8.dna.primary_assembly.fa) | 1 of 1 ✔
[-        ] PAR…LYSIS:METHYLDACKEL_EXTRACT -
[-        ] DIF…METHYLATION:EDGER_ANALYSIS -
[-        ] DIF…YLATION:METHYLKIT_ANALYSIS -
[-        ] DIF…L_METHYLATION:DSS_ANALYSIS -
[-        ] RES…SIS:ANNOTATE_RESULTS_EDGER -
[-        ] RES…YSIS:POST_PROCESSING_EDGER -
[-        ] RES…:ENRICHMENT_ANALYSIS_EDGER -
[-        ] RES…:POST_PROCESSING_METHYLKIT -
[-        ] RES…ICHMENT_ANALYSIS_METHYLKIT -
[-        ] RES…LYSIS:ANNOTATE_RESULTS_DSS -
[-        ] RES…ALYSIS:POST_PROCESSING_DSS -
Plus 11 more processes waiting for tasks…
WARN: Environment variable `R_LIBS_USER` evaluates to an empty value
WARN: Environment variable `R_LIBS_SITE` evaluates to an empty value





executor >  local (19)
[ed/81d1aa] PRE_STAGE:PRE_STAGE_FILES      | 1 of 1 ✔
[83/e9aa04] REA…SSING:FASTQC (ERR11435659) | 0 of 6
[24/fa58fb] REA…CKSUM_VERIFY (ERR11435647) | 6 of 6 ✔
[99/7ba602] REA…:TRIM_GALORE (ERR11435659) | 3 of 6
[6c/75f357] PAR…8.dna.primary_assembly.fa) | 0 of 1
[-        ] PAR…YSIS:PARABRICKS_FQ2BAMMETH -
[-        ] PAR…KS_ANALYSIS:SAMTOOLS_INDEX -
[-        ] PARABRICKS_ANALYSIS:QUALIMAP   -
[fa/196521] PAR…8.dna.primary_assembly.fa) | 1 of 1 ✔
[-        ] PAR…LYSIS:METHYLDACKEL_EXTRACT -
[-        ] DIF…METHYLATION:EDGER_ANALYSIS -
[-        ] DIF…YLATION:METHYLKIT_ANALYSIS -
[-        ] DIF…L_METHYLATION:DSS_ANALYSIS -
[-        ] RES…SIS:ANNOTATE_RESULTS_EDGER -
[-        ] RES…YSIS:POST_PROCESSING_EDGER -
[-        ] RES…:ENRICHMENT_ANALYSIS_EDGER -
[-        ] RES…:POST_PROCESSING_METHYLKIT -
[-        ] RES…ICHMENT_ANALYSIS_METHYLKIT -
[-        ] RES…LYSIS:ANNOTATE_RESULTS_DSS -
[-        ] RES…ALYSIS:POST_PROCESSING_DSS -
Plus 11 more processes waiting for tasks…
WARN: Environment variable `R_LIBS_USER` evaluates to an empty value
WARN: Environment variable `R_LIBS_SITE` evaluates to an empty value
WARN: Environment variable `R_LIBS_USER` evaluates to an empty value
WARN: Environment variable `R_LIBS_SITE` evaluates to an empty value



executor >  local (19)
[ed/81d1aa] PRE_STAGE:PRE_STAGE_FILES      | 1 of 1 ✔
[83/e9aa04] REA…SSING:FASTQC (ERR11435659) | 0 of 6
[24/fa58fb] REA…CKSUM_VERIFY (ERR11435647) | 6 of 6 ✔
[99/7ba602] REA…:TRIM_GALORE (ERR11435659) | 3 of 6
[6c/75f357] PAR…8.dna.primary_assembly.fa) | 0 of 1
[-        ] PAR…YSIS:PARABRICKS_FQ2BAMMETH -
[-        ] PAR…KS_ANALYSIS:SAMTOOLS_INDEX -
[-        ] PARABRICKS_ANALYSIS:QUALIMAP   -
[fa/196521] PAR…8.dna.primary_assembly.fa) | 1 of 1 ✔
[-        ] PAR…LYSIS:METHYLDACKEL_EXTRACT -
[-        ] DIF…METHYLATION:EDGER_ANALYSIS -
[-        ] DIF…YLATION:METHYLKIT_ANALYSIS -
[-        ] DIF…L_METHYLATION:DSS_ANALYSIS -
[-        ] RES…SIS:ANNOTATE_RESULTS_EDGER -
[-        ] RES…YSIS:POST_PROCESSING_EDGER -
[-        ] RES…:ENRICHMENT_ANALYSIS_EDGER -
[-        ] RES…:POST_PROCESSING_METHYLKIT -
[-        ] RES…ICHMENT_ANALYSIS_METHYLKIT -
[-        ] RES…LYSIS:ANNOTATE_RESULTS_DSS -
[-        ] RES…ALYSIS:POST_PROCESSING_DSS -
Plus 11 more processes waiting for tasks…
WARN: Environment variable `R_LIBS_USER` evaluates to an empty value
WARN: Environment variable `R_LIBS_SITE` evaluates to an empty value
WARN: Environment variable `R_LIBS_USER` evaluates to an empty value
WARN: Environment variable `R_LIBS_SITE` evaluates to an empty value

executor >  local (21)
[ed/81d1aa] PRE_STAGE:PRE_STAGE_FILES      | 1 of 1 ✔
[c0/6e4e9a] REA…SSING:FASTQC (ERR11435646) | 1 of 6
[24/fa58fb] REA…CKSUM_VERIFY (ERR11435647) | 6 of 6 ✔
[4f/aee1ed] REA…:TRIM_GALORE (ERR11435661) | 4 of 6
[6c/75f357] PAR…8.dna.primary_assembly.fa) | 0 of 1
[-        ] PAR…YSIS:PARABRICKS_FQ2BAMMETH -
[-        ] PAR…KS_ANALYSIS:SAMTOOLS_INDEX -
[-        ] PARABRICKS_ANALYSIS:QUALIMAP   -
[fa/196521] PAR…8.dna.primary_assembly.fa) | 1 of 1 ✔
[-        ] PAR…LYSIS:METHYLDACKEL_EXTRACT -
[-        ] DIF…METHYLATION:EDGER_ANALYSIS -
[-        ] DIF…YLATION:METHYLKIT_ANALYSIS -
[-        ] DIF…L_METHYLATION:DSS_ANALYSIS -
[-        ] RES…SIS:ANNOTATE_RESULTS_EDGER -
[-        ] RES…YSIS:POST_PROCESSING_EDGER -
[-        ] RES…:ENRICHMENT_ANALYSIS_EDGER -
[-        ] RES…:POST_PROCESSING_METHYLKIT -
[-        ] RES…ICHMENT_ANALYSIS_METHYLKIT -
[-        ] RES…LYSIS:ANNOTATE_RESULTS_DSS -
[-        ] RES…ALYSIS:POST_PROCESSING_DSS -
Plus 11 more processes waiting for tasks…
WARN: Environment variable `R_LIBS_USER` evaluates to an empty value
WARN: Environment variable `R_LIBS_SITE` evaluates to an empty value
WARN: Environment variable `R_LIBS_USER` evaluates to an empty value
WARN: Environment variable `R_LIBS_SITE` evaluates to an empty value
WARN: Environment variable `R_LIBS_USER` evaluates to an empty value
WARN: Environment variable `R_LIBS_SITE` evaluates to an empty value



executor >  local (21)
[ed/81d1aa] PRE_STAGE:PRE_STAGE_FILES      | 1 of 1 ✔
[3a/2b4d4c] REA…SSING:FASTQC (ERR11435647) | 2 of 6
[24/fa58fb] REA…CKSUM_VERIFY (ERR11435647) | 6 of 6 ✔
[4f/aee1ed] REA…:TRIM_GALORE (ERR11435661) | 4 of 6
[6c/75f357] PAR…8.dna.primary_assembly.fa) | 0 of 1
[-        ] PAR…YSIS:PARABRICKS_FQ2BAMMETH -
[-        ] PAR…KS_ANALYSIS:SAMTOOLS_INDEX -
[-        ] PARABRICKS_ANALYSIS:QUALIMAP   -
[fa/196521] PAR…8.dna.primary_assembly.fa) | 1 of 1 ✔
[-        ] PAR…LYSIS:METHYLDACKEL_EXTRACT -
[-        ] DIF…METHYLATION:EDGER_ANALYSIS -
[-        ] DIF…YLATION:METHYLKIT_ANALYSIS -
[-        ] DIF…L_METHYLATION:DSS_ANALYSIS -
[-        ] RES…SIS:ANNOTATE_RESULTS_EDGER -
[-        ] RES…YSIS:POST_PROCESSING_EDGER -
[-        ] RES…:ENRICHMENT_ANALYSIS_EDGER -
[-        ] RES…:POST_PROCESSING_METHYLKIT -
[-        ] RES…ICHMENT_ANALYSIS_METHYLKIT -
[-        ] RES…LYSIS:ANNOTATE_RESULTS_DSS -
[-        ] RES…ALYSIS:POST_PROCESSING_DSS -
Plus 11 more processes waiting for tasks…
WARN: Environment variable `R_LIBS_USER` evaluates to an empty value
WARN: Environment variable `R_LIBS_SITE` evaluates to an empty value
WARN: Environment variable `R_LIBS_USER` evaluates to an empty value
WARN: Environment variable `R_LIBS_SITE` evaluates to an empty value
WARN: Environment variable `R_LIBS_USER` evaluates to an empty value
WARN: Environment variable `R_LIBS_SITE` evaluates to an empty value



executor >  local (21)
[ed/81d1aa] PRE_STAGE:PRE_STAGE_FILES      | 1 of 1 ✔
[3a/2b4d4c] REA…SSING:FASTQC (ERR11435647) | 2 of 6
[24/fa58fb] REA…CKSUM_VERIFY (ERR11435647) | 6 of 6 ✔
[47/d235d3] REA…:TRIM_GALORE (ERR11435654) | 5 of 6
[6c/75f357] PAR…8.dna.primary_assembly.fa) | 0 of 1
[-        ] PAR…YSIS:PARABRICKS_FQ2BAMMETH -
[-        ] PAR…KS_ANALYSIS:SAMTOOLS_INDEX -
[-        ] PARABRICKS_ANALYSIS:QUALIMAP   -
[fa/196521] PAR…8.dna.primary_assembly.fa) | 1 of 1 ✔
[-        ] PAR…LYSIS:METHYLDACKEL_EXTRACT -
[-        ] DIF…METHYLATION:EDGER_ANALYSIS -
[-        ] DIF…YLATION:METHYLKIT_ANALYSIS -
[-        ] DIF…L_METHYLATION:DSS_ANALYSIS -
[-        ] RES…SIS:ANNOTATE_RESULTS_EDGER -
[-        ] RES…YSIS:POST_PROCESSING_EDGER -
[-        ] RES…:ENRICHMENT_ANALYSIS_EDGER -
[-        ] RES…:POST_PROCESSING_METHYLKIT -
[-        ] RES…ICHMENT_ANALYSIS_METHYLKIT -
[-        ] RES…LYSIS:ANNOTATE_RESULTS_DSS -
[-        ] RES…ALYSIS:POST_PROCESSING_DSS -
Plus 11 more processes waiting for tasks…







executor >  local (21)
[ed/81d1aa] PRE_STAGE:PRE_STAGE_FILES      | 1 of 1 ✔
[3a/2b4d4c] REA…SSING:FASTQC (ERR11435647) | 2 of 6
[24/fa58fb] REA…CKSUM_VERIFY (ERR11435647) | 6 of 6 ✔
[02/2f1914] REA…:TRIM_GALORE (ERR11435646) | 6 of 6 ✔
[6c/75f357] PAR…8.dna.primary_assembly.fa) | 0 of 1
[-        ] PAR…YSIS:PARABRICKS_FQ2BAMMETH -
[-        ] PAR…KS_ANALYSIS:SAMTOOLS_INDEX -
[-        ] PARABRICKS_ANALYSIS:QUALIMAP   -
[fa/196521] PAR…8.dna.primary_assembly.fa) | 1 of 1 ✔
[-        ] PAR…LYSIS:METHYLDACKEL_EXTRACT -
[-        ] DIF…METHYLATION:EDGER_ANALYSIS -
[-        ] DIF…YLATION:METHYLKIT_ANALYSIS -
[-        ] DIF…L_METHYLATION:DSS_ANALYSIS -
[-        ] RES…SIS:ANNOTATE_RESULTS_EDGER -
[-        ] RES…YSIS:POST_PROCESSING_EDGER -
[-        ] RES…:ENRICHMENT_ANALYSIS_EDGER -
[-        ] RES…:POST_PROCESSING_METHYLKIT -
[-        ] RES…ICHMENT_ANALYSIS_METHYLKIT -
[-        ] RES…LYSIS:ANNOTATE_RESULTS_DSS -
[-        ] RES…ALYSIS:POST_PROCESSING_DSS -
Plus 11 more processes waiting for tasks…







executor >  local (21)
[ed/81d1aa] PRE_STAGE:PRE_STAGE_FILES      | 1 of 1 ✔
[83/e9aa04] REA…SSING:FASTQC (ERR11435659) | 3 of 6
[24/fa58fb] REA…CKSUM_VERIFY (ERR11435647) | 6 of 6 ✔
[02/2f1914] REA…:TRIM_GALORE (ERR11435646) | 6 of 6 ✔
[6c/75f357] PAR…8.dna.primary_assembly.fa) | 0 of 1
[-        ] PAR…YSIS:PARABRICKS_FQ2BAMMETH -
[-        ] PAR…KS_ANALYSIS:SAMTOOLS_INDEX -
[-        ] PARABRICKS_ANALYSIS:QUALIMAP   -
[fa/196521] PAR…8.dna.primary_assembly.fa) | 1 of 1 ✔
[-        ] PAR…LYSIS:METHYLDACKEL_EXTRACT -
[-        ] DIF…METHYLATION:EDGER_ANALYSIS -
[-        ] DIF…YLATION:METHYLKIT_ANALYSIS -
[-        ] DIF…L_METHYLATION:DSS_ANALYSIS -
[-        ] RES…SIS:ANNOTATE_RESULTS_EDGER -
[-        ] RES…YSIS:POST_PROCESSING_EDGER -
[-        ] RES…:ENRICHMENT_ANALYSIS_EDGER -
[-        ] RES…:POST_PROCESSING_METHYLKIT -
[-        ] RES…ICHMENT_ANALYSIS_METHYLKIT -
[-        ] RES…LYSIS:ANNOTATE_RESULTS_DSS -
[-        ] RES…ALYSIS:POST_PROCESSING_DSS -
Plus 11 more processes waiting for tasks…

executor >  local (21)
[ed/81d1aa] PRE_STAGE:PRE_STAGE_FILES      | 1 of 1 ✔
[03/5ba19f] REA…SSING:FASTQC (ERR11435652) | 4 of 6
[24/fa58fb] REA…CKSUM_VERIFY (ERR11435647) | 6 of 6 ✔
[02/2f1914] REA…:TRIM_GALORE (ERR11435646) | 6 of 6 ✔
[6c/75f357] PAR…8.dna.primary_assembly.fa) | 0 of 1
[-        ] PAR…YSIS:PARABRICKS_FQ2BAMMETH -
[-        ] PAR…KS_ANALYSIS:SAMTOOLS_INDEX -
[-        ] PARABRICKS_ANALYSIS:QUALIMAP   -
[fa/196521] PAR…8.dna.primary_assembly.fa) | 1 of 1 ✔
[-        ] PAR…LYSIS:METHYLDACKEL_EXTRACT -
[-        ] DIF…METHYLATION:EDGER_ANALYSIS -
[-        ] DIF…YLATION:METHYLKIT_ANALYSIS -
[-        ] DIF…L_METHYLATION:DSS_ANALYSIS -
[-        ] RES…SIS:ANNOTATE_RESULTS_EDGER -
[-        ] RES…YSIS:POST_PROCESSING_EDGER -
[-        ] RES…:ENRICHMENT_ANALYSIS_EDGER -
[-        ] RES…:POST_PROCESSING_METHYLKIT -
[-        ] RES…ICHMENT_ANALYSIS_METHYLKIT -
[-        ] RES…LYSIS:ANNOTATE_RESULTS_DSS -
[-        ] RES…ALYSIS:POST_PROCESSING_DSS -
Plus 11 more processes waiting for tasks…

executor >  local (21)
[ed/81d1aa] PRE_STAGE:PRE_STAGE_FILES      | 1 of 1 ✔
[41/1323ce] REA…SSING:FASTQC (ERR11435654) | 5 of 6
[24/fa58fb] REA…CKSUM_VERIFY (ERR11435647) | 6 of 6 ✔
[02/2f1914] REA…:TRIM_GALORE (ERR11435646) | 6 of 6 ✔
[6c/75f357] PAR…8.dna.primary_assembly.fa) | 0 of 1
[-        ] PAR…YSIS:PARABRICKS_FQ2BAMMETH -
[-        ] PAR…KS_ANALYSIS:SAMTOOLS_INDEX -
[-        ] PARABRICKS_ANALYSIS:QUALIMAP   -
[fa/196521] PAR…8.dna.primary_assembly.fa) | 1 of 1 ✔
[-        ] PAR…LYSIS:METHYLDACKEL_EXTRACT -
[-        ] DIF…METHYLATION:EDGER_ANALYSIS -
[-        ] DIF…YLATION:METHYLKIT_ANALYSIS -
[-        ] DIF…L_METHYLATION:DSS_ANALYSIS -
[-        ] RES…SIS:ANNOTATE_RESULTS_EDGER -
[-        ] RES…YSIS:POST_PROCESSING_EDGER -
[-        ] RES…:ENRICHMENT_ANALYSIS_EDGER -
[-        ] RES…:POST_PROCESSING_METHYLKIT -
[-        ] RES…ICHMENT_ANALYSIS_METHYLKIT -
[-        ] RES…LYSIS:ANNOTATE_RESULTS_DSS -
[-        ] RES…ALYSIS:POST_PROCESSING_DSS -
Plus 11 more processes waiting for tasks…

executor >  local (21)
[ed/81d1aa] PRE_STAGE:PRE_STAGE_FILES      | 1 of 1 ✔
[c0/6e4e9a] REA…SSING:FASTQC (ERR11435646) | 6 of 6 ✔
[24/fa58fb] REA…CKSUM_VERIFY (ERR11435647) | 6 of 6 ✔
[02/2f1914] REA…:TRIM_GALORE (ERR11435646) | 6 of 6 ✔
[6c/75f357] PAR…8.dna.primary_assembly.fa) | 0 of 1
[-        ] PAR…YSIS:PARABRICKS_FQ2BAMMETH -
[-        ] PAR…KS_ANALYSIS:SAMTOOLS_INDEX -
[-        ] PARABRICKS_ANALYSIS:QUALIMAP   -
[fa/196521] PAR…8.dna.primary_assembly.fa) | 1 of 1 ✔
[-        ] PAR…LYSIS:METHYLDACKEL_EXTRACT -
[-        ] DIF…METHYLATION:EDGER_ANALYSIS -
[-        ] DIF…YLATION:METHYLKIT_ANALYSIS -
[-        ] DIF…L_METHYLATION:DSS_ANALYSIS -
[-        ] RES…SIS:ANNOTATE_RESULTS_EDGER -
[-        ] RES…YSIS:POST_PROCESSING_EDGER -
[-        ] RES…:ENRICHMENT_ANALYSIS_EDGER -
[-        ] RES…:POST_PROCESSING_METHYLKIT -
[-        ] RES…ICHMENT_ANALYSIS_METHYLKIT -
[-        ] RES…LYSIS:ANNOTATE_RESULTS_DSS -
[-        ] RES…ALYSIS:POST_PROCESSING_DSS -
Plus 11 more processes waiting for tasks…

executor >  local (22)
[ed/81d1aa] PRE_STAGE:PRE_STAGE_FILES      | 1 of 1 ✔
[c0/6e4e9a] REA…SSING:FASTQC (ERR11435646) | 6 of 6 ✔
[24/fa58fb] REA…CKSUM_VERIFY (ERR11435647) | 6 of 6 ✔
[02/2f1914] REA…:TRIM_GALORE (ERR11435646) | 6 of 6 ✔
[6c/75f357] PAR…8.dna.primary_assembly.fa) | 1 of 1 ✔
[69/5ce198] PAR…S_FQ2BAMMETH (ERR11435652) | 0 of 6
[-        ] PAR…KS_ANALYSIS:SAMTOOLS_INDEX -
[-        ] PARABRICKS_ANALYSIS:QUALIMAP   -
[fa/196521] PAR…8.dna.primary_assembly.fa) | 1 of 1 ✔
[-        ] PAR…LYSIS:METHYLDACKEL_EXTRACT -
[-        ] DIF…METHYLATION:EDGER_ANALYSIS -
[-        ] DIF…YLATION:METHYLKIT_ANALYSIS -
[-        ] DIF…L_METHYLATION:DSS_ANALYSIS -
[-        ] RES…SIS:ANNOTATE_RESULTS_EDGER -
[-        ] RES…YSIS:POST_PROCESSING_EDGER -
[-        ] RES…:ENRICHMENT_ANALYSIS_EDGER -
[-        ] RES…:POST_PROCESSING_METHYLKIT -
[-        ] RES…ICHMENT_ANALYSIS_METHYLKIT -
[-        ] RES…LYSIS:ANNOTATE_RESULTS_DSS -
[-        ] RES…ALYSIS:POST_PROCESSING_DSS -
Plus 11 more processes waiting for tasks…
WARN: Environment variable `R_LIBS_USER` evaluates to an empty value
WARN: Environment variable `R_LIBS_SITE` evaluates to an empty value

executor >  local (23)
[ed/81d1aa] PRE_STAGE:PRE_STAGE_FILES      | 1 of 1 ✔
[c0/6e4e9a] REA…SSING:FASTQC (ERR11435646) | 6 of 6 ✔
[24/fa58fb] REA…CKSUM_VERIFY (ERR11435647) | 6 of 6 ✔
[02/2f1914] REA…:TRIM_GALORE (ERR11435646) | 6 of 6 ✔
[6c/75f357] PAR…8.dna.primary_assembly.fa) | 1 of 1 ✔
[8b/513d3a] PAR…S_FQ2BAMMETH (ERR11435659) | 1 of 6
[-        ] PAR…KS_ANALYSIS:SAMTOOLS_INDEX | 0 of 1
[-        ] PARABRICKS_ANALYSIS:QUALIMAP   -
[fa/196521] PAR…8.dna.primary_assembly.fa) | 1 of 1 ✔
[-        ] PAR…LYSIS:METHYLDACKEL_EXTRACT -
[-        ] DIF…METHYLATION:EDGER_ANALYSIS -
[-        ] DIF…YLATION:METHYLKIT_ANALYSIS -
[-        ] DIF…L_METHYLATION:DSS_ANALYSIS -
[-        ] RES…SIS:ANNOTATE_RESULTS_EDGER -
[-        ] RES…YSIS:POST_PROCESSING_EDGER -
[-        ] RES…:ENRICHMENT_ANALYSIS_EDGER -
[-        ] RES…:POST_PROCESSING_METHYLKIT -
[-        ] RES…ICHMENT_ANALYSIS_METHYLKIT -
[-        ] RES…LYSIS:ANNOTATE_RESULTS_DSS -
[-        ] RES…ALYSIS:POST_PROCESSING_DSS -
Plus 11 more processes waiting for tasks…
WARN: Environment variable `R_LIBS_USER` evaluates to an empty value
WARN: Environment variable `R_LIBS_SITE` evaluates to an empty value



executor >  local (23)
[ed/81d1aa] PRE_STAGE:PRE_STAGE_FILES      | 1 of 1 ✔
[c0/6e4e9a] REA…SSING:FASTQC (ERR11435646) | 6 of 6 ✔
[24/fa58fb] REA…CKSUM_VERIFY (ERR11435647) | 6 of 6 ✔
[02/2f1914] REA…:TRIM_GALORE (ERR11435646) | 6 of 6 ✔
[6c/75f357] PAR…8.dna.primary_assembly.fa) | 1 of 1 ✔
[8b/513d3a] PAR…S_FQ2BAMMETH (ERR11435659) | 1 of 6
[-        ] PAR…KS_ANALYSIS:SAMTOOLS_INDEX | 0 of 1
[-        ] PARABRICKS_ANALYSIS:QUALIMAP   -
[fa/196521] PAR…8.dna.primary_assembly.fa) | 1 of 1 ✔
[-        ] PAR…LYSIS:METHYLDACKEL_EXTRACT -
[-        ] DIF…METHYLATION:EDGER_ANALYSIS -
[-        ] DIF…YLATION:METHYLKIT_ANALYSIS -
[-        ] DIF…L_METHYLATION:DSS_ANALYSIS -
[-        ] RES…SIS:ANNOTATE_RESULTS_EDGER -
[-        ] RES…YSIS:POST_PROCESSING_EDGER -
[-        ] RES…:ENRICHMENT_ANALYSIS_EDGER -
[-        ] RES…:POST_PROCESSING_METHYLKIT -
[-        ] RES…ICHMENT_ANALYSIS_METHYLKIT -
[-        ] RES…LYSIS:ANNOTATE_RESULTS_DSS -
[-        ] RES…ALYSIS:POST_PROCESSING_DSS -
Plus 11 more processes waiting for tasks…
WARN: Environment variable `R_LIBS_USER` evaluates to an empty value
WARN: Environment variable `R_LIBS_SITE` evaluates to an empty value



executor >  local (24)
[ed/81d1aa] PRE_STAGE:PRE_STAGE_FILES      | 1 of 1 ✔
[c0/6e4e9a] REA…SSING:FASTQC (ERR11435646) | 6 of 6 ✔
[24/fa58fb] REA…CKSUM_VERIFY (ERR11435647) | 6 of 6 ✔
[02/2f1914] REA…:TRIM_GALORE (ERR11435646) | 6 of 6 ✔
[6c/75f357] PAR…8.dna.primary_assembly.fa) | 1 of 1 ✔
[1b/c61499] PAR…S_FQ2BAMMETH (ERR11435647) | 2 of 6
[-        ] PAR…KS_ANALYSIS:SAMTOOLS_INDEX | 0 of 2
[-        ] PARABRICKS_ANALYSIS:QUALIMAP   -
[fa/196521] PAR…8.dna.primary_assembly.fa) | 1 of 1 ✔
[-        ] PAR…LYSIS:METHYLDACKEL_EXTRACT -
[-        ] DIF…METHYLATION:EDGER_ANALYSIS -
[-        ] DIF…YLATION:METHYLKIT_ANALYSIS -
[-        ] DIF…L_METHYLATION:DSS_ANALYSIS -
[-        ] RES…SIS:ANNOTATE_RESULTS_EDGER -
[-        ] RES…YSIS:POST_PROCESSING_EDGER -
[-        ] RES…:ENRICHMENT_ANALYSIS_EDGER -
[-        ] RES…:POST_PROCESSING_METHYLKIT -
[-        ] RES…ICHMENT_ANALYSIS_METHYLKIT -
[-        ] RES…LYSIS:ANNOTATE_RESULTS_DSS -
[-        ] RES…ALYSIS:POST_PROCESSING_DSS -
Plus 11 more processes waiting for tasks…
WARN: Environment variable `R_LIBS_USER` evaluates to an empty value
WARN: Environment variable `R_LIBS_SITE` evaluates to an empty value



executor >  local (25)
[ed/81d1aa] PRE_STAGE:PRE_STAGE_FILES      | 1 of 1 ✔
[c0/6e4e9a] REA…SSING:FASTQC (ERR11435646) | 6 of 6 ✔
[24/fa58fb] REA…CKSUM_VERIFY (ERR11435647) | 6 of 6 ✔
[02/2f1914] REA…:TRIM_GALORE (ERR11435646) | 6 of 6 ✔
[6c/75f357] PAR…8.dna.primary_assembly.fa) | 1 of 1 ✔
[7c/97f322] PAR…S_FQ2BAMMETH (ERR11435661) | 3 of 6
[-        ] PAR…KS_ANALYSIS:SAMTOOLS_INDEX | 0 of 3
[-        ] PARABRICKS_ANALYSIS:QUALIMAP   -
[fa/196521] PAR…8.dna.primary_assembly.fa) | 1 of 1 ✔
[-        ] PAR…LYSIS:METHYLDACKEL_EXTRACT -
[-        ] DIF…METHYLATION:EDGER_ANALYSIS -
[-        ] DIF…YLATION:METHYLKIT_ANALYSIS -
[-        ] DIF…L_METHYLATION:DSS_ANALYSIS -
[-        ] RES…SIS:ANNOTATE_RESULTS_EDGER -
[-        ] RES…YSIS:POST_PROCESSING_EDGER -
[-        ] RES…:ENRICHMENT_ANALYSIS_EDGER -
[-        ] RES…:POST_PROCESSING_METHYLKIT -
[-        ] RES…ICHMENT_ANALYSIS_METHYLKIT -
[-        ] RES…LYSIS:ANNOTATE_RESULTS_DSS -
[-        ] RES…ALYSIS:POST_PROCESSING_DSS -
Plus 11 more processes waiting for tasks…
WARN: Environment variable `R_LIBS_USER` evaluates to an empty value
WARN: Environment variable `R_LIBS_SITE` evaluates to an empty value



executor >  local (26)
[ed/81d1aa] PRE_STAGE:PRE_STAGE_FILES      | 1 of 1 ✔
[c0/6e4e9a] REA…SSING:FASTQC (ERR11435646) | 6 of 6 ✔
[24/fa58fb] REA…CKSUM_VERIFY (ERR11435647) | 6 of 6 ✔
[02/2f1914] REA…:TRIM_GALORE (ERR11435646) | 6 of 6 ✔
[6c/75f357] PAR…8.dna.primary_assembly.fa) | 1 of 1 ✔
[58/116e8f] PAR…S_FQ2BAMMETH (ERR11435654) | 4 of 6
[-        ] PAR…KS_ANALYSIS:SAMTOOLS_INDEX | 0 of 4
[-        ] PARABRICKS_ANALYSIS:QUALIMAP   -
[fa/196521] PAR…8.dna.primary_assembly.fa) | 1 of 1 ✔
[-        ] PAR…LYSIS:METHYLDACKEL_EXTRACT -
[-        ] DIF…METHYLATION:EDGER_ANALYSIS -
[-        ] DIF…YLATION:METHYLKIT_ANALYSIS -
[-        ] DIF…L_METHYLATION:DSS_ANALYSIS -
[-        ] RES…SIS:ANNOTATE_RESULTS_EDGER -
[-        ] RES…YSIS:POST_PROCESSING_EDGER -
[-        ] RES…:ENRICHMENT_ANALYSIS_EDGER -
[-        ] RES…:POST_PROCESSING_METHYLKIT -
[-        ] RES…ICHMENT_ANALYSIS_METHYLKIT -
[-        ] RES…LYSIS:ANNOTATE_RESULTS_DSS -
[-        ] RES…ALYSIS:POST_PROCESSING_DSS -
Plus 11 more processes waiting for tasks…
WARN: Environment variable `R_LIBS_USER` evaluates to an empty value
WARN: Environment variable `R_LIBS_SITE` evaluates to an empty value



executor >  local (26)
[ed/81d1aa] PRE_STAGE:PRE_STAGE_FILES      | 1 of 1 ✔
[c0/6e4e9a] REA…SSING:FASTQC (ERR11435646) | 6 of 6 ✔
[24/fa58fb] REA…CKSUM_VERIFY (ERR11435647) | 6 of 6 ✔
[02/2f1914] REA…:TRIM_GALORE (ERR11435646) | 6 of 6 ✔
[6c/75f357] PAR…8.dna.primary_assembly.fa) | 1 of 1 ✔
[58/116e8f] PAR…S_FQ2BAMMETH (ERR11435654) | 4 of 6
[-        ] PAR…KS_ANALYSIS:SAMTOOLS_INDEX | 0 of 4
[-        ] PARABRICKS_ANALYSIS:QUALIMAP   -
[fa/196521] PAR…8.dna.primary_assembly.fa) | 1 of 1 ✔
[-        ] PAR…LYSIS:METHYLDACKEL_EXTRACT -
[-        ] DIF…METHYLATION:EDGER_ANALYSIS -
[-        ] DIF…YLATION:METHYLKIT_ANALYSIS -
[-        ] DIF…L_METHYLATION:DSS_ANALYSIS -
[-        ] RES…SIS:ANNOTATE_RESULTS_EDGER -
[-        ] RES…YSIS:POST_PROCESSING_EDGER -
[-        ] RES…:ENRICHMENT_ANALYSIS_EDGER -
[-        ] RES…:POST_PROCESSING_METHYLKIT -
[-        ] RES…ICHMENT_ANALYSIS_METHYLKIT -
[-        ] RES…LYSIS:ANNOTATE_RESULTS_DSS -
[-        ] RES…ALYSIS:POST_PROCESSING_DSS -
Plus 11 more processes waiting for tasks…
WARN: Environment variable `R_LIBS_USER` evaluates to an empty value
WARN: Environment variable `R_LIBS_SITE` evaluates to an empty value



executor >  local (27)
[ed/81d1aa] PRE_STAGE:PRE_STAGE_FILES      | 1 of 1 ✔
[c0/6e4e9a] REA…SSING:FASTQC (ERR11435646) | 6 of 6 ✔
[24/fa58fb] REA…CKSUM_VERIFY (ERR11435647) | 6 of 6 ✔
[02/2f1914] REA…:TRIM_GALORE (ERR11435646) | 6 of 6 ✔
[6c/75f357] PAR…8.dna.primary_assembly.fa) | 1 of 1 ✔
[5c/35cc2e] PAR…S_FQ2BAMMETH (ERR11435646) | 5 of 6
[-        ] PAR…KS_ANALYSIS:SAMTOOLS_INDEX | 0 of 5
[-        ] PARABRICKS_ANALYSIS:QUALIMAP   -
[fa/196521] PAR…8.dna.primary_assembly.fa) | 1 of 1 ✔
[-        ] PAR…LYSIS:METHYLDACKEL_EXTRACT -
[-        ] DIF…METHYLATION:EDGER_ANALYSIS -
[-        ] DIF…YLATION:METHYLKIT_ANALYSIS -
[-        ] DIF…L_METHYLATION:DSS_ANALYSIS -
[-        ] RES…SIS:ANNOTATE_RESULTS_EDGER -
[-        ] RES…YSIS:POST_PROCESSING_EDGER -
[-        ] RES…:ENRICHMENT_ANALYSIS_EDGER -
[-        ] RES…:POST_PROCESSING_METHYLKIT -
[-        ] RES…ICHMENT_ANALYSIS_METHYLKIT -
[-        ] RES…LYSIS:ANNOTATE_RESULTS_DSS -
[-        ] RES…ALYSIS:POST_PROCESSING_DSS -
Plus 11 more processes waiting for tasks…
WARN: Environment variable `R_LIBS_USER` evaluates to an empty value
WARN: Environment variable `R_LIBS_SITE` evaluates to an empty value



executor >  local (27)
[ed/81d1aa] PRE_STAGE:PRE_STAGE_FILES      | 1 of 1 ✔
[c0/6e4e9a] REA…SSING:FASTQC (ERR11435646) | 6 of 6 ✔
[24/fa58fb] REA…CKSUM_VERIFY (ERR11435647) | 6 of 6 ✔
[02/2f1914] REA…:TRIM_GALORE (ERR11435646) | 6 of 6 ✔
[6c/75f357] PAR…8.dna.primary_assembly.fa) | 1 of 1 ✔
[5c/35cc2e] PAR…S_FQ2BAMMETH (ERR11435646) | 5 of 6
[-        ] PAR…KS_ANALYSIS:SAMTOOLS_INDEX | 0 of 5
[-        ] PARABRICKS_ANALYSIS:QUALIMAP   -
[fa/196521] PAR…8.dna.primary_assembly.fa) | 1 of 1 ✔
[-        ] PAR…LYSIS:METHYLDACKEL_EXTRACT -
[-        ] DIF…METHYLATION:EDGER_ANALYSIS -
[-        ] DIF…YLATION:METHYLKIT_ANALYSIS -
[-        ] DIF…L_METHYLATION:DSS_ANALYSIS -
[-        ] RES…SIS:ANNOTATE_RESULTS_EDGER -
[-        ] RES…YSIS:POST_PROCESSING_EDGER -
[-        ] RES…:ENRICHMENT_ANALYSIS_EDGER -
[-        ] RES…:POST_PROCESSING_METHYLKIT -
[-        ] RES…ICHMENT_ANALYSIS_METHYLKIT -
[-        ] RES…LYSIS:ANNOTATE_RESULTS_DSS -
[-        ] RES…ALYSIS:POST_PROCESSING_DSS -
Plus 11 more processes waiting for tasks…
WARN: Environment variable `R_LIBS_USER` evaluates to an empty value
WARN: Environment variable `R_LIBS_SITE` evaluates to an empty value



executor >  local (33)
[ed/81d1aa] PRE_STAGE:PRE_STAGE_FILES      | 1 of 1 ✔
[c0/6e4e9a] REA…SSING:FASTQC (ERR11435646) | 6 of 6 ✔
[24/fa58fb] REA…CKSUM_VERIFY (ERR11435647) | 6 of 6 ✔
[02/2f1914] REA…:TRIM_GALORE (ERR11435646) | 6 of 6 ✔
[6c/75f357] PAR…8.dna.primary_assembly.fa) | 1 of 1 ✔
[5c/35cc2e] PAR…S_FQ2BAMMETH (ERR11435646) | 6 of 6 ✔
[55/127666] PAR…MTOOLS_INDEX (ERR11435646) | 0 of 6
[-        ] PARABRICKS_ANALYSIS:QUALIMAP   -
[fa/196521] PAR…8.dna.primary_assembly.fa) | 1 of 1 ✔
[-        ] PAR…LYSIS:METHYLDACKEL_EXTRACT -
[-        ] DIF…METHYLATION:EDGER_ANALYSIS -
[-        ] DIF…YLATION:METHYLKIT_ANALYSIS -
[-        ] DIF…L_METHYLATION:DSS_ANALYSIS -
[-        ] RES…SIS:ANNOTATE_RESULTS_EDGER -
[-        ] RES…YSIS:POST_PROCESSING_EDGER -
[-        ] RES…:ENRICHMENT_ANALYSIS_EDGER -
[-        ] RES…:POST_PROCESSING_METHYLKIT -
[-        ] RES…ICHMENT_ANALYSIS_METHYLKIT -
[-        ] RES…LYSIS:ANNOTATE_RESULTS_DSS -
[-        ] RES…ALYSIS:POST_PROCESSING_DSS -
Plus 11 more processes waiting for tasks…
WARN: Environment variable `R_LIBS_USER` evaluates to an empty value
WARN: Environment variable `R_LIBS_SITE` evaluates to an empty value
WARN: Environment variable `R_LIBS_USER` evaluates to an empty value
WARN: Environment variable `R_LIBS_SITE` evaluates to an empty value
WARN: Environment variable `R_LIBS_USER` evaluates to an empty value
WARN: Environment variable `R_LIBS_SITE` evaluates to an empty value
WARN: Environment variable `R_LIBS_USER` evaluates to an empty value
WARN: Environment variable `R_LIBS_SITE` evaluates to an empty value
WARN: Environment variable `R_LIBS_USER` evaluates to an empty value
WARN: Environment variable `R_LIBS_SITE` evaluates to an empty value
WARN: Environment variable `R_LIBS_USER` evaluates to an empty value
WARN: Environment variable `R_LIBS_SITE` evaluates to an empty value



executor >  local (33)
[ed/81d1aa] PRE_STAGE:PRE_STAGE_FILES      | 1 of 1 ✔
[c0/6e4e9a] REA…SSING:FASTQC (ERR11435646) | 6 of 6 ✔
[24/fa58fb] REA…CKSUM_VERIFY (ERR11435647) | 6 of 6 ✔
[02/2f1914] REA…:TRIM_GALORE (ERR11435646) | 6 of 6 ✔
[6c/75f357] PAR…8.dna.primary_assembly.fa) | 1 of 1 ✔
[5c/35cc2e] PAR…S_FQ2BAMMETH (ERR11435646) | 6 of 6 ✔
[55/127666] PAR…MTOOLS_INDEX (ERR11435646) | 0 of 6
[-        ] PARABRICKS_ANALYSIS:QUALIMAP   -
[fa/196521] PAR…8.dna.primary_assembly.fa) | 1 of 1 ✔
[-        ] PAR…LYSIS:METHYLDACKEL_EXTRACT -
[-        ] DIF…METHYLATION:EDGER_ANALYSIS -
[-        ] DIF…YLATION:METHYLKIT_ANALYSIS -
[-        ] DIF…L_METHYLATION:DSS_ANALYSIS -
[-        ] RES…SIS:ANNOTATE_RESULTS_EDGER -
[-        ] RES…YSIS:POST_PROCESSING_EDGER -
[-        ] RES…:ENRICHMENT_ANALYSIS_EDGER -
[-        ] RES…:POST_PROCESSING_METHYLKIT -
[-        ] RES…ICHMENT_ANALYSIS_METHYLKIT -
[-        ] RES…LYSIS:ANNOTATE_RESULTS_DSS -
[-        ] RES…ALYSIS:POST_PROCESSING_DSS -
Plus 11 more processes waiting for tasks…
WARN: Environment variable `R_LIBS_USER` evaluates to an empty value
WARN: Environment variable `R_LIBS_SITE` evaluates to an empty value
WARN: Environment variable `R_LIBS_USER` evaluates to an empty value
WARN: Environment variable `R_LIBS_SITE` evaluates to an empty value
WARN: Environment variable `R_LIBS_USER` evaluates to an empty value
WARN: Environment variable `R_LIBS_SITE` evaluates to an empty value
WARN: Environment variable `R_LIBS_USER` evaluates to an empty value
WARN: Environment variable `R_LIBS_SITE` evaluates to an empty value
WARN: Environment variable `R_LIBS_USER` evaluates to an empty value
WARN: Environment variable `R_LIBS_SITE` evaluates to an empty value
WARN: Environment variable `R_LIBS_USER` evaluates to an empty value
WARN: Environment variable `R_LIBS_SITE` evaluates to an empty value



executor >  local (35)
[ed/81d1aa] PRE_STAGE:PRE_STAGE_FILES      | 1 of 1 ✔
[c0/6e4e9a] REA…SSING:FASTQC (ERR11435646) | 6 of 6 ✔
[24/fa58fb] REA…CKSUM_VERIFY (ERR11435647) | 6 of 6 ✔
[02/2f1914] REA…:TRIM_GALORE (ERR11435646) | 6 of 6 ✔
[6c/75f357] PAR…8.dna.primary_assembly.fa) | 1 of 1 ✔
[5c/35cc2e] PAR…S_FQ2BAMMETH (ERR11435646) | 6 of 6 ✔
[00/c69cf3] PAR…MTOOLS_INDEX (ERR11435661) | 1 of 6
[b1/39b696] PAR…SIS:QUALIMAP (ERR11435661) | 0 of 1
[fa/196521] PAR…8.dna.primary_assembly.fa) | 1 of 1 ✔
[6c/136c29] PAR…CKEL_EXTRACT (ERR11435661) | 0 of 1
[-        ] DIF…METHYLATION:EDGER_ANALYSIS -
[-        ] DIF…YLATION:METHYLKIT_ANALYSIS -
[-        ] DIF…L_METHYLATION:DSS_ANALYSIS -
[-        ] RES…SIS:ANNOTATE_RESULTS_EDGER -
[-        ] RES…YSIS:POST_PROCESSING_EDGER -
[-        ] RES…:ENRICHMENT_ANALYSIS_EDGER -
[-        ] RES…:POST_PROCESSING_METHYLKIT -
[-        ] RES…ICHMENT_ANALYSIS_METHYLKIT -
[-        ] RES…LYSIS:ANNOTATE_RESULTS_DSS -
[-        ] RES…ALYSIS:POST_PROCESSING_DSS -
Plus 11 more processes waiting for tasks…
WARN: Environment variable `R_LIBS_USER` evaluates to an empty value
WARN: Environment variable `R_LIBS_SITE` evaluates to an empty value
WARN: Environment variable `R_LIBS_USER` evaluates to an empty value
WARN: Environment variable `R_LIBS_SITE` evaluates to an empty value
WARN: Environment variable `R_LIBS_USER` evaluates to an empty value
WARN: Environment variable `R_LIBS_SITE` evaluates to an empty value
WARN: Environment variable `R_LIBS_USER` evaluates to an empty value
WARN: Environment variable `R_LIBS_SITE` evaluates to an empty value
WARN: Environment variable `R_LIBS_USER` evaluates to an empty value
WARN: Environment variable `R_LIBS_SITE` evaluates to an empty value
WARN: Environment variable `R_LIBS_USER` evaluates to an empty value
WARN: Environment variable `R_LIBS_SITE` evaluates to an empty value
WARN: Environment variable `R_LIBS_USER` evaluates to an empty value
WARN: Environment variable `R_LIBS_SITE` evaluates to an empty value
WARN: Environment variable `R_LIBS_USER` evaluates to an empty value
WARN: Environment variable `R_LIBS_SITE` evaluates to an empty value

executor >  local (35)
[ed/81d1aa] PRE_STAGE:PRE_STAGE_FILES      | 1 of 1 ✔
[c0/6e4e9a] REA…SSING:FASTQC (ERR11435646) | 6 of 6 ✔
[24/fa58fb] REA…CKSUM_VERIFY (ERR11435647) | 6 of 6 ✔
[02/2f1914] REA…:TRIM_GALORE (ERR11435646) | 6 of 6 ✔
[6c/75f357] PAR…8.dna.primary_assembly.fa) | 1 of 1 ✔
[5c/35cc2e] PAR…S_FQ2BAMMETH (ERR11435646) | 6 of 6 ✔
[00/c69cf3] PAR…MTOOLS_INDEX (ERR11435661) | 1 of 6
[b1/39b696] PAR…SIS:QUALIMAP (ERR11435661) | 0 of 1
[fa/196521] PAR…8.dna.primary_assembly.fa) | 1 of 1 ✔
[6c/136c29] PAR…CKEL_EXTRACT (ERR11435661) | 0 of 1
[-        ] DIF…METHYLATION:EDGER_ANALYSIS -
[-        ] DIF…YLATION:METHYLKIT_ANALYSIS -
[-        ] DIF…L_METHYLATION:DSS_ANALYSIS -
[-        ] RES…SIS:ANNOTATE_RESULTS_EDGER -
[-        ] RES…YSIS:POST_PROCESSING_EDGER -
[-        ] RES…:ENRICHMENT_ANALYSIS_EDGER -
[-        ] RES…:POST_PROCESSING_METHYLKIT -
[-        ] RES…ICHMENT_ANALYSIS_METHYLKIT -
[-        ] RES…LYSIS:ANNOTATE_RESULTS_DSS -
[-        ] RES…ALYSIS:POST_PROCESSING_DSS -
Plus 11 more processes waiting for tasks…
WARN: Environment variable `R_LIBS_USER` evaluates to an empty value
WARN: Environment variable `R_LIBS_SITE` evaluates to an empty value
WARN: Environment variable `R_LIBS_USER` evaluates to an empty value
WARN: Environment variable `R_LIBS_SITE` evaluates to an empty value
WARN: Environment variable `R_LIBS_USER` evaluates to an empty value
WARN: Environment variable `R_LIBS_SITE` evaluates to an empty value
WARN: Environment variable `R_LIBS_USER` evaluates to an empty value
WARN: Environment variable `R_LIBS_SITE` evaluates to an empty value
WARN: Environment variable `R_LIBS_USER` evaluates to an empty value
WARN: Environment variable `R_LIBS_SITE` evaluates to an empty value
WARN: Environment variable `R_LIBS_USER` evaluates to an empty value
WARN: Environment variable `R_LIBS_SITE` evaluates to an empty value
WARN: Environment variable `R_LIBS_USER` evaluates to an empty value
WARN: Environment variable `R_LIBS_SITE` evaluates to an empty value
WARN: Environment variable `R_LIBS_USER` evaluates to an empty value
WARN: Environment variable `R_LIBS_SITE` evaluates to an empty value

executor >  local (36)
[ed/81d1aa] PRE_STAGE:PRE_STAGE_FILES      | 1 of 1 ✔
[c0/6e4e9a] REA…SSING:FASTQC (ERR11435646) | 6 of 6 ✔
[24/fa58fb] REA…CKSUM_VERIFY (ERR11435647) | 6 of 6 ✔
[02/2f1914] REA…:TRIM_GALORE (ERR11435646) | 6 of 6 ✔
[6c/75f357] PAR…8.dna.primary_assembly.fa) | 1 of 1 ✔
[5c/35cc2e] PAR…S_FQ2BAMMETH (ERR11435646) | 6 of 6 ✔
[0d/8afc76] PAR…MTOOLS_INDEX (ERR11435647) | 2 of 6
[b1/39b696] PAR…SIS:QUALIMAP (ERR11435661) | 0 of 2
[fa/196521] PAR…8.dna.primary_assembly.fa) | 1 of 1 ✔
[40/8c4ba5] PAR…CKEL_EXTRACT (ERR11435647) | 0 of 2
[-        ] DIF…METHYLATION:EDGER_ANALYSIS -
[-        ] DIF…YLATION:METHYLKIT_ANALYSIS -
[-        ] DIF…L_METHYLATION:DSS_ANALYSIS -
[-        ] RES…SIS:ANNOTATE_RESULTS_EDGER -
[-        ] RES…YSIS:POST_PROCESSING_EDGER -
[-        ] RES…:ENRICHMENT_ANALYSIS_EDGER -
[-        ] RES…:POST_PROCESSING_METHYLKIT -
[-        ] RES…ICHMENT_ANALYSIS_METHYLKIT -
[-        ] RES…LYSIS:ANNOTATE_RESULTS_DSS -
[-        ] RES…ALYSIS:POST_PROCESSING_DSS -
Plus 11 more processes waiting for tasks…
WARN: Environment variable `R_LIBS_USER` evaluates to an empty value
WARN: Environment variable `R_LIBS_SITE` evaluates to an empty value
WARN: Environment variable `R_LIBS_USER` evaluates to an empty value
WARN: Environment variable `R_LIBS_SITE` evaluates to an empty value
WARN: Environment variable `R_LIBS_USER` evaluates to an empty value
WARN: Environment variable `R_LIBS_SITE` evaluates to an empty value
WARN: Environment variable `R_LIBS_USER` evaluates to an empty value
WARN: Environment variable `R_LIBS_SITE` evaluates to an empty value
WARN: Environment variable `R_LIBS_USER` evaluates to an empty value
WARN: Environment variable `R_LIBS_SITE` evaluates to an empty value
WARN: Environment variable `R_LIBS_USER` evaluates to an empty value
WARN: Environment variable `R_LIBS_SITE` evaluates to an empty value
WARN: Environment variable `R_LIBS_USER` evaluates to an empty value
WARN: Environment variable `R_LIBS_SITE` evaluates to an empty value
WARN: Environment variable `R_LIBS_USER` evaluates to an empty value
WARN: Environment variable `R_LIBS_SITE` evaluates to an empty value
WARN: Environment variable `R_LIBS_USER` evaluates to an empty value
WARN: Environment variable `R_LIBS_SITE` evaluates to an empty value

executor >  local (36)
[ed/81d1aa] PRE_STAGE:PRE_STAGE_FILES      | 1 of 1 ✔
[c0/6e4e9a] REA…SSING:FASTQC (ERR11435646) | 6 of 6 ✔
[24/fa58fb] REA…CKSUM_VERIFY (ERR11435647) | 6 of 6 ✔
[02/2f1914] REA…:TRIM_GALORE (ERR11435646) | 6 of 6 ✔
[6c/75f357] PAR…8.dna.primary_assembly.fa) | 1 of 1 ✔
[5c/35cc2e] PAR…S_FQ2BAMMETH (ERR11435646) | 6 of 6 ✔
[0d/8afc76] PAR…MTOOLS_INDEX (ERR11435647) | 2 of 6
[b1/39b696] PAR…SIS:QUALIMAP (ERR11435661) | 0 of 2
[fa/196521] PAR…8.dna.primary_assembly.fa) | 1 of 1 ✔
[40/8c4ba5] PAR…CKEL_EXTRACT (ERR11435647) | 0 of 2
[-        ] DIF…METHYLATION:EDGER_ANALYSIS -
[-        ] DIF…YLATION:METHYLKIT_ANALYSIS -
[-        ] DIF…L_METHYLATION:DSS_ANALYSIS -
[-        ] RES…SIS:ANNOTATE_RESULTS_EDGER -
[-        ] RES…YSIS:POST_PROCESSING_EDGER -
[-        ] RES…:ENRICHMENT_ANALYSIS_EDGER -
[-        ] RES…:POST_PROCESSING_METHYLKIT -
[-        ] RES…ICHMENT_ANALYSIS_METHYLKIT -
[-        ] RES…LYSIS:ANNOTATE_RESULTS_DSS -
[-        ] RES…ALYSIS:POST_PROCESSING_DSS -
Plus 11 more processes waiting for tasks…
WARN: Environment variable `R_LIBS_USER` evaluates to an empty value
WARN: Environment variable `R_LIBS_SITE` evaluates to an empty value
WARN: Environment variable `R_LIBS_USER` evaluates to an empty value
WARN: Environment variable `R_LIBS_SITE` evaluates to an empty value
WARN: Environment variable `R_LIBS_USER` evaluates to an empty value
WARN: Environment variable `R_LIBS_SITE` evaluates to an empty value
WARN: Environment variable `R_LIBS_USER` evaluates to an empty value
WARN: Environment variable `R_LIBS_SITE` evaluates to an empty value
WARN: Environment variable `R_LIBS_USER` evaluates to an empty value
WARN: Environment variable `R_LIBS_SITE` evaluates to an empty value
WARN: Environment variable `R_LIBS_USER` evaluates to an empty value
WARN: Environment variable `R_LIBS_SITE` evaluates to an empty value
WARN: Environment variable `R_LIBS_USER` evaluates to an empty value
WARN: Environment variable `R_LIBS_SITE` evaluates to an empty value
WARN: Environment variable `R_LIBS_USER` evaluates to an empty value
WARN: Environment variable `R_LIBS_SITE` evaluates to an empty value
WARN: Environment variable `R_LIBS_USER` evaluates to an empty value
WARN: Environment variable `R_LIBS_SITE` evaluates to an empty value

executor >  local (37)
[ed/81d1aa] PRE_STAGE:PRE_STAGE_FILES      | 1 of 1 ✔
[c0/6e4e9a] REA…SSING:FASTQC (ERR11435646) | 6 of 6 ✔
[24/fa58fb] REA…CKSUM_VERIFY (ERR11435647) | 6 of 6 ✔
[02/2f1914] REA…:TRIM_GALORE (ERR11435646) | 6 of 6 ✔
[6c/75f357] PAR…8.dna.primary_assembly.fa) | 1 of 1 ✔
[5c/35cc2e] PAR…S_FQ2BAMMETH (ERR11435646) | 6 of 6 ✔
[03/e8032c] PAR…MTOOLS_INDEX (ERR11435654) | 5 of 6
[e6/638ea5] PAR…SIS:QUALIMAP (ERR11435647) | 0 of 5
[fa/196521] PAR…8.dna.primary_assembly.fa) | 1 of 1 ✔
[40/8c4ba5] PAR…CKEL_EXTRACT (ERR11435647) | 0 of 5
[-        ] DIF…METHYLATION:EDGER_ANALYSIS -
[-        ] DIF…YLATION:METHYLKIT_ANALYSIS -
[-        ] DIF…L_METHYLATION:DSS_ANALYSIS -
[-        ] RES…SIS:ANNOTATE_RESULTS_EDGER -
[-        ] RES…YSIS:POST_PROCESSING_EDGER -
[-        ] RES…:ENRICHMENT_ANALYSIS_EDGER -
[-        ] RES…:POST_PROCESSING_METHYLKIT -
[-        ] RES…ICHMENT_ANALYSIS_METHYLKIT -
[-        ] RES…LYSIS:ANNOTATE_RESULTS_DSS -
[-        ] RES…ALYSIS:POST_PROCESSING_DSS -
Plus 11 more processes waiting for tasks…
WARN: Environment variable `R_LIBS_USER` evaluates to an empty value
WARN: Environment variable `R_LIBS_SITE` evaluates to an empty value
WARN: Environment variable `R_LIBS_USER` evaluates to an empty value
WARN: Environment variable `R_LIBS_SITE` evaluates to an empty value
WARN: Environment variable `R_LIBS_USER` evaluates to an empty value
WARN: Environment variable `R_LIBS_SITE` evaluates to an empty value
WARN: Environment variable `R_LIBS_USER` evaluates to an empty value
WARN: Environment variable `R_LIBS_SITE` evaluates to an empty value













executor >  local (38)
[ed/81d1aa] PRE_STAGE:PRE_STAGE_FILES      | 1 of 1 ✔
[c0/6e4e9a] REA…SSING:FASTQC (ERR11435646) | 6 of 6 ✔
[24/fa58fb] REA…CKSUM_VERIFY (ERR11435647) | 6 of 6 ✔
[02/2f1914] REA…:TRIM_GALORE (ERR11435646) | 6 of 6 ✔
[6c/75f357] PAR…8.dna.primary_assembly.fa) | 1 of 1 ✔
[5c/35cc2e] PAR…S_FQ2BAMMETH (ERR11435646) | 6 of 6 ✔
[97/06fa8b] PAR…MTOOLS_INDEX (ERR11435652) | 6 of 6 ✔
[d2/7dcd22] PAR…SIS:QUALIMAP (ERR11435654) | 0 of 6
[fa/196521] PAR…8.dna.primary_assembly.fa) | 1 of 1 ✔
[40/8c4ba5] PAR…CKEL_EXTRACT (ERR11435647) | 0 of 6
[-        ] DIF…METHYLATION:EDGER_ANALYSIS -
[-        ] DIF…YLATION:METHYLKIT_ANALYSIS -
[-        ] DIF…L_METHYLATION:DSS_ANALYSIS -
[-        ] RES…SIS:ANNOTATE_RESULTS_EDGER -
[-        ] RES…YSIS:POST_PROCESSING_EDGER -
[-        ] RES…:ENRICHMENT_ANALYSIS_EDGER -
[-        ] RES…:POST_PROCESSING_METHYLKIT -
[-        ] RES…ICHMENT_ANALYSIS_METHYLKIT -
[-        ] RES…LYSIS:ANNOTATE_RESULTS_DSS -
[-        ] RES…ALYSIS:POST_PROCESSING_DSS -
Plus 11 more processes waiting for tasks…
WARN: Environment variable `R_LIBS_USER` evaluates to an empty value
WARN: Environment variable `R_LIBS_SITE` evaluates to an empty value
WARN: Environment variable `R_LIBS_USER` evaluates to an empty value
WARN: Environment variable `R_LIBS_SITE` evaluates to an empty value
WARN: Environment variable `R_LIBS_USER` evaluates to an empty value
WARN: Environment variable `R_LIBS_SITE` evaluates to an empty value
WARN: Environment variable `R_LIBS_USER` evaluates to an empty value
WARN: Environment variable `R_LIBS_SITE` evaluates to an empty value
WARN: Environment variable `R_LIBS_USER` evaluates to an empty value
WARN: Environment variable `R_LIBS_SITE` evaluates to an empty value











executor >  local (39)
[ed/81d1aa] PRE_STAGE:PRE_STAGE_FILES      | 1 of 1 ✔
[c0/6e4e9a] REA…SSING:FASTQC (ERR11435646) | 6 of 6 ✔
[24/fa58fb] REA…CKSUM_VERIFY (ERR11435647) | 6 of 6 ✔
[02/2f1914] REA…:TRIM_GALORE (ERR11435646) | 6 of 6 ✔
[6c/75f357] PAR…8.dna.primary_assembly.fa) | 1 of 1 ✔
[5c/35cc2e] PAR…S_FQ2BAMMETH (ERR11435646) | 6 of 6 ✔
[97/06fa8b] PAR…MTOOLS_INDEX (ERR11435652) | 6 of 6 ✔
[d2/7dcd22] PAR…SIS:QUALIMAP (ERR11435654) | 0 of 6
[fa/196521] PAR…8.dna.primary_assembly.fa) | 1 of 1 ✔
[6f/4a8c39] PAR…CKEL_EXTRACT (ERR11435654) | 1 of 6
[-        ] DIF…METHYLATION:EDGER_ANALYSIS -
[-        ] DIF…YLATION:METHYLKIT_ANALYSIS -
[-        ] DIF…L_METHYLATION:DSS_ANALYSIS -
[-        ] RES…SIS:ANNOTATE_RESULTS_EDGER -
[-        ] RES…YSIS:POST_PROCESSING_EDGER -
[-        ] RES…:ENRICHMENT_ANALYSIS_EDGER -
[-        ] RES…:POST_PROCESSING_METHYLKIT -
[-        ] RES…ICHMENT_ANALYSIS_METHYLKIT -
[-        ] RES…LYSIS:ANNOTATE_RESULTS_DSS -
[-        ] RES…ALYSIS:POST_PROCESSING_DSS -
Plus 11 more processes waiting for tasks…
WARN: Environment variable `R_LIBS_USER` evaluates to an empty value
WARN: Environment variable `R_LIBS_SITE` evaluates to an empty value











executor >  local (40)
[ed/81d1aa] PRE_STAGE:PRE_STAGE_FILES      | 1 of 1 ✔
[c0/6e4e9a] REA…SSING:FASTQC (ERR11435646) | 6 of 6 ✔
[24/fa58fb] REA…CKSUM_VERIFY (ERR11435647) | 6 of 6 ✔
[02/2f1914] REA…:TRIM_GALORE (ERR11435646) | 6 of 6 ✔
[6c/75f357] PAR…8.dna.primary_assembly.fa) | 1 of 1 ✔
[5c/35cc2e] PAR…S_FQ2BAMMETH (ERR11435646) | 6 of 6 ✔
[97/06fa8b] PAR…MTOOLS_INDEX (ERR11435652) | 6 of 6 ✔
[d2/7dcd22] PAR…SIS:QUALIMAP (ERR11435654) | 0 of 6
[fa/196521] PAR…8.dna.primary_assembly.fa) | 1 of 1 ✔
[e4/e8c256] PAR…CKEL_EXTRACT (ERR11435659) | 2 of 6
[-        ] DIF…METHYLATION:EDGER_ANALYSIS -
[-        ] DIF…YLATION:METHYLKIT_ANALYSIS -
[-        ] DIF…L_METHYLATION:DSS_ANALYSIS -
[-        ] RES…SIS:ANNOTATE_RESULTS_EDGER -
[-        ] RES…YSIS:POST_PROCESSING_EDGER -
[-        ] RES…:ENRICHMENT_ANALYSIS_EDGER -
[-        ] RES…:POST_PROCESSING_METHYLKIT -
[-        ] RES…ICHMENT_ANALYSIS_METHYLKIT -
[-        ] RES…LYSIS:ANNOTATE_RESULTS_DSS -
[-        ] RES…ALYSIS:POST_PROCESSING_DSS -
Plus 11 more processes waiting for tasks…
WARN: Environment variable `R_LIBS_USER` evaluates to an empty value
WARN: Environment variable `R_LIBS_SITE` evaluates to an empty value
WARN: Environment variable `R_LIBS_USER` evaluates to an empty value
WARN: Environment variable `R_LIBS_SITE` evaluates to an empty value









executor >  local (40)
[ed/81d1aa] PRE_STAGE:PRE_STAGE_FILES      | 1 of 1 ✔
[c0/6e4e9a] REA…SSING:FASTQC (ERR11435646) | 6 of 6 ✔
[24/fa58fb] REA…CKSUM_VERIFY (ERR11435647) | 6 of 6 ✔
[02/2f1914] REA…:TRIM_GALORE (ERR11435646) | 6 of 6 ✔
[6c/75f357] PAR…8.dna.primary_assembly.fa) | 1 of 1 ✔
[5c/35cc2e] PAR…S_FQ2BAMMETH (ERR11435646) | 6 of 6 ✔
[97/06fa8b] PAR…MTOOLS_INDEX (ERR11435652) | 6 of 6 ✔
[d2/7dcd22] PAR…SIS:QUALIMAP (ERR11435654) | 0 of 6
[fa/196521] PAR…8.dna.primary_assembly.fa) | 1 of 1 ✔
[e4/e8c256] PAR…CKEL_EXTRACT (ERR11435659) | 2 of 6
[-        ] DIF…METHYLATION:EDGER_ANALYSIS -
[-        ] DIF…YLATION:METHYLKIT_ANALYSIS -
[-        ] DIF…L_METHYLATION:DSS_ANALYSIS -
[-        ] RES…SIS:ANNOTATE_RESULTS_EDGER -
[-        ] RES…YSIS:POST_PROCESSING_EDGER -
[-        ] RES…:ENRICHMENT_ANALYSIS_EDGER -
[-        ] RES…:POST_PROCESSING_METHYLKIT -
[-        ] RES…ICHMENT_ANALYSIS_METHYLKIT -
[-        ] RES…LYSIS:ANNOTATE_RESULTS_DSS -
[-        ] RES…ALYSIS:POST_PROCESSING_DSS -
Plus 11 more processes waiting for tasks…
WARN: Environment variable `R_LIBS_USER` evaluates to an empty value
WARN: Environment variable `R_LIBS_SITE` evaluates to an empty value
WARN: Environment variable `R_LIBS_USER` evaluates to an empty value
WARN: Environment variable `R_LIBS_SITE` evaluates to an empty value

executor >  local (41)
[ed/81d1aa] PRE_STAGE:PRE_STAGE_FILES      | 1 of 1 ✔
[c0/6e4e9a] REA…SSING:FASTQC (ERR11435646) | 6 of 6 ✔
[24/fa58fb] REA…CKSUM_VERIFY (ERR11435647) | 6 of 6 ✔
[02/2f1914] REA…:TRIM_GALORE (ERR11435646) | 6 of 6 ✔
[6c/75f357] PAR…8.dna.primary_assembly.fa) | 1 of 1 ✔
[5c/35cc2e] PAR…S_FQ2BAMMETH (ERR11435646) | 6 of 6 ✔
[97/06fa8b] PAR…MTOOLS_INDEX (ERR11435652) | 6 of 6 ✔
[b1/39b696] PAR…SIS:QUALIMAP (ERR11435661) | 1 of 6
[fa/196521] PAR…8.dna.primary_assembly.fa) | 1 of 1 ✔
[e4/e8c256] PAR…CKEL_EXTRACT (ERR11435659) | 2 of 6
[-        ] DIF…METHYLATION:EDGER_ANALYSIS -
[-        ] DIF…YLATION:METHYLKIT_ANALYSIS -
[-        ] DIF…L_METHYLATION:DSS_ANALYSIS -
[-        ] RES…SIS:ANNOTATE_RESULTS_EDGER -
[-        ] RES…YSIS:POST_PROCESSING_EDGER -
[-        ] RES…:ENRICHMENT_ANALYSIS_EDGER -
[-        ] RES…:POST_PROCESSING_METHYLKIT -
[-        ] RES…ICHMENT_ANALYSIS_METHYLKIT -
[-        ] RES…LYSIS:ANNOTATE_RESULTS_DSS -
[-        ] RES…ALYSIS:POST_PROCESSING_DSS -
Plus 11 more processes waiting for tasks…
WARN: Environment variable `R_LIBS_USER` evaluates to an empty value
WARN: Environment variable `R_LIBS_SITE` evaluates to an empty value





executor >  local (41)
[ed/81d1aa] PRE_STAGE:PRE_STAGE_FILES      | 1 of 1 ✔
[c0/6e4e9a] REA…SSING:FASTQC (ERR11435646) | 6 of 6 ✔
[24/fa58fb] REA…CKSUM_VERIFY (ERR11435647) | 6 of 6 ✔
[02/2f1914] REA…:TRIM_GALORE (ERR11435646) | 6 of 6 ✔
[6c/75f357] PAR…8.dna.primary_assembly.fa) | 1 of 1 ✔
[5c/35cc2e] PAR…S_FQ2BAMMETH (ERR11435646) | 6 of 6 ✔
[97/06fa8b] PAR…MTOOLS_INDEX (ERR11435652) | 6 of 6 ✔
[b1/39b696] PAR…SIS:QUALIMAP (ERR11435661) | 1 of 6
[fa/196521] PAR…8.dna.primary_assembly.fa) | 1 of 1 ✔
[e4/e8c256] PAR…CKEL_EXTRACT (ERR11435659) | 2 of 6
[-        ] DIF…METHYLATION:EDGER_ANALYSIS -
[-        ] DIF…YLATION:METHYLKIT_ANALYSIS -
[-        ] DIF…L_METHYLATION:DSS_ANALYSIS -
[-        ] RES…SIS:ANNOTATE_RESULTS_EDGER -
[-        ] RES…YSIS:POST_PROCESSING_EDGER -
[-        ] RES…:ENRICHMENT_ANALYSIS_EDGER -
[-        ] RES…:POST_PROCESSING_METHYLKIT -
[-        ] RES…ICHMENT_ANALYSIS_METHYLKIT -
[-        ] RES…LYSIS:ANNOTATE_RESULTS_DSS -
[-        ] RES…ALYSIS:POST_PROCESSING_DSS -
Plus 11 more processes waiting for tasks…
WARN: Environment variable `R_LIBS_USER` evaluates to an empty value
WARN: Environment variable `R_LIBS_SITE` evaluates to an empty value





executor >  local (42)
[ed/81d1aa] PRE_STAGE:PRE_STAGE_FILES      | 1 of 1 ✔
[c0/6e4e9a] REA…SSING:FASTQC (ERR11435646) | 6 of 6 ✔
[24/fa58fb] REA…CKSUM_VERIFY (ERR11435647) | 6 of 6 ✔
[02/2f1914] REA…:TRIM_GALORE (ERR11435646) | 6 of 6 ✔
[6c/75f357] PAR…8.dna.primary_assembly.fa) | 1 of 1 ✔
[5c/35cc2e] PAR…S_FQ2BAMMETH (ERR11435646) | 6 of 6 ✔
[97/06fa8b] PAR…MTOOLS_INDEX (ERR11435652) | 6 of 6 ✔
[df/714767] PAR…SIS:QUALIMAP (ERR11435659) | 2 of 6
[fa/196521] PAR…8.dna.primary_assembly.fa) | 1 of 1 ✔
[e4/e8c256] PAR…CKEL_EXTRACT (ERR11435659) | 2 of 6
[-        ] DIF…METHYLATION:EDGER_ANALYSIS -
[-        ] DIF…YLATION:METHYLKIT_ANALYSIS -
[-        ] DIF…L_METHYLATION:DSS_ANALYSIS -
[-        ] RES…SIS:ANNOTATE_RESULTS_EDGER -
[-        ] RES…YSIS:POST_PROCESSING_EDGER -
[-        ] RES…:ENRICHMENT_ANALYSIS_EDGER -
[-        ] RES…:POST_PROCESSING_METHYLKIT -
[-        ] RES…ICHMENT_ANALYSIS_METHYLKIT -
[-        ] RES…LYSIS:ANNOTATE_RESULTS_DSS -
[-        ] RES…ALYSIS:POST_PROCESSING_DSS -
Plus 11 more processes waiting for tasks…
WARN: Environment variable `R_LIBS_USER` evaluates to an empty value
WARN: Environment variable `R_LIBS_SITE` evaluates to an empty value



executor >  local (43)
[ed/81d1aa] PRE_STAGE:PRE_STAGE_FILES      | 1 of 1 ✔
[c0/6e4e9a] REA…SSING:FASTQC (ERR11435646) | 6 of 6 ✔
[24/fa58fb] REA…CKSUM_VERIFY (ERR11435647) | 6 of 6 ✔
[02/2f1914] REA…:TRIM_GALORE (ERR11435646) | 6 of 6 ✔
[6c/75f357] PAR…8.dna.primary_assembly.fa) | 1 of 1 ✔
[5c/35cc2e] PAR…S_FQ2BAMMETH (ERR11435646) | 6 of 6 ✔
[97/06fa8b] PAR…MTOOLS_INDEX (ERR11435652) | 6 of 6 ✔
[df/714767] PAR…SIS:QUALIMAP (ERR11435659) | 2 of 6
[fa/196521] PAR…8.dna.primary_assembly.fa) | 1 of 1 ✔
[6d/ecd9a2] PAR…CKEL_EXTRACT (ERR11435646) | 3 of 6
[-        ] DIF…METHYLATION:EDGER_ANALYSIS -
[-        ] DIF…YLATION:METHYLKIT_ANALYSIS -
[-        ] DIF…L_METHYLATION:DSS_ANALYSIS -
[-        ] RES…SIS:ANNOTATE_RESULTS_EDGER -
[-        ] RES…YSIS:POST_PROCESSING_EDGER -
[-        ] RES…:ENRICHMENT_ANALYSIS_EDGER -
[-        ] RES…:POST_PROCESSING_METHYLKIT -
[-        ] RES…ICHMENT_ANALYSIS_METHYLKIT -
[-        ] RES…LYSIS:ANNOTATE_RESULTS_DSS -
[-        ] RES…ALYSIS:POST_PROCESSING_DSS -
Plus 11 more processes waiting for tasks…
WARN: Environment variable `R_LIBS_USER` evaluates to an empty value
WARN: Environment variable `R_LIBS_SITE` evaluates to an empty value



executor >  local (43)
[ed/81d1aa] PRE_STAGE:PRE_STAGE_FILES      | 1 of 1 ✔
[c0/6e4e9a] REA…SSING:FASTQC (ERR11435646) | 6 of 6 ✔
[24/fa58fb] REA…CKSUM_VERIFY (ERR11435647) | 6 of 6 ✔
[02/2f1914] REA…:TRIM_GALORE (ERR11435646) | 6 of 6 ✔
[6c/75f357] PAR…8.dna.primary_assembly.fa) | 1 of 1 ✔
[5c/35cc2e] PAR…S_FQ2BAMMETH (ERR11435646) | 6 of 6 ✔
[97/06fa8b] PAR…MTOOLS_INDEX (ERR11435652) | 6 of 6 ✔
[df/714767] PAR…SIS:QUALIMAP (ERR11435659) | 2 of 6
[fa/196521] PAR…8.dna.primary_assembly.fa) | 1 of 1 ✔
[6d/ecd9a2] PAR…CKEL_EXTRACT (ERR11435646) | 3 of 6
[-        ] DIF…METHYLATION:EDGER_ANALYSIS -
[-        ] DIF…YLATION:METHYLKIT_ANALYSIS -
[-        ] DIF…L_METHYLATION:DSS_ANALYSIS -
[-        ] RES…SIS:ANNOTATE_RESULTS_EDGER -
[-        ] RES…YSIS:POST_PROCESSING_EDGER -
[-        ] RES…:ENRICHMENT_ANALYSIS_EDGER -
[-        ] RES…:POST_PROCESSING_METHYLKIT -
[-        ] RES…ICHMENT_ANALYSIS_METHYLKIT -
[-        ] RES…LYSIS:ANNOTATE_RESULTS_DSS -
[-        ] RES…ALYSIS:POST_PROCESSING_DSS -
Plus 11 more processes waiting for tasks…
WARN: Environment variable `R_LIBS_USER` evaluates to an empty value
WARN: Environment variable `R_LIBS_SITE` evaluates to an empty value



executor >  local (44)
[ed/81d1aa] PRE_STAGE:PRE_STAGE_FILES      | 1 of 1 ✔
[c0/6e4e9a] REA…SSING:FASTQC (ERR11435646) | 6 of 6 ✔
[24/fa58fb] REA…CKSUM_VERIFY (ERR11435647) | 6 of 6 ✔
[02/2f1914] REA…:TRIM_GALORE (ERR11435646) | 6 of 6 ✔
[6c/75f357] PAR…8.dna.primary_assembly.fa) | 1 of 1 ✔
[5c/35cc2e] PAR…S_FQ2BAMMETH (ERR11435646) | 6 of 6 ✔
[97/06fa8b] PAR…MTOOLS_INDEX (ERR11435652) | 6 of 6 ✔
[df/714767] PAR…SIS:QUALIMAP (ERR11435659) | 2 of 6
[fa/196521] PAR…8.dna.primary_assembly.fa) | 1 of 1 ✔
[8a/533ae7] PAR…CKEL_EXTRACT (ERR11435652) | 4 of 6
[-        ] DIF…METHYLATION:EDGER_ANALYSIS -
[-        ] DIF…YLATION:METHYLKIT_ANALYSIS -
[-        ] DIF…L_METHYLATION:DSS_ANALYSIS -
[-        ] RES…SIS:ANNOTATE_RESULTS_EDGER -
[-        ] RES…YSIS:POST_PROCESSING_EDGER -
[-        ] RES…:ENRICHMENT_ANALYSIS_EDGER -
[-        ] RES…:POST_PROCESSING_METHYLKIT -
[-        ] RES…ICHMENT_ANALYSIS_METHYLKIT -
[-        ] RES…LYSIS:ANNOTATE_RESULTS_DSS -
[-        ] RES…ALYSIS:POST_PROCESSING_DSS -
Plus 11 more processes waiting for tasks…
WARN: Environment variable `R_LIBS_USER` evaluates to an empty value
WARN: Environment variable `R_LIBS_SITE` evaluates to an empty value
WARN: Environment variable `R_LIBS_USER` evaluates to an empty value
WARN: Environment variable `R_LIBS_SITE` evaluates to an empty value

executor >  local (44)
[ed/81d1aa] PRE_STAGE:PRE_STAGE_FILES      | 1 of 1 ✔
[c0/6e4e9a] REA…SSING:FASTQC (ERR11435646) | 6 of 6 ✔
[24/fa58fb] REA…CKSUM_VERIFY (ERR11435647) | 6 of 6 ✔
[02/2f1914] REA…:TRIM_GALORE (ERR11435646) | 6 of 6 ✔
[6c/75f357] PAR…8.dna.primary_assembly.fa) | 1 of 1 ✔
[5c/35cc2e] PAR…S_FQ2BAMMETH (ERR11435646) | 6 of 6 ✔
[97/06fa8b] PAR…MTOOLS_INDEX (ERR11435652) | 6 of 6 ✔
[df/714767] PAR…SIS:QUALIMAP (ERR11435659) | 2 of 6
[fa/196521] PAR…8.dna.primary_assembly.fa) | 1 of 1 ✔
[8a/533ae7] PAR…CKEL_EXTRACT (ERR11435652) | 4 of 6
[-        ] DIF…METHYLATION:EDGER_ANALYSIS -
[-        ] DIF…YLATION:METHYLKIT_ANALYSIS -
[-        ] DIF…L_METHYLATION:DSS_ANALYSIS -
[-        ] RES…SIS:ANNOTATE_RESULTS_EDGER -
[-        ] RES…YSIS:POST_PROCESSING_EDGER -
[-        ] RES…:ENRICHMENT_ANALYSIS_EDGER -
[-        ] RES…:POST_PROCESSING_METHYLKIT -
[-        ] RES…ICHMENT_ANALYSIS_METHYLKIT -
[-        ] RES…LYSIS:ANNOTATE_RESULTS_DSS -
[-        ] RES…ALYSIS:POST_PROCESSING_DSS -
Plus 11 more processes waiting for tasks…
WARN: Environment variable `R_LIBS_USER` evaluates to an empty value
WARN: Environment variable `R_LIBS_SITE` evaluates to an empty value
WARN: Environment variable `R_LIBS_USER` evaluates to an empty value
WARN: Environment variable `R_LIBS_SITE` evaluates to an empty value

executor >  local (45)
[ed/81d1aa] PRE_STAGE:PRE_STAGE_FILES      | 1 of 1 ✔
[c0/6e4e9a] REA…SSING:FASTQC (ERR11435646) | 6 of 6 ✔
[24/fa58fb] REA…CKSUM_VERIFY (ERR11435647) | 6 of 6 ✔
[02/2f1914] REA…:TRIM_GALORE (ERR11435646) | 6 of 6 ✔
[6c/75f357] PAR…8.dna.primary_assembly.fa) | 1 of 1 ✔
[5c/35cc2e] PAR…S_FQ2BAMMETH (ERR11435646) | 6 of 6 ✔
[97/06fa8b] PAR…MTOOLS_INDEX (ERR11435652) | 6 of 6 ✔
[d9/0fb992] PAR…SIS:QUALIMAP (ERR11435652) | 3 of 6
[fa/196521] PAR…8.dna.primary_assembly.fa) | 1 of 1 ✔
[8a/533ae7] PAR…CKEL_EXTRACT (ERR11435652) | 4 of 6
[-        ] DIF…METHYLATION:EDGER_ANALYSIS -
[-        ] DIF…YLATION:METHYLKIT_ANALYSIS -
[-        ] DIF…L_METHYLATION:DSS_ANALYSIS -
[-        ] RES…SIS:ANNOTATE_RESULTS_EDGER -
[-        ] RES…YSIS:POST_PROCESSING_EDGER -
[-        ] RES…:ENRICHMENT_ANALYSIS_EDGER -
[-        ] RES…:POST_PROCESSING_METHYLKIT -
[-        ] RES…ICHMENT_ANALYSIS_METHYLKIT -
[-        ] RES…LYSIS:ANNOTATE_RESULTS_DSS -
[-        ] RES…ALYSIS:POST_PROCESSING_DSS -
Plus 11 more processes waiting for tasks…
WARN: Environment variable `R_LIBS_USER` evaluates to an empty value
WARN: Environment variable `R_LIBS_SITE` evaluates to an empty value





executor >  local (45)
[ed/81d1aa] PRE_STAGE:PRE_STAGE_FILES      | 1 of 1 ✔
[c0/6e4e9a] REA…SSING:FASTQC (ERR11435646) | 6 of 6 ✔
[24/fa58fb] REA…CKSUM_VERIFY (ERR11435647) | 6 of 6 ✔
[02/2f1914] REA…:TRIM_GALORE (ERR11435646) | 6 of 6 ✔
[6c/75f357] PAR…8.dna.primary_assembly.fa) | 1 of 1 ✔
[5c/35cc2e] PAR…S_FQ2BAMMETH (ERR11435646) | 6 of 6 ✔
[97/06fa8b] PAR…MTOOLS_INDEX (ERR11435652) | 6 of 6 ✔
[d9/0fb992] PAR…SIS:QUALIMAP (ERR11435652) | 3 of 6
[fa/196521] PAR…8.dna.primary_assembly.fa) | 1 of 1 ✔
[8a/533ae7] PAR…CKEL_EXTRACT (ERR11435652) | 4 of 6
[-        ] DIF…METHYLATION:EDGER_ANALYSIS -
[-        ] DIF…YLATION:METHYLKIT_ANALYSIS -
[-        ] DIF…L_METHYLATION:DSS_ANALYSIS -
[-        ] RES…SIS:ANNOTATE_RESULTS_EDGER -
[-        ] RES…YSIS:POST_PROCESSING_EDGER -
[-        ] RES…:ENRICHMENT_ANALYSIS_EDGER -
[-        ] RES…:POST_PROCESSING_METHYLKIT -
[-        ] RES…ICHMENT_ANALYSIS_METHYLKIT -
[-        ] RES…LYSIS:ANNOTATE_RESULTS_DSS -
[-        ] RES…ALYSIS:POST_PROCESSING_DSS -
Plus 11 more processes waiting for tasks…
WARN: Environment variable `R_LIBS_USER` evaluates to an empty value
WARN: Environment variable `R_LIBS_SITE` evaluates to an empty value





executor >  local (45)
[ed/81d1aa] PRE_STAGE:PRE_STAGE_FILES      | 1 of 1 ✔
[c0/6e4e9a] REA…SSING:FASTQC (ERR11435646) | 6 of 6 ✔
[24/fa58fb] REA…CKSUM_VERIFY (ERR11435647) | 6 of 6 ✔
[02/2f1914] REA…:TRIM_GALORE (ERR11435646) | 6 of 6 ✔
[6c/75f357] PAR…8.dna.primary_assembly.fa) | 1 of 1 ✔
[5c/35cc2e] PAR…S_FQ2BAMMETH (ERR11435646) | 6 of 6 ✔
[97/06fa8b] PAR…MTOOLS_INDEX (ERR11435652) | 6 of 6 ✔
[d9/0fb992] PAR…SIS:QUALIMAP (ERR11435652) | 3 of 6
[fa/196521] PAR…8.dna.primary_assembly.fa) | 1 of 1 ✔
[6d/ecd9a2] PAR…CKEL_EXTRACT (ERR11435646) | 5 of 6
[-        ] DIF…METHYLATION:EDGER_ANALYSIS -
[-        ] DIF…YLATION:METHYLKIT_ANALYSIS -
[-        ] DIF…L_METHYLATION:DSS_ANALYSIS -
[-        ] RES…SIS:ANNOTATE_RESULTS_EDGER -
[-        ] RES…YSIS:POST_PROCESSING_EDGER -
[-        ] RES…:ENRICHMENT_ANALYSIS_EDGER -
[-        ] RES…:POST_PROCESSING_METHYLKIT -
[-        ] RES…ICHMENT_ANALYSIS_METHYLKIT -
[-        ] RES…LYSIS:ANNOTATE_RESULTS_DSS -
[-        ] RES…ALYSIS:POST_PROCESSING_DSS -
Plus 11 more processes waiting for tasks…



executor >  local (45)
[ed/81d1aa] PRE_STAGE:PRE_STAGE_FILES      | 1 of 1 ✔
[c0/6e4e9a] REA…SSING:FASTQC (ERR11435646) | 6 of 6 ✔
[24/fa58fb] REA…CKSUM_VERIFY (ERR11435647) | 6 of 6 ✔
[02/2f1914] REA…:TRIM_GALORE (ERR11435646) | 6 of 6 ✔
[6c/75f357] PAR…8.dna.primary_assembly.fa) | 1 of 1 ✔
[5c/35cc2e] PAR…S_FQ2BAMMETH (ERR11435646) | 6 of 6 ✔
[97/06fa8b] PAR…MTOOLS_INDEX (ERR11435652) | 6 of 6 ✔
[31/c3e288] PAR…SIS:QUALIMAP (ERR11435646) | 4 of 6
[fa/196521] PAR…8.dna.primary_assembly.fa) | 1 of 1 ✔
[6d/ecd9a2] PAR…CKEL_EXTRACT (ERR11435646) | 5 of 6
[-        ] DIF…METHYLATION:EDGER_ANALYSIS -
[-        ] DIF…YLATION:METHYLKIT_ANALYSIS -
[-        ] DIF…L_METHYLATION:DSS_ANALYSIS -
[-        ] RES…SIS:ANNOTATE_RESULTS_EDGER -
[-        ] RES…YSIS:POST_PROCESSING_EDGER -
[-        ] RES…:ENRICHMENT_ANALYSIS_EDGER -
[-        ] RES…:POST_PROCESSING_METHYLKIT -
[-        ] RES…ICHMENT_ANALYSIS_METHYLKIT -
[-        ] RES…LYSIS:ANNOTATE_RESULTS_DSS -
[-        ] RES…ALYSIS:POST_PROCESSING_DSS -
Plus 11 more processes waiting for tasks…



executor >  local (45)
[ed/81d1aa] PRE_STAGE:PRE_STAGE_FILES      | 1 of 1 ✔
[c0/6e4e9a] REA…SSING:FASTQC (ERR11435646) | 6 of 6 ✔
[24/fa58fb] REA…CKSUM_VERIFY (ERR11435647) | 6 of 6 ✔
[02/2f1914] REA…:TRIM_GALORE (ERR11435646) | 6 of 6 ✔
[6c/75f357] PAR…8.dna.primary_assembly.fa) | 1 of 1 ✔
[5c/35cc2e] PAR…S_FQ2BAMMETH (ERR11435646) | 6 of 6 ✔
[97/06fa8b] PAR…MTOOLS_INDEX (ERR11435652) | 6 of 6 ✔
[31/c3e288] PAR…SIS:QUALIMAP (ERR11435646) | 4 of 6
[fa/196521] PAR…8.dna.primary_assembly.fa) | 1 of 1 ✔
[8a/533ae7] PAR…CKEL_EXTRACT (ERR11435652) | 6 of 6 ✔
[-        ] DIF…METHYLATION:EDGER_ANALYSIS | 0 of 1
[-        ] DIF…YLATION:METHYLKIT_ANALYSIS | 0 of 1
[-        ] DIF…L_METHYLATION:DSS_ANALYSIS | 0 of 1
[-        ] RES…SIS:ANNOTATE_RESULTS_EDGER -
[-        ] RES…YSIS:POST_PROCESSING_EDGER -
[-        ] RES…:ENRICHMENT_ANALYSIS_EDGER -
[-        ] RES…:POST_PROCESSING_METHYLKIT -
[-        ] RES…ICHMENT_ANALYSIS_METHYLKIT -
[-        ] RES…LYSIS:ANNOTATE_RESULTS_DSS -
[-        ] RES…ALYSIS:POST_PROCESSING_DSS -
Plus 11 more processes waiting for tasks…

executor >  local (45)
[ed/81d1aa] PRE_STAGE:PRE_STAGE_FILES      | 1 of 1 ✔
[c0/6e4e9a] REA…SSING:FASTQC (ERR11435646) | 6 of 6 ✔
[24/fa58fb] REA…CKSUM_VERIFY (ERR11435647) | 6 of 6 ✔
[02/2f1914] REA…:TRIM_GALORE (ERR11435646) | 6 of 6 ✔
[6c/75f357] PAR…8.dna.primary_assembly.fa) | 1 of 1 ✔
[5c/35cc2e] PAR…S_FQ2BAMMETH (ERR11435646) | 6 of 6 ✔
[97/06fa8b] PAR…MTOOLS_INDEX (ERR11435652) | 6 of 6 ✔
[df/714767] PAR…SIS:QUALIMAP (ERR11435659) | 5 of 6
[fa/196521] PAR…8.dna.primary_assembly.fa) | 1 of 1 ✔
[8a/533ae7] PAR…CKEL_EXTRACT (ERR11435652) | 6 of 6 ✔
[-        ] DIF…METHYLATION:EDGER_ANALYSIS | 0 of 1
[-        ] DIF…YLATION:METHYLKIT_ANALYSIS | 0 of 1
[-        ] DIF…L_METHYLATION:DSS_ANALYSIS | 0 of 1
[-        ] RES…SIS:ANNOTATE_RESULTS_EDGER -
[-        ] RES…YSIS:POST_PROCESSING_EDGER -
[-        ] RES…:ENRICHMENT_ANALYSIS_EDGER -
[-        ] RES…:POST_PROCESSING_METHYLKIT -
[-        ] RES…ICHMENT_ANALYSIS_METHYLKIT -
[-        ] RES…LYSIS:ANNOTATE_RESULTS_DSS -
[-        ] RES…ALYSIS:POST_PROCESSING_DSS -
Plus 11 more processes waiting for tasks…

executor >  local (46)
[ed/81d1aa] PRE_STAGE:PRE_STAGE_FILES      | 1 of 1 ✔
[c0/6e4e9a] REA…SSING:FASTQC (ERR11435646) | 6 of 6 ✔
[24/fa58fb] REA…CKSUM_VERIFY (ERR11435647) | 6 of 6 ✔
[02/2f1914] REA…:TRIM_GALORE (ERR11435646) | 6 of 6 ✔
[6c/75f357] PAR…8.dna.primary_assembly.fa) | 1 of 1 ✔
[5c/35cc2e] PAR…S_FQ2BAMMETH (ERR11435646) | 6 of 6 ✔
[97/06fa8b] PAR…MTOOLS_INDEX (ERR11435652) | 6 of 6 ✔
[d9/0fb992] PAR…SIS:QUALIMAP (ERR11435652) | 6 of 6 ✔
[fa/196521] PAR…8.dna.primary_assembly.fa) | 1 of 1 ✔
[8a/533ae7] PAR…CKEL_EXTRACT (ERR11435652) | 6 of 6 ✔
[-        ] DIF…METHYLATION:EDGER_ANALYSIS | 0 of 1
[-        ] DIF…YLATION:METHYLKIT_ANALYSIS | 0 of 1
[ac/94a151] DIF…L_METHYLATION:DSS_ANALYSIS | 0 of 1
[-        ] RES…SIS:ANNOTATE_RESULTS_EDGER -
[-        ] RES…YSIS:POST_PROCESSING_EDGER -
[-        ] RES…:ENRICHMENT_ANALYSIS_EDGER -
[-        ] RES…:POST_PROCESSING_METHYLKIT -
[-        ] RES…ICHMENT_ANALYSIS_METHYLKIT -
[-        ] RES…LYSIS:ANNOTATE_RESULTS_DSS -
[-        ] RES…ALYSIS:POST_PROCESSING_DSS -
Plus 11 more processes waiting for tasks…
WARN: Environment variable `R_LIBS_USER` evaluates to an empty value
WARN: Environment variable `R_LIBS_SITE` evaluates to an empty value

executor >  local (46)
[ed/81d1aa] PRE_STAGE:PRE_STAGE_FILES      | 1 of 1 ✔
[c0/6e4e9a] REA…SSING:FASTQC (ERR11435646) | 6 of 6 ✔
[24/fa58fb] REA…CKSUM_VERIFY (ERR11435647) | 6 of 6 ✔
[02/2f1914] REA…:TRIM_GALORE (ERR11435646) | 6 of 6 ✔
[6c/75f357] PAR…8.dna.primary_assembly.fa) | 1 of 1 ✔
[5c/35cc2e] PAR…S_FQ2BAMMETH (ERR11435646) | 6 of 6 ✔
[97/06fa8b] PAR…MTOOLS_INDEX (ERR11435652) | 6 of 6 ✔
[d9/0fb992] PAR…SIS:QUALIMAP (ERR11435652) | 6 of 6 ✔
[fa/196521] PAR…8.dna.primary_assembly.fa) | 1 of 1 ✔
[8a/533ae7] PAR…CKEL_EXTRACT (ERR11435652) | 6 of 6 ✔
[-        ] DIF…METHYLATION:EDGER_ANALYSIS | 0 of 1
[-        ] DIF…YLATION:METHYLKIT_ANALYSIS | 0 of 1
[ac/94a151] DIF…L_METHYLATION:DSS_ANALYSIS | 0 of 1
[-        ] RES…SIS:ANNOTATE_RESULTS_EDGER -
[-        ] RES…YSIS:POST_PROCESSING_EDGER -
[-        ] RES…:ENRICHMENT_ANALYSIS_EDGER -
[-        ] RES…:POST_PROCESSING_METHYLKIT -
[-        ] RES…ICHMENT_ANALYSIS_METHYLKIT -
[-        ] RES…LYSIS:ANNOTATE_RESULTS_DSS -
[-        ] RES…ALYSIS:POST_PROCESSING_DSS -
Plus 11 more processes waiting for tasks…
WARN: Environment variable `R_LIBS_USER` evaluates to an empty value
WARN: Environment variable `R_LIBS_SITE` evaluates to an empty value

executor >  local (47)
[ed/81d1aa] PRE_STAGE:PRE_STAGE_FILES      | 1 of 1 ✔
[c0/6e4e9a] REA…SSING:FASTQC (ERR11435646) | 6 of 6 ✔
[24/fa58fb] REA…CKSUM_VERIFY (ERR11435647) | 6 of 6 ✔
[02/2f1914] REA…:TRIM_GALORE (ERR11435646) | 6 of 6 ✔
[6c/75f357] PAR…8.dna.primary_assembly.fa) | 1 of 1 ✔
[5c/35cc2e] PAR…S_FQ2BAMMETH (ERR11435646) | 6 of 6 ✔
[97/06fa8b] PAR…MTOOLS_INDEX (ERR11435652) | 6 of 6 ✔
[d9/0fb992] PAR…SIS:QUALIMAP (ERR11435652) | 6 of 6 ✔
[fa/196521] PAR…8.dna.primary_assembly.fa) | 1 of 1 ✔
[8a/533ae7] PAR…CKEL_EXTRACT (ERR11435652) | 6 of 6 ✔
[48/fd6b30] DIF…METHYLATION:EDGER_ANALYSIS | 0 of 1
[-        ] DIF…YLATION:METHYLKIT_ANALYSIS | 0 of 1
[ac/94a151] DIF…L_METHYLATION:DSS_ANALYSIS | 1 of 1 ✔
[-        ] RES…SIS:ANNOTATE_RESULTS_EDGER -
[-        ] RES…YSIS:POST_PROCESSING_EDGER -
[-        ] RES…:ENRICHMENT_ANALYSIS_EDGER -
[-        ] RES…:POST_PROCESSING_METHYLKIT -
[-        ] RES…ICHMENT_ANALYSIS_METHYLKIT -
[-        ] RES…LYSIS:ANNOTATE_RESULTS_DSS | 0 of 1
[-        ] RES…ALYSIS:POST_PROCESSING_DSS -
Plus 11 more processes waiting for tasks…
SUBMITTING TO ANALYSIS: [dss] /data/Jyotirmoy/JD/TwistMethylFlow-devel/MethylFlow/work/ac/94a151ace0eb39fa18863847c9e60b/DSS_group_CS_vs_VD_dmr.csv
SUBMITTING TO ANALYSIS: [dss] /data/Jyotirmoy/JD/TwistMethylFlow-devel/MethylFlow/work/ac/94a151ace0eb39fa18863847c9e60b/DSS_group_CS_vs_VD_sig.csv
WARN: Environment variable `R_LIBS_USER` evaluates to an empty value
WARN: Environment variable `R_LIBS_SITE` evaluates to an empty value



executor >  local (48)
[ed/81d1aa] PRE_STAGE:PRE_STAGE_FILES      | 1 of 1 ✔
[c0/6e4e9a] REA…SSING:FASTQC (ERR11435646) | 6 of 6 ✔
[24/fa58fb] REA…CKSUM_VERIFY (ERR11435647) | 6 of 6 ✔
[02/2f1914] REA…:TRIM_GALORE (ERR11435646) | 6 of 6 ✔
[6c/75f357] PAR…8.dna.primary_assembly.fa) | 1 of 1 ✔
[5c/35cc2e] PAR…S_FQ2BAMMETH (ERR11435646) | 6 of 6 ✔
[97/06fa8b] PAR…MTOOLS_INDEX (ERR11435652) | 6 of 6 ✔
[d9/0fb992] PAR…SIS:QUALIMAP (ERR11435652) | 6 of 6 ✔
[fa/196521] PAR…8.dna.primary_assembly.fa) | 1 of 1 ✔
[8a/533ae7] PAR…CKEL_EXTRACT (ERR11435652) | 6 of 6 ✔
[48/fd6b30] DIF…METHYLATION:EDGER_ANALYSIS | 1 of 1 ✔
[43/30fdd5] DIF…e_sheet_twist_minimal.csv) | 0 of 1
[ac/94a151] DIF…L_METHYLATION:DSS_ANALYSIS | 1 of 1 ✔
[-        ] RES…SIS:ANNOTATE_RESULTS_EDGER | 0 of 1
[-        ] RES…YSIS:POST_PROCESSING_EDGER -
[-        ] RES…:ENRICHMENT_ANALYSIS_EDGER -
[-        ] RES…:POST_PROCESSING_METHYLKIT -
[-        ] RES…ICHMENT_ANALYSIS_METHYLKIT -
[-        ] RES…LYSIS:ANNOTATE_RESULTS_DSS | 0 of 1
[-        ] RES…ALYSIS:POST_PROCESSING_DSS -
Plus 11 more processes waiting for tasks…
SUBMITTING TO ANALYSIS: [edger] /data/Jyotirmoy/JD/TwistMethylFlow-devel/MethylFlow/work/48/fd6b30a5db6e8522dfc4285c9218db/EdgeR_group_CS_vs_VD_sig.csv


WARN: Environment variable `R_LIBS_USER` evaluates to an empty value
WARN: Environment variable `R_LIBS_SITE` evaluates to an empty value



executor >  local (56)
[ed/81d1aa] PRE_STAGE:PRE_STAGE_FILES      | 1 of 1 ✔
[c0/6e4e9a] REA…SSING:FASTQC (ERR11435646) | 6 of 6 ✔
[24/fa58fb] REA…CKSUM_VERIFY (ERR11435647) | 6 of 6 ✔
[02/2f1914] REA…:TRIM_GALORE (ERR11435646) | 6 of 6 ✔
[6c/75f357] PAR…8.dna.primary_assembly.fa) | 1 of 1 ✔
[5c/35cc2e] PAR…S_FQ2BAMMETH (ERR11435646) | 6 of 6 ✔
[97/06fa8b] PAR…MTOOLS_INDEX (ERR11435652) | 6 of 6 ✔
[d9/0fb992] PAR…SIS:QUALIMAP (ERR11435652) | 6 of 6 ✔
[fa/196521] PAR…8.dna.primary_assembly.fa) | 1 of 1 ✔
[8a/533ae7] PAR…CKEL_EXTRACT (ERR11435652) | 6 of 6 ✔
[48/fd6b30] DIF…METHYLATION:EDGER_ANALYSIS | 1 of 1 ✔
[43/30fdd5] DIF…e_sheet_twist_minimal.csv) | 1 of 1 ✔
[ac/94a151] DIF…L_METHYLATION:DSS_ANALYSIS | 1 of 1 ✔
[42/4acb24] RES…ANNOTATE_RESULTS_EDGER (1) | 0 of 1
[-        ] RES…YSIS:POST_PROCESSING_EDGER -
[-        ] RES…:ENRICHMENT_ANALYSIS_EDGER -
[d6/dbe92c] RES…T_PROCESSING_METHYLKIT (1) | 0 of 1
[8e/b765de] RES…ENT_ANALYSIS_METHYLKIT (1) | 0 of 1
[25/2f6d73] RES…S:ANNOTATE_RESULTS_DSS (1) | 0 of 1
[-        ] RES…ALYSIS:POST_PROCESSING_DSS -
[91/c0d9d0] CLI…it-MethylKit_CS_vs_VD.csv) | 0 of 1
[51/b570f3] CLI…it-MethylKit_CS_vs_VD.csv) | 0 of 1
[a9/07fae2] CLI…it-MethylKit_CS_vs_VD.csv) | 0 of 1
[51/0ed83e] CLI…it-MethylKit_CS_vs_VD.csv) | 0 of 1
Plus 7 more processes waiting for tasks…
SUBMITTING TO ANALYSIS: [methylkit] /data/Jyotirmoy/JD/TwistMethylFlow-devel/MethylFlow/work/43/30fdd5e5b3d31035cdb4256fc520cc/MethylKit_CS_vs_VD.csv

WARN: Environment variable `R_LIBS_USER` evaluates to an empty value
WARN: Environment variable `R_LIBS_SITE` evaluates to an empty value
WARN: Environment variable `R_LIBS_USER` evaluates to an empty value
WARN: Environment variable `R_LIBS_SITE` evaluates to an empty value
WARN: Environment variable `R_LIBS_USER` evaluates to an empty value
WARN: Environment variable `R_LIBS_SITE` evaluates to an empty value
WARN: Environment variable `R_LIBS_USER` evaluates to an empty value
WARN: Environment variable `R_LIBS_SITE` evaluates to an empty value
WARN: Environment variable `R_LIBS_USER` evaluates to an empty value
WARN: Environment variable `R_LIBS_SITE` evaluates to an empty value
WARN: Environment variable `R_LIBS_USER` evaluates to an empty value
WARN: Environment variable `R_LIBS_SITE` evaluates to an empty value
WARN: Environment variable `R_LIBS_USER` evaluates to an empty value
WARN: Environment variable `R_LIBS_SITE` evaluates to an empty value
WARN: Environment variable `R_LIBS_USER` evaluates to an empty value
WARN: Environment variable `R_LIBS_SITE` evaluates to an empty value



executor >  local (56)
[ed/81d1aa] PRE_STAGE:PRE_STAGE_FILES      | 1 of 1 ✔
[c0/6e4e9a] REA…SSING:FASTQC (ERR11435646) | 6 of 6 ✔
[24/fa58fb] REA…CKSUM_VERIFY (ERR11435647) | 6 of 6 ✔
[02/2f1914] REA…:TRIM_GALORE (ERR11435646) | 6 of 6 ✔
[6c/75f357] PAR…8.dna.primary_assembly.fa) | 1 of 1 ✔
[5c/35cc2e] PAR…S_FQ2BAMMETH (ERR11435646) | 6 of 6 ✔
[97/06fa8b] PAR…MTOOLS_INDEX (ERR11435652) | 6 of 6 ✔
[d9/0fb992] PAR…SIS:QUALIMAP (ERR11435652) | 6 of 6 ✔
[fa/196521] PAR…8.dna.primary_assembly.fa) | 1 of 1 ✔
[8a/533ae7] PAR…CKEL_EXTRACT (ERR11435652) | 6 of 6 ✔
[48/fd6b30] DIF…METHYLATION:EDGER_ANALYSIS | 1 of 1 ✔
[43/30fdd5] DIF…e_sheet_twist_minimal.csv) | 1 of 1 ✔
[ac/94a151] DIF…L_METHYLATION:DSS_ANALYSIS | 1 of 1 ✔
[42/4acb24] RES…ANNOTATE_RESULTS_EDGER (1) | 0 of 1
[-        ] RES…YSIS:POST_PROCESSING_EDGER -
[-        ] RES…:ENRICHMENT_ANALYSIS_EDGER -
[d6/dbe92c] RES…T_PROCESSING_METHYLKIT (1) | 0 of 1
[8e/b765de] RES…ENT_ANALYSIS_METHYLKIT (1) | 0 of 1
[25/2f6d73] RES…S:ANNOTATE_RESULTS_DSS (1) | 0 of 1
[-        ] RES…ALYSIS:POST_PROCESSING_DSS -
[91/c0d9d0] CLI…it-MethylKit_CS_vs_VD.csv) | 0 of 1
[51/b570f3] CLI…it-MethylKit_CS_vs_VD.csv) | 0 of 1
[a9/07fae2] CLI…it-MethylKit_CS_vs_VD.csv) | 0 of 1
[51/0ed83e] CLI…it-MethylKit_CS_vs_VD.csv) | 0 of 1
Plus 7 more processes waiting for tasks…
SUBMITTING TO ANALYSIS: [methylkit] /data/Jyotirmoy/JD/TwistMethylFlow-devel/MethylFlow/work/43/30fdd5e5b3d31035cdb4256fc520cc/MethylKit_CS_vs_VD.csv
WARN: Environment variable `R_LIBS_USER` evaluates to an empty value
WARN: Environment variable `R_LIBS_SITE` evaluates to an empty value
WARN: Environment variable `R_LIBS_USER` evaluates to an empty value
WARN: Environment variable `R_LIBS_SITE` evaluates to an empty value
WARN: Environment variable `R_LIBS_USER` evaluates to an empty value
WARN: Environment variable `R_LIBS_SITE` evaluates to an empty value
WARN: Environment variable `R_LIBS_USER` evaluates to an empty value
WARN: Environment variable `R_LIBS_SITE` evaluates to an empty value
WARN: Environment variable `R_LIBS_USER` evaluates to an empty value
WARN: Environment variable `R_LIBS_SITE` evaluates to an empty value
WARN: Environment variable `R_LIBS_USER` evaluates to an empty value
WARN: Environment variable `R_LIBS_SITE` evaluates to an empty value
WARN: Environment variable `R_LIBS_USER` evaluates to an empty value
WARN: Environment variable `R_LIBS_SITE` evaluates to an empty value
WARN: Environment variable `R_LIBS_USER` evaluates to an empty value
WARN: Environment variable `R_LIBS_SITE` evaluates to an empty value




executor >  local (57)
[ed/81d1aa] PRE_STAGE:PRE_STAGE_FILES      | 1 of 1 ✔
[c0/6e4e9a] REA…SSING:FASTQC (ERR11435646) | 6 of 6 ✔
[24/fa58fb] REA…CKSUM_VERIFY (ERR11435647) | 6 of 6 ✔
[02/2f1914] REA…:TRIM_GALORE (ERR11435646) | 6 of 6 ✔
[6c/75f357] PAR…8.dna.primary_assembly.fa) | 1 of 1 ✔
[5c/35cc2e] PAR…S_FQ2BAMMETH (ERR11435646) | 6 of 6 ✔
[97/06fa8b] PAR…MTOOLS_INDEX (ERR11435652) | 6 of 6 ✔
[d9/0fb992] PAR…SIS:QUALIMAP (ERR11435652) | 6 of 6 ✔
[fa/196521] PAR…8.dna.primary_assembly.fa) | 1 of 1 ✔
[8a/533ae7] PAR…CKEL_EXTRACT (ERR11435652) | 6 of 6 ✔
[48/fd6b30] DIF…METHYLATION:EDGER_ANALYSIS | 1 of 1 ✔
[43/30fdd5] DIF…e_sheet_twist_minimal.csv) | 1 of 1 ✔
[ac/94a151] DIF…L_METHYLATION:DSS_ANALYSIS | 1 of 1 ✔
[42/4acb24] RES…ANNOTATE_RESULTS_EDGER (1) | 1 of 1 ✔
[-        ] RES…YSIS:POST_PROCESSING_EDGER | 0 of 1
[-        ] RES…:ENRICHMENT_ANALYSIS_EDGER | 0 of 1
[d6/dbe92c] RES…T_PROCESSING_METHYLKIT (1) | 0 of 1
[8e/b765de] RES…ENT_ANALYSIS_METHYLKIT (1) | 0 of 1
[25/2f6d73] RES…S:ANNOTATE_RESULTS_DSS (1) | 0 of 1
[-        ] RES…ALYSIS:POST_PROCESSING_DSS -
[91/c0d9d0] CLI…it-MethylKit_CS_vs_VD.csv) | 0 of 2
[51/b570f3] CLI…it-MethylKit_CS_vs_VD.csv) | 0 of 2
[7c/724393] CLI…S_vs_VD_sig_annotated.csv) | 0 of 2
[51/0ed83e] CLI…it-MethylKit_CS_vs_VD.csv) | 0 of 2
Plus 7 more processes waiting for tasks…
SUBMITTING TO ANALYSIS: [methylkit] /data/Jyotirmoy/JD/TwistMethylFlow-devel/MethylFlow/work/43/30fdd5e5b3d31035cdb4256fc520cc/MethylKit_CS_vs_VD.csv
WARN: Environment variable `R_LIBS_USER` evaluates to an empty value
WARN: Environment variable `R_LIBS_SITE` evaluates to an empty value
WARN: Environment variable `R_LIBS_USER` evaluates to an empty value
WARN: Environment variable `R_LIBS_SITE` evaluates to an empty value
WARN: Environment variable `R_LIBS_USER` evaluates to an empty value
WARN: Environment variable `R_LIBS_SITE` evaluates to an empty value
WARN: Environment variable `R_LIBS_USER` evaluates to an empty value
WARN: Environment variable `R_LIBS_SITE` evaluates to an empty value
WARN: Environment variable `R_LIBS_USER` evaluates to an empty value
WARN: Environment variable `R_LIBS_SITE` evaluates to an empty value
WARN: Environment variable `R_LIBS_USER` evaluates to an empty value
WARN: Environment variable `R_LIBS_SITE` evaluates to an empty value
WARN: Environment variable `R_LIBS_USER` evaluates to an empty value
WARN: Environment variable `R_LIBS_SITE` evaluates to an empty value
WARN: Environment variable `R_LIBS_USER` evaluates to an empty value
WARN: Environment variable `R_LIBS_SITE` evaluates to an empty value
WARN: Environment variable `R_LIBS_USER` evaluates to an empty value
WARN: Environment variable `R_LIBS_SITE` evaluates to an empty value

executor >  local (57)
[ed/81d1aa] PRE_STAGE:PRE_STAGE_FILES      | 1 of 1 ✔
[c0/6e4e9a] REA…SSING:FASTQC (ERR11435646) | 6 of 6 ✔
[24/fa58fb] REA…CKSUM_VERIFY (ERR11435647) | 6 of 6 ✔
[02/2f1914] REA…:TRIM_GALORE (ERR11435646) | 6 of 6 ✔
[6c/75f357] PAR…8.dna.primary_assembly.fa) | 1 of 1 ✔
[5c/35cc2e] PAR…S_FQ2BAMMETH (ERR11435646) | 6 of 6 ✔
[97/06fa8b] PAR…MTOOLS_INDEX (ERR11435652) | 6 of 6 ✔
[d9/0fb992] PAR…SIS:QUALIMAP (ERR11435652) | 6 of 6 ✔
[fa/196521] PAR…8.dna.primary_assembly.fa) | 1 of 1 ✔
[8a/533ae7] PAR…CKEL_EXTRACT (ERR11435652) | 6 of 6 ✔
[48/fd6b30] DIF…METHYLATION:EDGER_ANALYSIS | 1 of 1 ✔
[43/30fdd5] DIF…e_sheet_twist_minimal.csv) | 1 of 1 ✔
[ac/94a151] DIF…L_METHYLATION:DSS_ANALYSIS | 1 of 1 ✔
[42/4acb24] RES…ANNOTATE_RESULTS_EDGER (1) | 1 of 1 ✔
[-        ] RES…YSIS:POST_PROCESSING_EDGER | 0 of 1
[-        ] RES…:ENRICHMENT_ANALYSIS_EDGER | 0 of 1
[d6/dbe92c] RES…T_PROCESSING_METHYLKIT (1) | 0 of 1
[8e/b765de] RES…ENT_ANALYSIS_METHYLKIT (1) | 0 of 1
[25/2f6d73] RES…S:ANNOTATE_RESULTS_DSS (1) | 0 of 1
[-        ] RES…ALYSIS:POST_PROCESSING_DSS -
[91/c0d9d0] CLI…it-MethylKit_CS_vs_VD.csv) | 0 of 2
[51/b570f3] CLI…it-MethylKit_CS_vs_VD.csv) | 0 of 2
[7c/724393] CLI…S_vs_VD_sig_annotated.csv) | 0 of 2
[51/0ed83e] CLI…it-MethylKit_CS_vs_VD.csv) | 0 of 2
Plus 7 more processes waiting for tasks…
SUBMITTING TO ANALYSIS: [methylkit] /data/Jyotirmoy/JD/TwistMethylFlow-devel/MethylFlow/work/43/30fdd5e5b3d31035cdb4256fc520cc/MethylKit_CS_vs_VD.csv
WARN: Environment variable `R_LIBS_USER` evaluates to an empty value
WARN: Environment variable `R_LIBS_SITE` evaluates to an empty value
WARN: Environment variable `R_LIBS_USER` evaluates to an empty value
WARN: Environment variable `R_LIBS_SITE` evaluates to an empty value
WARN: Environment variable `R_LIBS_USER` evaluates to an empty value
WARN: Environment variable `R_LIBS_SITE` evaluates to an empty value
WARN: Environment variable `R_LIBS_USER` evaluates to an empty value
WARN: Environment variable `R_LIBS_SITE` evaluates to an empty value
WARN: Environment variable `R_LIBS_USER` evaluates to an empty value
WARN: Environment variable `R_LIBS_SITE` evaluates to an empty value
WARN: Environment variable `R_LIBS_USER` evaluates to an empty value
WARN: Environment variable `R_LIBS_SITE` evaluates to an empty value
WARN: Environment variable `R_LIBS_USER` evaluates to an empty value
WARN: Environment variable `R_LIBS_SITE` evaluates to an empty value
WARN: Environment variable `R_LIBS_USER` evaluates to an empty value
WARN: Environment variable `R_LIBS_SITE` evaluates to an empty value
WARN: Environment variable `R_LIBS_USER` evaluates to an empty value
WARN: Environment variable `R_LIBS_SITE` evaluates to an empty value

executor >  local (60)
[ed/81d1aa] PRE_STAGE:PRE_STAGE_FILES      | 1 of 1 ✔
[c0/6e4e9a] REA…SSING:FASTQC (ERR11435646) | 6 of 6 ✔
[24/fa58fb] REA…CKSUM_VERIFY (ERR11435647) | 6 of 6 ✔
[02/2f1914] REA…:TRIM_GALORE (ERR11435646) | 6 of 6 ✔
[6c/75f357] PAR…8.dna.primary_assembly.fa) | 1 of 1 ✔
[5c/35cc2e] PAR…S_FQ2BAMMETH (ERR11435646) | 6 of 6 ✔
[97/06fa8b] PAR…MTOOLS_INDEX (ERR11435652) | 6 of 6 ✔
[d9/0fb992] PAR…SIS:QUALIMAP (ERR11435652) | 6 of 6 ✔
[fa/196521] PAR…8.dna.primary_assembly.fa) | 1 of 1 ✔
[8a/533ae7] PAR…CKEL_EXTRACT (ERR11435652) | 6 of 6 ✔
[48/fd6b30] DIF…METHYLATION:EDGER_ANALYSIS | 1 of 1 ✔
[43/30fdd5] DIF…e_sheet_twist_minimal.csv) | 1 of 1 ✔
[ac/94a151] DIF…L_METHYLATION:DSS_ANALYSIS | 1 of 1 ✔
[42/4acb24] RES…ANNOTATE_RESULTS_EDGER (1) | 1 of 1 ✔
[-        ] RES…YSIS:POST_PROCESSING_EDGER | 0 of 1
[-        ] RES…:ENRICHMENT_ANALYSIS_EDGER | 0 of 1
[d6/dbe92c] RES…T_PROCESSING_METHYLKIT (1) | 0 of 1
[8e/b765de] RES…ENT_ANALYSIS_METHYLKIT (1) | 0 of 1
[25/2f6d73] RES…S:ANNOTATE_RESULTS_DSS (1) | 0 of 1
[-        ] RES…ALYSIS:POST_PROCESSING_DSS -
[d3/85cf54] CLI…S_vs_VD_sig_annotated.csv) | 1 of 2
[da/6d5854] CLI…S_vs_VD_sig_annotated.csv) | 1 of 2
[a9/07fae2] CLI…it-MethylKit_CS_vs_VD.csv) | 1 of 2
[3a/c26a74] CLI…S_vs_VD_sig_annotated.csv) | 0 of 2
Plus 7 more processes waiting for tasks…
SUBMITTING TO ANALYSIS: [methylkit] /data/Jyotirmoy/JD/TwistMethylFlow-devel/MethylFlow/work/43/30fdd5e5b3d31035cdb4256fc520cc/MethylKit_CS_vs_VD.csv
WARN: Environment variable `R_LIBS_USER` evaluates to an empty value
WARN: Environment variable `R_LIBS_SITE` evaluates to an empty value
WARN: Environment variable `R_LIBS_USER` evaluates to an empty value
WARN: Environment variable `R_LIBS_SITE` evaluates to an empty value
WARN: Environment variable `R_LIBS_USER` evaluates to an empty value
WARN: Environment variable `R_LIBS_SITE` evaluates to an empty value
WARN: Environment variable `R_LIBS_USER` evaluates to an empty value
WARN: Environment variable `R_LIBS_SITE` evaluates to an empty value
WARN: Environment variable `R_LIBS_USER` evaluates to an empty value
WARN: Environment variable `R_LIBS_SITE` evaluates to an empty value
WARN: Environment variable `R_LIBS_USER` evaluates to an empty value
WARN: Environment variable `R_LIBS_SITE` evaluates to an empty value
WARN: Environment variable `R_LIBS_USER` evaluates to an empty value
WARN: Environment variable `R_LIBS_SITE` evaluates to an empty value
WARN: Environment variable `R_LIBS_USER` evaluates to an empty value
WARN: Environment variable `R_LIBS_SITE` evaluates to an empty value
WARN: Environment variable `R_LIBS_USER` evaluates to an empty value
WARN: Environment variable `R_LIBS_SITE` evaluates to an empty value
WARN: Environment variable `R_LIBS_USER` evaluates to an empty value
WARN: Environment variable `R_LIBS_SITE` evaluates to an empty value
WARN: Environment variable `R_LIBS_USER` evaluates to an empty value
WARN: Environment variable `R_LIBS_SITE` evaluates to an empty value
WARN: Environment variable `R_LIBS_USER` evaluates to an empty value
WARN: Environment variable `R_LIBS_SITE` evaluates to an empty value

executor >  local (61)
[ed/81d1aa] PRE_STAGE:PRE_STAGE_FILES      | 1 of 1 ✔
[c0/6e4e9a] REA…SSING:FASTQC (ERR11435646) | 6 of 6 ✔
[24/fa58fb] REA…CKSUM_VERIFY (ERR11435647) | 6 of 6 ✔
[02/2f1914] REA…:TRIM_GALORE (ERR11435646) | 6 of 6 ✔
[6c/75f357] PAR…8.dna.primary_assembly.fa) | 1 of 1 ✔
[5c/35cc2e] PAR…S_FQ2BAMMETH (ERR11435646) | 6 of 6 ✔
[97/06fa8b] PAR…MTOOLS_INDEX (ERR11435652) | 6 of 6 ✔
[d9/0fb992] PAR…SIS:QUALIMAP (ERR11435652) | 6 of 6 ✔
[fa/196521] PAR…8.dna.primary_assembly.fa) | 1 of 1 ✔
[8a/533ae7] PAR…CKEL_EXTRACT (ERR11435652) | 6 of 6 ✔
[48/fd6b30] DIF…METHYLATION:EDGER_ANALYSIS | 1 of 1 ✔
[43/30fdd5] DIF…e_sheet_twist_minimal.csv) | 1 of 1 ✔
[ac/94a151] DIF…L_METHYLATION:DSS_ANALYSIS | 1 of 1 ✔
[42/4acb24] RES…ANNOTATE_RESULTS_EDGER (1) | 1 of 1 ✔
[fe/23c52a] RES…:POST_PROCESSING_EDGER (1) | 0 of 1
[-        ] RES…:ENRICHMENT_ANALYSIS_EDGER | 0 of 1
[d6/dbe92c] RES…T_PROCESSING_METHYLKIT (1) | 1 of 1 ✔
[8e/b765de] RES…ENT_ANALYSIS_METHYLKIT (1) | 0 of 1
[25/2f6d73] RES…S:ANNOTATE_RESULTS_DSS (1) | 0 of 1
[-        ] RES…ALYSIS:POST_PROCESSING_DSS -
[d3/85cf54] CLI…S_vs_VD_sig_annotated.csv) | 1 of 2
[da/6d5854] CLI…S_vs_VD_sig_annotated.csv) | 1 of 2
[a9/07fae2] CLI…it-MethylKit_CS_vs_VD.csv) | 1 of 2
[3a/c26a74] CLI…S_vs_VD_sig_annotated.csv) | 0 of 2
Plus 7 more processes waiting for tasks…
SUBMITTING TO ANALYSIS: [methylkit] /data/Jyotirmoy/JD/TwistMethylFlow-devel/MethylFlow/work/43/30fdd5e5b3d31035cdb4256fc520cc/MethylKit_CS_vs_VD.csv
WARN: Environment variable `R_LIBS_USER` evaluates to an empty value
WARN: Environment variable `R_LIBS_SITE` evaluates to an empty value
WARN: Environment variable `R_LIBS_USER` evaluates to an empty value
WARN: Environment variable `R_LIBS_SITE` evaluates to an empty value
WARN: Environment variable `R_LIBS_USER` evaluates to an empty value
WARN: Environment variable `R_LIBS_SITE` evaluates to an empty value
WARN: Environment variable `R_LIBS_USER` evaluates to an empty value
WARN: Environment variable `R_LIBS_SITE` evaluates to an empty value
WARN: Environment variable `R_LIBS_USER` evaluates to an empty value
WARN: Environment variable `R_LIBS_SITE` evaluates to an empty value
WARN: Environment variable `R_LIBS_USER` evaluates to an empty value
WARN: Environment variable `R_LIBS_SITE` evaluates to an empty value
WARN: Environment variable `R_LIBS_USER` evaluates to an empty value
WARN: Environment variable `R_LIBS_SITE` evaluates to an empty value
WARN: Environment variable `R_LIBS_USER` evaluates to an empty value
WARN: Environment variable `R_LIBS_SITE` evaluates to an empty value
WARN: Environment variable `R_LIBS_USER` evaluates to an empty value
WARN: Environment variable `R_LIBS_SITE` evaluates to an empty value
WARN: Environment variable `R_LIBS_USER` evaluates to an empty value
WARN: Environment variable `R_LIBS_SITE` evaluates to an empty value
WARN: Environment variable `R_LIBS_USER` evaluates to an empty value
WARN: Environment variable `R_LIBS_SITE` evaluates to an empty value
WARN: Environment variable `R_LIBS_USER` evaluates to an empty value
WARN: Environment variable `R_LIBS_SITE` evaluates to an empty value
WARN: Environment variable `R_LIBS_USER` evaluates to an empty value
WARN: Environment variable `R_LIBS_SITE` evaluates to an empty value

executor >  local (62)
[ed/81d1aa] PRE_STAGE:PRE_STAGE_FILES      | 1 of 1 ✔
[c0/6e4e9a] REA…SSING:FASTQC (ERR11435646) | 6 of 6 ✔
[24/fa58fb] REA…CKSUM_VERIFY (ERR11435647) | 6 of 6 ✔
[02/2f1914] REA…:TRIM_GALORE (ERR11435646) | 6 of 6 ✔
[6c/75f357] PAR…8.dna.primary_assembly.fa) | 1 of 1 ✔
[5c/35cc2e] PAR…S_FQ2BAMMETH (ERR11435646) | 6 of 6 ✔
[97/06fa8b] PAR…MTOOLS_INDEX (ERR11435652) | 6 of 6 ✔
[d9/0fb992] PAR…SIS:QUALIMAP (ERR11435652) | 6 of 6 ✔
[fa/196521] PAR…8.dna.primary_assembly.fa) | 1 of 1 ✔
[8a/533ae7] PAR…CKEL_EXTRACT (ERR11435652) | 6 of 6 ✔
[48/fd6b30] DIF…METHYLATION:EDGER_ANALYSIS | 1 of 1 ✔
[43/30fdd5] DIF…e_sheet_twist_minimal.csv) | 1 of 1 ✔
[ac/94a151] DIF…L_METHYLATION:DSS_ANALYSIS | 1 of 1 ✔
[42/4acb24] RES…ANNOTATE_RESULTS_EDGER (1) | 1 of 1 ✔
[fe/23c52a] RES…:POST_PROCESSING_EDGER (1) | 0 of 1
[ec/cc6bde] RES…ICHMENT_ANALYSIS_EDGER (1) | 0 of 1
[d6/dbe92c] RES…T_PROCESSING_METHYLKIT (1) | 1 of 1 ✔
[8e/b765de] RES…ENT_ANALYSIS_METHYLKIT (1) | 0 of 1
[25/2f6d73] RES…S:ANNOTATE_RESULTS_DSS (1) | 1 of 1 ✔
[-        ] RES…ALYSIS:POST_PROCESSING_DSS | 0 of 1
[-        ] RES…IS:ENRICHMENT_ANALYSIS_DSS | 0 of 1
[d3/85cf54] CLI…S_vs_VD_sig_annotated.csv) | 1 of 3
[da/6d5854] CLI…S_vs_VD_sig_annotated.csv) | 1 of 3
[a9/07fae2] CLI…it-MethylKit_CS_vs_VD.csv) | 1 of 3
[3a/c26a74] CLI…S_vs_VD_sig_annotated.csv) | 0 of 3
Plus 6 more processes waiting for tasks…
SUBMITTING TO ANALYSIS: [methylkit] /data/Jyotirmoy/JD/TwistMethylFlow-devel/MethylFlow/work/43/30fdd5e5b3d31035cdb4256fc520cc/MethylKit_CS_vs_VD.csv
WARN: Environment variable `R_LIBS_USER` evaluates to an empty value
WARN: Environment variable `R_LIBS_SITE` evaluates to an empty value
WARN: Environment variable `R_LIBS_USER` evaluates to an empty value
WARN: Environment variable `R_LIBS_SITE` evaluates to an empty value
WARN: Environment variable `R_LIBS_USER` evaluates to an empty value
WARN: Environment variable `R_LIBS_SITE` evaluates to an empty value
WARN: Environment variable `R_LIBS_USER` evaluates to an empty value
WARN: Environment variable `R_LIBS_SITE` evaluates to an empty value
WARN: Environment variable `R_LIBS_USER` evaluates to an empty value
WARN: Environment variable `R_LIBS_SITE` evaluates to an empty value
WARN: Environment variable `R_LIBS_USER` evaluates to an empty value
WARN: Environment variable `R_LIBS_SITE` evaluates to an empty value
WARN: Environment variable `R_LIBS_USER` evaluates to an empty value
WARN: Environment variable `R_LIBS_SITE` evaluates to an empty value
WARN: Environment variable `R_LIBS_USER` evaluates to an empty value
WARN: Environment variable `R_LIBS_SITE` evaluates to an empty value
WARN: Environment variable `R_LIBS_USER` evaluates to an empty value
WARN: Environment variable `R_LIBS_SITE` evaluates to an empty value
WARN: Environment variable `R_LIBS_USER` evaluates to an empty value
WARN: Environment variable `R_LIBS_SITE` evaluates to an empty value
WARN: Environment variable `R_LIBS_USER` evaluates to an empty value
WARN: Environment variable `R_LIBS_SITE` evaluates to an empty value
WARN: Environment variable `R_LIBS_USER` evaluates to an empty value
WARN: Environment variable `R_LIBS_SITE` evaluates to an empty value
WARN: Environment variable `R_LIBS_USER` evaluates to an empty value
WARN: Environment variable `R_LIBS_SITE` evaluates to an empty value
WARN: Environment variable `R_LIBS_USER` evaluates to an empty value
WARN: Environment variable `R_LIBS_SITE` evaluates to an empty value

executor >  local (63)
[ed/81d1aa] PRE_STAGE:PRE_STAGE_FILES      | 1 of 1 ✔
[c0/6e4e9a] REA…SSING:FASTQC (ERR11435646) | 6 of 6 ✔
[24/fa58fb] REA…CKSUM_VERIFY (ERR11435647) | 6 of 6 ✔
[02/2f1914] REA…:TRIM_GALORE (ERR11435646) | 6 of 6 ✔
[6c/75f357] PAR…8.dna.primary_assembly.fa) | 1 of 1 ✔
[5c/35cc2e] PAR…S_FQ2BAMMETH (ERR11435646) | 6 of 6 ✔
[97/06fa8b] PAR…MTOOLS_INDEX (ERR11435652) | 6 of 6 ✔
[d9/0fb992] PAR…SIS:QUALIMAP (ERR11435652) | 6 of 6 ✔
[fa/196521] PAR…8.dna.primary_assembly.fa) | 1 of 1 ✔
[8a/533ae7] PAR…CKEL_EXTRACT (ERR11435652) | 6 of 6 ✔
[48/fd6b30] DIF…METHYLATION:EDGER_ANALYSIS | 1 of 1 ✔
[43/30fdd5] DIF…e_sheet_twist_minimal.csv) | 1 of 1 ✔
[ac/94a151] DIF…L_METHYLATION:DSS_ANALYSIS | 1 of 1 ✔
[42/4acb24] RES…ANNOTATE_RESULTS_EDGER (1) | 1 of 1 ✔
[fe/23c52a] RES…:POST_PROCESSING_EDGER (1) | 0 of 1
[ec/cc6bde] RES…ICHMENT_ANALYSIS_EDGER (1) | 0 of 1
[d6/dbe92c] RES…T_PROCESSING_METHYLKIT (1) | 1 of 1 ✔
[8e/b765de] RES…ENT_ANALYSIS_METHYLKIT (1) | 0 of 1
[25/2f6d73] RES…S:ANNOTATE_RESULTS_DSS (1) | 1 of 1 ✔
[-        ] RES…ALYSIS:POST_PROCESSING_DSS | 0 of 1
[-        ] RES…IS:ENRICHMENT_ANALYSIS_DSS | 0 of 1
[d3/85cf54] CLI…S_vs_VD_sig_annotated.csv) | 1 of 3
[67/744021] CLI…S_vs_VD_sig_annotated.csv) | 1 of 3
[a9/07fae2] CLI…it-MethylKit_CS_vs_VD.csv) | 1 of 3
[51/0ed83e] CLI…it-MethylKit_CS_vs_VD.csv) | 1 of 3
[-        ] CLI…_REPORTING:DMR_DETAIL_PLOT | 0 of 1
[-        ] CLINICAL_REPORTING:PCA_PLOT    | 0 of 1
[-        ] CLI…AL_REPORTING:PATHVIEW_PLOT | 0 of 1
Plus 3 more processes waiting for tasks…
SUBMITTING TO ANALYSIS: [methylkit] /data/Jyotirmoy/JD/TwistMethylFlow-devel/MethylFlow/work/43/30fdd5e5b3d31035cdb4256fc520cc/MethylKit_CS_vs_VD.csv
WARN: Environment variable `R_LIBS_USER` evaluates to an empty value
WARN: Environment variable `R_LIBS_SITE` evaluates to an empty value
WARN: Environment variable `R_LIBS_USER` evaluates to an empty value
WARN: Environment variable `R_LIBS_SITE` evaluates to an empty value
WARN: Environment variable `R_LIBS_USER` evaluates to an empty value
WARN: Environment variable `R_LIBS_SITE` evaluates to an empty value
WARN: Environment variable `R_LIBS_USER` evaluates to an empty value
WARN: Environment variable `R_LIBS_SITE` evaluates to an empty value
WARN: Environment variable `R_LIBS_USER` evaluates to an empty value
WARN: Environment variable `R_LIBS_SITE` evaluates to an empty value
WARN: Environment variable `R_LIBS_USER` evaluates to an empty value
WARN: Environment variable `R_LIBS_SITE` evaluates to an empty value
WARN: Environment variable `R_LIBS_USER` evaluates to an empty value
WARN: Environment variable `R_LIBS_SITE` evaluates to an empty value
WARN: Environment variable `R_LIBS_USER` evaluates to an empty value
WARN: Environment variable `R_LIBS_SITE` evaluates to an empty value
WARN: Environment variable `R_LIBS_USER` evaluates to an empty value
WARN: Environment variable `R_LIBS_SITE` evaluates to an empty value
WARN: Environment variable `R_LIBS_USER` evaluates to an empty value
WARN: Environment variable `R_LIBS_SITE` evaluates to an empty value
WARN: Environment variable `R_LIBS_USER` evaluates to an empty value
WARN: Environment variable `R_LIBS_SITE` evaluates to an empty value
WARN: Environment variable `R_LIBS_USER` evaluates to an empty value
WARN: Environment variable `R_LIBS_SITE` evaluates to an empty value
WARN: Environment variable `R_LIBS_USER` evaluates to an empty value
WARN: Environment variable `R_LIBS_SITE` evaluates to an empty value
WARN: Environment variable `R_LIBS_USER` evaluates to an empty value
WARN: Environment variable `R_LIBS_SITE` evaluates to an empty value
WARN: Environment variable `R_LIBS_USER` evaluates to an empty value
WARN: Environment variable `R_LIBS_SITE` evaluates to an empty value

executor >  local (64)
[ed/81d1aa] PRE_STAGE:PRE_STAGE_FILES      | 1 of 1 ✔
[c0/6e4e9a] REA…SSING:FASTQC (ERR11435646) | 6 of 6 ✔
[24/fa58fb] REA…CKSUM_VERIFY (ERR11435647) | 6 of 6 ✔
[02/2f1914] REA…:TRIM_GALORE (ERR11435646) | 6 of 6 ✔
[6c/75f357] PAR…8.dna.primary_assembly.fa) | 1 of 1 ✔
[5c/35cc2e] PAR…S_FQ2BAMMETH (ERR11435646) | 6 of 6 ✔
[97/06fa8b] PAR…MTOOLS_INDEX (ERR11435652) | 6 of 6 ✔
[d9/0fb992] PAR…SIS:QUALIMAP (ERR11435652) | 6 of 6 ✔
[fa/196521] PAR…8.dna.primary_assembly.fa) | 1 of 1 ✔
[8a/533ae7] PAR…CKEL_EXTRACT (ERR11435652) | 6 of 6 ✔
[48/fd6b30] DIF…METHYLATION:EDGER_ANALYSIS | 1 of 1 ✔
[43/30fdd5] DIF…e_sheet_twist_minimal.csv) | 1 of 1 ✔
[ac/94a151] DIF…L_METHYLATION:DSS_ANALYSIS | 1 of 1 ✔
[42/4acb24] RES…ANNOTATE_RESULTS_EDGER (1) | 1 of 1 ✔
[fe/23c52a] RES…:POST_PROCESSING_EDGER (1) | 0 of 1
[ec/cc6bde] RES…ICHMENT_ANALYSIS_EDGER (1) | 0 of 1
[d6/dbe92c] RES…T_PROCESSING_METHYLKIT (1) | 1 of 1 ✔
[8e/b765de] RES…ENT_ANALYSIS_METHYLKIT (1) | 0 of 1
[25/2f6d73] RES…S:ANNOTATE_RESULTS_DSS (1) | 1 of 1 ✔
[-        ] RES…ALYSIS:POST_PROCESSING_DSS | 0 of 1
[-        ] RES…IS:ENRICHMENT_ANALYSIS_DSS | 0 of 1
[17/b767e5] CLI…S_vs_VD_sig_annotated.csv) | 1 of 3
[67/744021] CLI…S_vs_VD_sig_annotated.csv) | 1 of 3
[7c/724393] CLI…S_vs_VD_sig_annotated.csv) | 2 of 3
[51/0ed83e] CLI…it-MethylKit_CS_vs_VD.csv) | 1 of 3
[-        ] CLI…_REPORTING:DMR_DETAIL_PLOT | 0 of 1
[-        ] CLINICAL_REPORTING:PCA_PLOT    | 0 of 1
[-        ] CLI…AL_REPORTING:PATHVIEW_PLOT | 0 of 1
Plus 3 more processes waiting for tasks…
SUBMITTING TO ANALYSIS: [methylkit] /data/Jyotirmoy/JD/TwistMethylFlow-devel/MethylFlow/work/43/30fdd5e5b3d31035cdb4256fc520cc/MethylKit_CS_vs_VD.csv
WARN: Environment variable `R_LIBS_USER` evaluates to an empty value
WARN: Environment variable `R_LIBS_SITE` evaluates to an empty value
WARN: Environment variable `R_LIBS_USER` evaluates to an empty value
WARN: Environment variable `R_LIBS_SITE` evaluates to an empty value
WARN: Environment variable `R_LIBS_USER` evaluates to an empty value
WARN: Environment variable `R_LIBS_SITE` evaluates to an empty value
WARN: Environment variable `R_LIBS_USER` evaluates to an empty value
WARN: Environment variable `R_LIBS_SITE` evaluates to an empty value
WARN: Environment variable `R_LIBS_USER` evaluates to an empty value
WARN: Environment variable `R_LIBS_SITE` evaluates to an empty value
WARN: Environment variable `R_LIBS_USER` evaluates to an empty value
WARN: Environment variable `R_LIBS_SITE` evaluates to an empty value
WARN: Environment variable `R_LIBS_USER` evaluates to an empty value
WARN: Environment variable `R_LIBS_SITE` evaluates to an empty value
WARN: Environment variable `R_LIBS_USER` evaluates to an empty value
WARN: Environment variable `R_LIBS_SITE` evaluates to an empty value
WARN: Environment variable `R_LIBS_USER` evaluates to an empty value
WARN: Environment variable `R_LIBS_SITE` evaluates to an empty value
WARN: Environment variable `R_LIBS_USER` evaluates to an empty value
WARN: Environment variable `R_LIBS_SITE` evaluates to an empty value
WARN: Environment variable `R_LIBS_USER` evaluates to an empty value
WARN: Environment variable `R_LIBS_SITE` evaluates to an empty value
WARN: Environment variable `R_LIBS_USER` evaluates to an empty value
WARN: Environment variable `R_LIBS_SITE` evaluates to an empty value
WARN: Environment variable `R_LIBS_USER` evaluates to an empty value
WARN: Environment variable `R_LIBS_SITE` evaluates to an empty value
WARN: Environment variable `R_LIBS_USER` evaluates to an empty value
WARN: Environment variable `R_LIBS_SITE` evaluates to an empty value
WARN: Environment variable `R_LIBS_USER` evaluates to an empty value
WARN: Environment variable `R_LIBS_SITE` evaluates to an empty value
WARN: Environment variable `R_LIBS_USER` evaluates to an empty value
WARN: Environment variable `R_LIBS_SITE` evaluates to an empty value

executor >  local (64)
[ed/81d1aa] PRE_STAGE:PRE_STAGE_FILES      | 1 of 1 ✔
[c0/6e4e9a] REA…SSING:FASTQC (ERR11435646) | 6 of 6 ✔
[24/fa58fb] REA…CKSUM_VERIFY (ERR11435647) | 6 of 6 ✔
[02/2f1914] REA…:TRIM_GALORE (ERR11435646) | 6 of 6 ✔
[6c/75f357] PAR…8.dna.primary_assembly.fa) | 1 of 1 ✔
[5c/35cc2e] PAR…S_FQ2BAMMETH (ERR11435646) | 6 of 6 ✔
[97/06fa8b] PAR…MTOOLS_INDEX (ERR11435652) | 6 of 6 ✔
[d9/0fb992] PAR…SIS:QUALIMAP (ERR11435652) | 6 of 6 ✔
[fa/196521] PAR…8.dna.primary_assembly.fa) | 1 of 1 ✔
[8a/533ae7] PAR…CKEL_EXTRACT (ERR11435652) | 6 of 6 ✔
[48/fd6b30] DIF…METHYLATION:EDGER_ANALYSIS | 1 of 1 ✔
[43/30fdd5] DIF…e_sheet_twist_minimal.csv) | 1 of 1 ✔
[ac/94a151] DIF…L_METHYLATION:DSS_ANALYSIS | 1 of 1 ✔
[42/4acb24] RES…ANNOTATE_RESULTS_EDGER (1) | 1 of 1 ✔
[fe/23c52a] RES…:POST_PROCESSING_EDGER (1) | 0 of 1
[ec/cc6bde] RES…ICHMENT_ANALYSIS_EDGER (1) | 0 of 1
[d6/dbe92c] RES…T_PROCESSING_METHYLKIT (1) | 1 of 1 ✔
[8e/b765de] RES…ENT_ANALYSIS_METHYLKIT (1) | 0 of 1
[25/2f6d73] RES…S:ANNOTATE_RESULTS_DSS (1) | 1 of 1 ✔
[-        ] RES…ALYSIS:POST_PROCESSING_DSS | 0 of 1
[-        ] RES…IS:ENRICHMENT_ANALYSIS_DSS | 0 of 1
[17/b767e5] CLI…S_vs_VD_sig_annotated.csv) | 1 of 3
[67/744021] CLI…S_vs_VD_sig_annotated.csv) | 1 of 3
[7c/724393] CLI…S_vs_VD_sig_annotated.csv) | 2 of 3
[51/0ed83e] CLI…it-MethylKit_CS_vs_VD.csv) | 1 of 3
[-        ] CLI…_REPORTING:DMR_DETAIL_PLOT | 0 of 1
[-        ] CLINICAL_REPORTING:PCA_PLOT    | 0 of 1
[-        ] CLI…AL_REPORTING:PATHVIEW_PLOT | 0 of 1
Plus 3 more processes waiting for tasks…
SUBMITTING TO ANALYSIS: [methylkit] /data/Jyotirmoy/JD/TwistMethylFlow-devel/MethylFlow/work/43/30fdd5e5b3d31035cdb4256fc520cc/MethylKit_CS_vs_VD.csv
WARN: Environment variable `R_LIBS_USER` evaluates to an empty value
WARN: Environment variable `R_LIBS_SITE` evaluates to an empty value
WARN: Environment variable `R_LIBS_USER` evaluates to an empty value
WARN: Environment variable `R_LIBS_SITE` evaluates to an empty value
WARN: Environment variable `R_LIBS_USER` evaluates to an empty value
WARN: Environment variable `R_LIBS_SITE` evaluates to an empty value
WARN: Environment variable `R_LIBS_USER` evaluates to an empty value
WARN: Environment variable `R_LIBS_SITE` evaluates to an empty value
WARN: Environment variable `R_LIBS_USER` evaluates to an empty value
WARN: Environment variable `R_LIBS_SITE` evaluates to an empty value
WARN: Environment variable `R_LIBS_USER` evaluates to an empty value
WARN: Environment variable `R_LIBS_SITE` evaluates to an empty value
WARN: Environment variable `R_LIBS_USER` evaluates to an empty value
WARN: Environment variable `R_LIBS_SITE` evaluates to an empty value
WARN: Environment variable `R_LIBS_USER` evaluates to an empty value
WARN: Environment variable `R_LIBS_SITE` evaluates to an empty value
WARN: Environment variable `R_LIBS_USER` evaluates to an empty value
WARN: Environment variable `R_LIBS_SITE` evaluates to an empty value
WARN: Environment variable `R_LIBS_USER` evaluates to an empty value
WARN: Environment variable `R_LIBS_SITE` evaluates to an empty value
WARN: Environment variable `R_LIBS_USER` evaluates to an empty value
WARN: Environment variable `R_LIBS_SITE` evaluates to an empty value
WARN: Environment variable `R_LIBS_USER` evaluates to an empty value
WARN: Environment variable `R_LIBS_SITE` evaluates to an empty value
WARN: Environment variable `R_LIBS_USER` evaluates to an empty value
WARN: Environment variable `R_LIBS_SITE` evaluates to an empty value
WARN: Environment variable `R_LIBS_USER` evaluates to an empty value
WARN: Environment variable `R_LIBS_SITE` evaluates to an empty value
WARN: Environment variable `R_LIBS_USER` evaluates to an empty value
WARN: Environment variable `R_LIBS_SITE` evaluates to an empty value
WARN: Environment variable `R_LIBS_USER` evaluates to an empty value
WARN: Environment variable `R_LIBS_SITE` evaluates to an empty value

executor >  local (65)
[ed/81d1aa] PRE_STAGE:PRE_STAGE_FILES      | 1 of 1 ✔
[c0/6e4e9a] REA…SSING:FASTQC (ERR11435646) | 6 of 6 ✔
[24/fa58fb] REA…CKSUM_VERIFY (ERR11435647) | 6 of 6 ✔
[02/2f1914] REA…:TRIM_GALORE (ERR11435646) | 6 of 6 ✔
[6c/75f357] PAR…8.dna.primary_assembly.fa) | 1 of 1 ✔
[5c/35cc2e] PAR…S_FQ2BAMMETH (ERR11435646) | 6 of 6 ✔
[97/06fa8b] PAR…MTOOLS_INDEX (ERR11435652) | 6 of 6 ✔
[d9/0fb992] PAR…SIS:QUALIMAP (ERR11435652) | 6 of 6 ✔
[fa/196521] PAR…8.dna.primary_assembly.fa) | 1 of 1 ✔
[8a/533ae7] PAR…CKEL_EXTRACT (ERR11435652) | 6 of 6 ✔
[48/fd6b30] DIF…METHYLATION:EDGER_ANALYSIS | 1 of 1 ✔
[43/30fdd5] DIF…e_sheet_twist_minimal.csv) | 1 of 1 ✔
[ac/94a151] DIF…L_METHYLATION:DSS_ANALYSIS | 1 of 1 ✔
[42/4acb24] RES…ANNOTATE_RESULTS_EDGER (1) | 1 of 1 ✔
[fe/23c52a] RES…:POST_PROCESSING_EDGER (1) | 0 of 1
[ec/cc6bde] RES…ICHMENT_ANALYSIS_EDGER (1) | 0 of 1
[d6/dbe92c] RES…T_PROCESSING_METHYLKIT (1) | 1 of 1 ✔
[8e/b765de] RES…ENT_ANALYSIS_METHYLKIT (1) | 0 of 1
[25/2f6d73] RES…S:ANNOTATE_RESULTS_DSS (1) | 1 of 1 ✔
[-        ] RES…ALYSIS:POST_PROCESSING_DSS | 0 of 1
[-        ] RES…IS:ENRICHMENT_ANALYSIS_DSS | 0 of 1
[17/b767e5] CLI…S_vs_VD_sig_annotated.csv) | 1 of 3
[67/744021] CLI…S_vs_VD_sig_annotated.csv) | 1 of 3
[7c/724393] CLI…S_vs_VD_sig_annotated.csv) | 2 of 3
[23/96e545] CLI…S_vs_VD_sig_annotated.csv) | 2 of 3
[-        ] CLI…_REPORTING:DMR_DETAIL_PLOT | 0 of 1
[-        ] CLINICAL_REPORTING:PCA_PLOT    | 0 of 1
[-        ] CLI…AL_REPORTING:PATHVIEW_PLOT | 0 of 1
Plus 3 more processes waiting for tasks…
SUBMITTING TO ANALYSIS: [methylkit] /data/Jyotirmoy/JD/TwistMethylFlow-devel/MethylFlow/work/43/30fdd5e5b3d31035cdb4256fc520cc/MethylKit_CS_vs_VD.csv
WARN: Environment variable `R_LIBS_USER` evaluates to an empty value
WARN: Environment variable `R_LIBS_SITE` evaluates to an empty value
WARN: Environment variable `R_LIBS_USER` evaluates to an empty value
WARN: Environment variable `R_LIBS_SITE` evaluates to an empty value
WARN: Environment variable `R_LIBS_USER` evaluates to an empty value
WARN: Environment variable `R_LIBS_SITE` evaluates to an empty value
WARN: Environment variable `R_LIBS_USER` evaluates to an empty value
WARN: Environment variable `R_LIBS_SITE` evaluates to an empty value
WARN: Environment variable `R_LIBS_USER` evaluates to an empty value
WARN: Environment variable `R_LIBS_SITE` evaluates to an empty value
WARN: Environment variable `R_LIBS_USER` evaluates to an empty value
WARN: Environment variable `R_LIBS_SITE` evaluates to an empty value
WARN: Environment variable `R_LIBS_USER` evaluates to an empty value
WARN: Environment variable `R_LIBS_SITE` evaluates to an empty value
WARN: Environment variable `R_LIBS_USER` evaluates to an empty value
WARN: Environment variable `R_LIBS_SITE` evaluates to an empty value
WARN: Environment variable `R_LIBS_USER` evaluates to an empty value
WARN: Environment variable `R_LIBS_SITE` evaluates to an empty value
WARN: Environment variable `R_LIBS_USER` evaluates to an empty value
WARN: Environment variable `R_LIBS_SITE` evaluates to an empty value
WARN: Environment variable `R_LIBS_USER` evaluates to an empty value
WARN: Environment variable `R_LIBS_SITE` evaluates to an empty value
WARN: Environment variable `R_LIBS_USER` evaluates to an empty value
WARN: Environment variable `R_LIBS_SITE` evaluates to an empty value
WARN: Environment variable `R_LIBS_USER` evaluates to an empty value
WARN: Environment variable `R_LIBS_SITE` evaluates to an empty value
WARN: Environment variable `R_LIBS_USER` evaluates to an empty value
WARN: Environment variable `R_LIBS_SITE` evaluates to an empty value
WARN: Environment variable `R_LIBS_USER` evaluates to an empty value
WARN: Environment variable `R_LIBS_SITE` evaluates to an empty value
WARN: Environment variable `R_LIBS_USER` evaluates to an empty value
WARN: Environment variable `R_LIBS_SITE` evaluates to an empty value
WARN: Environment variable `R_LIBS_USER` evaluates to an empty value
WARN: Environment variable `R_LIBS_SITE` evaluates to an empty value

executor >  local (67)
[ed/81d1aa] PRE_STAGE:PRE_STAGE_FILES      | 1 of 1 ✔
[c0/6e4e9a] REA…SSING:FASTQC (ERR11435646) | 6 of 6 ✔
[24/fa58fb] REA…CKSUM_VERIFY (ERR11435647) | 6 of 6 ✔
[02/2f1914] REA…:TRIM_GALORE (ERR11435646) | 6 of 6 ✔
[6c/75f357] PAR…8.dna.primary_assembly.fa) | 1 of 1 ✔
[5c/35cc2e] PAR…S_FQ2BAMMETH (ERR11435646) | 6 of 6 ✔
[97/06fa8b] PAR…MTOOLS_INDEX (ERR11435652) | 6 of 6 ✔
[d9/0fb992] PAR…SIS:QUALIMAP (ERR11435652) | 6 of 6 ✔
[fa/196521] PAR…8.dna.primary_assembly.fa) | 1 of 1 ✔
[8a/533ae7] PAR…CKEL_EXTRACT (ERR11435652) | 6 of 6 ✔
[48/fd6b30] DIF…METHYLATION:EDGER_ANALYSIS | 1 of 1 ✔
[43/30fdd5] DIF…e_sheet_twist_minimal.csv) | 1 of 1 ✔
[ac/94a151] DIF…L_METHYLATION:DSS_ANALYSIS | 1 of 1 ✔
[42/4acb24] RES…ANNOTATE_RESULTS_EDGER (1) | 1 of 1 ✔
[fe/23c52a] RES…:POST_PROCESSING_EDGER (1) | 0 of 1
[ec/cc6bde] RES…ICHMENT_ANALYSIS_EDGER (1) | 0 of 1
[d6/dbe92c] RES…T_PROCESSING_METHYLKIT (1) | 1 of 1 ✔
[8e/b765de] RES…ENT_ANALYSIS_METHYLKIT (1) | 0 of 1
[25/2f6d73] RES…S:ANNOTATE_RESULTS_DSS (1) | 1 of 1 ✔
[6e/7af50d] RES…IS:POST_PROCESSING_DSS (1) | 0 of 1
[-        ] RES…IS:ENRICHMENT_ANALYSIS_DSS | 0 of 1
[d3/85cf54] CLI…S_vs_VD_sig_annotated.csv) | 2 of 3
[da/6d5854] CLI…S_vs_VD_sig_annotated.csv) | 2 of 3
[f6/4806dc] CLI…S_vs_VD_sig_annotated.csv) | 2 of 3
[23/96e545] CLI…S_vs_VD_sig_annotated.csv) | 2 of 3
[-        ] CLI…_REPORTING:DMR_DETAIL_PLOT | 0 of 1
[-        ] CLINICAL_REPORTING:PCA_PLOT    | 0 of 1
[-        ] CLI…AL_REPORTING:PATHVIEW_PLOT | 0 of 1
Plus 3 more processes waiting for tasks…
SUBMITTING TO ANALYSIS: [methylkit] /data/Jyotirmoy/JD/TwistMethylFlow-devel/MethylFlow/work/43/30fdd5e5b3d31035cdb4256fc520cc/MethylKit_CS_vs_VD.csv
WARN: Environment variable `R_LIBS_USER` evaluates to an empty value
WARN: Environment variable `R_LIBS_SITE` evaluates to an empty value
WARN: Environment variable `R_LIBS_USER` evaluates to an empty value
WARN: Environment variable `R_LIBS_SITE` evaluates to an empty value
WARN: Environment variable `R_LIBS_USER` evaluates to an empty value
WARN: Environment variable `R_LIBS_SITE` evaluates to an empty value
WARN: Environment variable `R_LIBS_USER` evaluates to an empty value
WARN: Environment variable `R_LIBS_SITE` evaluates to an empty value
WARN: Environment variable `R_LIBS_USER` evaluates to an empty value
WARN: Environment variable `R_LIBS_SITE` evaluates to an empty value
WARN: Environment variable `R_LIBS_USER` evaluates to an empty value
WARN: Environment variable `R_LIBS_SITE` evaluates to an empty value
WARN: Environment variable `R_LIBS_USER` evaluates to an empty value
WARN: Environment variable `R_LIBS_SITE` evaluates to an empty value
WARN: Environment variable `R_LIBS_USER` evaluates to an empty value
WARN: Environment variable `R_LIBS_SITE` evaluates to an empty value
WARN: Environment variable `R_LIBS_USER` evaluates to an empty value
WARN: Environment variable `R_LIBS_SITE` evaluates to an empty value
WARN: Environment variable `R_LIBS_USER` evaluates to an empty value
WARN: Environment variable `R_LIBS_SITE` evaluates to an empty value
WARN: Environment variable `R_LIBS_USER` evaluates to an empty value
WARN: Environment variable `R_LIBS_SITE` evaluates to an empty value
WARN: Environment variable `R_LIBS_USER` evaluates to an empty value
WARN: Environment variable `R_LIBS_SITE` evaluates to an empty value
WARN: Environment variable `R_LIBS_USER` evaluates to an empty value
WARN: Environment variable `R_LIBS_SITE` evaluates to an empty value
WARN: Environment variable `R_LIBS_USER` evaluates to an empty value
WARN: Environment variable `R_LIBS_SITE` evaluates to an empty value
WARN: Environment variable `R_LIBS_USER` evaluates to an empty value
WARN: Environment variable `R_LIBS_SITE` evaluates to an empty value
WARN: Environment variable `R_LIBS_USER` evaluates to an empty value
WARN: Environment variable `R_LIBS_SITE` evaluates to an empty value
WARN: Environment variable `R_LIBS_USER` evaluates to an empty value
WARN: Environment variable `R_LIBS_SITE` evaluates to an empty value
WARN: Environment variable `R_LIBS_USER` evaluates to an empty value
WARN: Environment variable `R_LIBS_SITE` evaluates to an empty value
WARN: Environment variable `R_LIBS_USER` evaluates to an empty value
WARN: Environment variable `R_LIBS_SITE` evaluates to an empty value

executor >  local (68)
[ed/81d1aa] PRE_STAGE:PRE_STAGE_FILES      | 1 of 1 ✔
[c0/6e4e9a] REA…SSING:FASTQC (ERR11435646) | 6 of 6 ✔
[24/fa58fb] REA…CKSUM_VERIFY (ERR11435647) | 6 of 6 ✔
[02/2f1914] REA…:TRIM_GALORE (ERR11435646) | 6 of 6 ✔
[6c/75f357] PAR…8.dna.primary_assembly.fa) | 1 of 1 ✔
[5c/35cc2e] PAR…S_FQ2BAMMETH (ERR11435646) | 6 of 6 ✔
[97/06fa8b] PAR…MTOOLS_INDEX (ERR11435652) | 6 of 6 ✔
[d9/0fb992] PAR…SIS:QUALIMAP (ERR11435652) | 6 of 6 ✔
[fa/196521] PAR…8.dna.primary_assembly.fa) | 1 of 1 ✔
[8a/533ae7] PAR…CKEL_EXTRACT (ERR11435652) | 6 of 6 ✔
[48/fd6b30] DIF…METHYLATION:EDGER_ANALYSIS | 1 of 1 ✔
[43/30fdd5] DIF…e_sheet_twist_minimal.csv) | 1 of 1 ✔
[ac/94a151] DIF…L_METHYLATION:DSS_ANALYSIS | 1 of 1 ✔
[42/4acb24] RES…ANNOTATE_RESULTS_EDGER (1) | 1 of 1 ✔
[fe/23c52a] RES…:POST_PROCESSING_EDGER (1) | 0 of 1
[ec/cc6bde] RES…ICHMENT_ANALYSIS_EDGER (1) | 0 of 1
[d6/dbe92c] RES…T_PROCESSING_METHYLKIT (1) | 1 of 1 ✔
[8e/b765de] RES…ENT_ANALYSIS_METHYLKIT (1) | 0 of 1
[25/2f6d73] RES…S:ANNOTATE_RESULTS_DSS (1) | 1 of 1 ✔
[6e/7af50d] RES…IS:POST_PROCESSING_DSS (1) | 0 of 1
[-        ] RES…IS:ENRICHMENT_ANALYSIS_DSS | 0 of 1
[d3/85cf54] CLI…S_vs_VD_sig_annotated.csv) | 2 of 3
[da/6d5854] CLI…S_vs_VD_sig_annotated.csv) | 2 of 3
[f6/4806dc] CLI…S_vs_VD_sig_annotated.csv) | 2 of 3
[23/96e545] CLI…S_vs_VD_sig_annotated.csv) | 2 of 3
[-        ] CLI…_REPORTING:DMR_DETAIL_PLOT | 0 of 1
[-        ] CLINICAL_REPORTING:PCA_PLOT    | 0 of 1
[-        ] CLI…AL_REPORTING:PATHVIEW_PLOT | 0 of 1
Plus 3 more processes waiting for tasks…
SUBMITTING TO ANALYSIS: [methylkit] /data/Jyotirmoy/JD/TwistMethylFlow-devel/MethylFlow/work/43/30fdd5e5b3d31035cdb4256fc520cc/MethylKit_CS_vs_VD.csv
WARN: Environment variable `R_LIBS_USER` evaluates to an empty value
WARN: Environment variable `R_LIBS_SITE` evaluates to an empty value
WARN: Environment variable `R_LIBS_USER` evaluates to an empty value
WARN: Environment variable `R_LIBS_SITE` evaluates to an empty value
WARN: Environment variable `R_LIBS_USER` evaluates to an empty value
WARN: Environment variable `R_LIBS_SITE` evaluates to an empty value
WARN: Environment variable `R_LIBS_USER` evaluates to an empty value
WARN: Environment variable `R_LIBS_SITE` evaluates to an empty value
WARN: Environment variable `R_LIBS_USER` evaluates to an empty value
WARN: Environment variable `R_LIBS_SITE` evaluates to an empty value
WARN: Environment variable `R_LIBS_USER` evaluates to an empty value
WARN: Environment variable `R_LIBS_SITE` evaluates to an empty value
WARN: Environment variable `R_LIBS_USER` evaluates to an empty value
WARN: Environment variable `R_LIBS_SITE` evaluates to an empty value
WARN: Environment variable `R_LIBS_USER` evaluates to an empty value
WARN: Environment variable `R_LIBS_SITE` evaluates to an empty value
WARN: Environment variable `R_LIBS_USER` evaluates to an empty value
WARN: Environment variable `R_LIBS_SITE` evaluates to an empty value
WARN: Environment variable `R_LIBS_USER` evaluates to an empty value
WARN: Environment variable `R_LIBS_SITE` evaluates to an empty value
WARN: Environment variable `R_LIBS_USER` evaluates to an empty value
WARN: Environment variable `R_LIBS_SITE` evaluates to an empty value
WARN: Environment variable `R_LIBS_USER` evaluates to an empty value
WARN: Environment variable `R_LIBS_SITE` evaluates to an empty value
WARN: Environment variable `R_LIBS_USER` evaluates to an empty value
WARN: Environment variable `R_LIBS_SITE` evaluates to an empty value
WARN: Environment variable `R_LIBS_USER` evaluates to an empty value
WARN: Environment variable `R_LIBS_SITE` evaluates to an empty value
WARN: Environment variable `R_LIBS_USER` evaluates to an empty value
WARN: Environment variable `R_LIBS_SITE` evaluates to an empty value
WARN: Environment variable `R_LIBS_USER` evaluates to an empty value
WARN: Environment variable `R_LIBS_SITE` evaluates to an empty value
WARN: Environment variable `R_LIBS_USER` evaluates to an empty value
WARN: Environment variable `R_LIBS_SITE` evaluates to an empty value
WARN: Environment variable `R_LIBS_USER` evaluates to an empty value
WARN: Environment variable `R_LIBS_SITE` evaluates to an empty value
WARN: Environment variable `R_LIBS_USER` evaluates to an empty value
WARN: Environment variable `R_LIBS_SITE` evaluates to an empty value
WARN: Environment variable `R_LIBS_USER` evaluates to an empty value
WARN: Environment variable `R_LIBS_SITE` evaluates to an empty value

executor >  local (68)
[ed/81d1aa] PRE_STAGE:PRE_STAGE_FILES      | 1 of 1 ✔
[c0/6e4e9a] REA…SSING:FASTQC (ERR11435646) | 6 of 6 ✔
[24/fa58fb] REA…CKSUM_VERIFY (ERR11435647) | 6 of 6 ✔
[02/2f1914] REA…:TRIM_GALORE (ERR11435646) | 6 of 6 ✔
[6c/75f357] PAR…8.dna.primary_assembly.fa) | 1 of 1 ✔
[5c/35cc2e] PAR…S_FQ2BAMMETH (ERR11435646) | 6 of 6 ✔
[97/06fa8b] PAR…MTOOLS_INDEX (ERR11435652) | 6 of 6 ✔
[d9/0fb992] PAR…SIS:QUALIMAP (ERR11435652) | 6 of 6 ✔
[fa/196521] PAR…8.dna.primary_assembly.fa) | 1 of 1 ✔
[8a/533ae7] PAR…CKEL_EXTRACT (ERR11435652) | 6 of 6 ✔
[48/fd6b30] DIF…METHYLATION:EDGER_ANALYSIS | 1 of 1 ✔
[43/30fdd5] DIF…e_sheet_twist_minimal.csv) | 1 of 1 ✔
[ac/94a151] DIF…L_METHYLATION:DSS_ANALYSIS | 1 of 1 ✔
[42/4acb24] RES…ANNOTATE_RESULTS_EDGER (1) | 1 of 1 ✔
[fe/23c52a] RES…:POST_PROCESSING_EDGER (1) | 1 of 1 ✔
[ec/cc6bde] RES…ICHMENT_ANALYSIS_EDGER (1) | 0 of 1
[d6/dbe92c] RES…T_PROCESSING_METHYLKIT (1) | 1 of 1 ✔
[8e/b765de] RES…ENT_ANALYSIS_METHYLKIT (1) | 0 of 1
[25/2f6d73] RES…S:ANNOTATE_RESULTS_DSS (1) | 1 of 1 ✔
[6e/7af50d] RES…IS:POST_PROCESSING_DSS (1) | 0 of 1
[6b/b6bd17] RES…NRICHMENT_ANALYSIS_DSS (1) | 0 of 1
[d3/85cf54] CLI…S_vs_VD_sig_annotated.csv) | 2 of 3
[da/6d5854] CLI…S_vs_VD_sig_annotated.csv) | 2 of 3
[f6/4806dc] CLI…S_vs_VD_sig_annotated.csv) | 2 of 3
[23/96e545] CLI…S_vs_VD_sig_annotated.csv) | 2 of 3
[-        ] CLI…_REPORTING:DMR_DETAIL_PLOT | 0 of 1
[-        ] CLINICAL_REPORTING:PCA_PLOT    | 0 of 1
[-        ] CLI…AL_REPORTING:PATHVIEW_PLOT | 0 of 1
Plus 3 more processes waiting for tasks…
SUBMITTING TO ANALYSIS: [methylkit] /data/Jyotirmoy/JD/TwistMethylFlow-devel/MethylFlow/work/43/30fdd5e5b3d31035cdb4256fc520cc/MethylKit_CS_vs_VD.csv
WARN: Environment variable `R_LIBS_USER` evaluates to an empty value
WARN: Environment variable `R_LIBS_SITE` evaluates to an empty value
WARN: Environment variable `R_LIBS_USER` evaluates to an empty value
WARN: Environment variable `R_LIBS_SITE` evaluates to an empty value
WARN: Environment variable `R_LIBS_USER` evaluates to an empty value
WARN: Environment variable `R_LIBS_SITE` evaluates to an empty value
WARN: Environment variable `R_LIBS_USER` evaluates to an empty value
WARN: Environment variable `R_LIBS_SITE` evaluates to an empty value
WARN: Environment variable `R_LIBS_USER` evaluates to an empty value
WARN: Environment variable `R_LIBS_SITE` evaluates to an empty value
WARN: Environment variable `R_LIBS_USER` evaluates to an empty value
WARN: Environment variable `R_LIBS_SITE` evaluates to an empty value
WARN: Environment variable `R_LIBS_USER` evaluates to an empty value
WARN: Environment variable `R_LIBS_SITE` evaluates to an empty value
WARN: Environment variable `R_LIBS_USER` evaluates to an empty value
WARN: Environment variable `R_LIBS_SITE` evaluates to an empty value
WARN: Environment variable `R_LIBS_USER` evaluates to an empty value
WARN: Environment variable `R_LIBS_SITE` evaluates to an empty value
WARN: Environment variable `R_LIBS_USER` evaluates to an empty value
WARN: Environment variable `R_LIBS_SITE` evaluates to an empty value
WARN: Environment variable `R_LIBS_USER` evaluates to an empty value
WARN: Environment variable `R_LIBS_SITE` evaluates to an empty value
WARN: Environment variable `R_LIBS_USER` evaluates to an empty value
WARN: Environment variable `R_LIBS_SITE` evaluates to an empty value
WARN: Environment variable `R_LIBS_USER` evaluates to an empty value
WARN: Environment variable `R_LIBS_SITE` evaluates to an empty value
WARN: Environment variable `R_LIBS_USER` evaluates to an empty value
WARN: Environment variable `R_LIBS_SITE` evaluates to an empty value
WARN: Environment variable `R_LIBS_USER` evaluates to an empty value
WARN: Environment variable `R_LIBS_SITE` evaluates to an empty value
WARN: Environment variable `R_LIBS_USER` evaluates to an empty value
WARN: Environment variable `R_LIBS_SITE` evaluates to an empty value
WARN: Environment variable `R_LIBS_USER` evaluates to an empty value
WARN: Environment variable `R_LIBS_SITE` evaluates to an empty value
WARN: Environment variable `R_LIBS_USER` evaluates to an empty value
WARN: Environment variable `R_LIBS_SITE` evaluates to an empty value
WARN: Environment variable `R_LIBS_USER` evaluates to an empty value
WARN: Environment variable `R_LIBS_SITE` evaluates to an empty value
WARN: Environment variable `R_LIBS_USER` evaluates to an empty value
WARN: Environment variable `R_LIBS_SITE` evaluates to an empty value

executor >  local (69)
[ed/81d1aa] PRE_STAGE:PRE_STAGE_FILES      | 1 of 1 ✔
[c0/6e4e9a] REA…SSING:FASTQC (ERR11435646) | 6 of 6 ✔
[24/fa58fb] REA…CKSUM_VERIFY (ERR11435647) | 6 of 6 ✔
[02/2f1914] REA…:TRIM_GALORE (ERR11435646) | 6 of 6 ✔
[6c/75f357] PAR…8.dna.primary_assembly.fa) | 1 of 1 ✔
[5c/35cc2e] PAR…S_FQ2BAMMETH (ERR11435646) | 6 of 6 ✔
[97/06fa8b] PAR…MTOOLS_INDEX (ERR11435652) | 6 of 6 ✔
[d9/0fb992] PAR…SIS:QUALIMAP (ERR11435652) | 6 of 6 ✔
[fa/196521] PAR…8.dna.primary_assembly.fa) | 1 of 1 ✔
[8a/533ae7] PAR…CKEL_EXTRACT (ERR11435652) | 6 of 6 ✔
[48/fd6b30] DIF…METHYLATION:EDGER_ANALYSIS | 1 of 1 ✔
[43/30fdd5] DIF…e_sheet_twist_minimal.csv) | 1 of 1 ✔
[ac/94a151] DIF…L_METHYLATION:DSS_ANALYSIS | 1 of 1 ✔
[42/4acb24] RES…ANNOTATE_RESULTS_EDGER (1) | 1 of 1 ✔
[fe/23c52a] RES…:POST_PROCESSING_EDGER (1) | 1 of 1 ✔
[ec/cc6bde] RES…ICHMENT_ANALYSIS_EDGER (1) | 0 of 1
[d6/dbe92c] RES…T_PROCESSING_METHYLKIT (1) | 1 of 1 ✔
[8e/b765de] RES…ENT_ANALYSIS_METHYLKIT (1) | 0 of 1
[25/2f6d73] RES…S:ANNOTATE_RESULTS_DSS (1) | 1 of 1 ✔
[6e/7af50d] RES…IS:POST_PROCESSING_DSS (1) | 0 of 1
[6b/b6bd17] RES…NRICHMENT_ANALYSIS_DSS (1) | 0 of 1
[d3/85cf54] CLI…S_vs_VD_sig_annotated.csv) | 2 of 3
[67/744021] CLI…S_vs_VD_sig_annotated.csv) | 3 of 3 ✔
[f6/4806dc] CLI…S_vs_VD_sig_annotated.csv) | 2 of 3
[23/96e545] CLI…S_vs_VD_sig_annotated.csv) | 2 of 3
[25/b35961] CLI…:DMR_DETAIL_PLOT (SLC17A1) | 0 of 1
[-        ] CLINICAL_REPORTING:PCA_PLOT    | 0 of 1
[-        ] CLI…AL_REPORTING:PATHVIEW_PLOT | 0 of 1
Plus 3 more processes waiting for tasks…
SUBMITTING TO ANALYSIS: [methylkit] /data/Jyotirmoy/JD/TwistMethylFlow-devel/MethylFlow/work/43/30fdd5e5b3d31035cdb4256fc520cc/MethylKit_CS_vs_VD.csv
WARN: Environment variable `R_LIBS_USER` evaluates to an empty value
WARN: Environment variable `R_LIBS_SITE` evaluates to an empty value
WARN: Environment variable `R_LIBS_USER` evaluates to an empty value
WARN: Environment variable `R_LIBS_SITE` evaluates to an empty value
WARN: Environment variable `R_LIBS_USER` evaluates to an empty value
WARN: Environment variable `R_LIBS_SITE` evaluates to an empty value
WARN: Environment variable `R_LIBS_USER` evaluates to an empty value
WARN: Environment variable `R_LIBS_SITE` evaluates to an empty value
WARN: Environment variable `R_LIBS_USER` evaluates to an empty value
WARN: Environment variable `R_LIBS_SITE` evaluates to an empty value
WARN: Environment variable `R_LIBS_USER` evaluates to an empty value
WARN: Environment variable `R_LIBS_SITE` evaluates to an empty value
WARN: Environment variable `R_LIBS_USER` evaluates to an empty value
WARN: Environment variable `R_LIBS_SITE` evaluates to an empty value
WARN: Environment variable `R_LIBS_USER` evaluates to an empty value
WARN: Environment variable `R_LIBS_SITE` evaluates to an empty value
WARN: Environment variable `R_LIBS_USER` evaluates to an empty value
WARN: Environment variable `R_LIBS_SITE` evaluates to an empty value
WARN: Environment variable `R_LIBS_USER` evaluates to an empty value
WARN: Environment variable `R_LIBS_SITE` evaluates to an empty value
WARN: Environment variable `R_LIBS_USER` evaluates to an empty value
WARN: Environment variable `R_LIBS_SITE` evaluates to an empty value
WARN: Environment variable `R_LIBS_USER` evaluates to an empty value
WARN: Environment variable `R_LIBS_SITE` evaluates to an empty value
WARN: Environment variable `R_LIBS_USER` evaluates to an empty value
WARN: Environment variable `R_LIBS_SITE` evaluates to an empty value
WARN: Environment variable `R_LIBS_USER` evaluates to an empty value
WARN: Environment variable `R_LIBS_SITE` evaluates to an empty value
WARN: Environment variable `R_LIBS_USER` evaluates to an empty value
WARN: Environment variable `R_LIBS_SITE` evaluates to an empty value
WARN: Environment variable `R_LIBS_USER` evaluates to an empty value
WARN: Environment variable `R_LIBS_SITE` evaluates to an empty value
WARN: Environment variable `R_LIBS_USER` evaluates to an empty value
WARN: Environment variable `R_LIBS_SITE` evaluates to an empty value
WARN: Environment variable `R_LIBS_USER` evaluates to an empty value
WARN: Environment variable `R_LIBS_SITE` evaluates to an empty value
WARN: Environment variable `R_LIBS_USER` evaluates to an empty value
WARN: Environment variable `R_LIBS_SITE` evaluates to an empty value
WARN: Environment variable `R_LIBS_USER` evaluates to an empty value
WARN: Environment variable `R_LIBS_SITE` evaluates to an empty value
WARN: Environment variable `R_LIBS_USER` evaluates to an empty value
WARN: Environment variable `R_LIBS_SITE` evaluates to an empty value

executor >  local (69)
[ed/81d1aa] PRE_STAGE:PRE_STAGE_FILES      | 1 of 1 ✔
[c0/6e4e9a] REA…SSING:FASTQC (ERR11435646) | 6 of 6 ✔
[24/fa58fb] REA…CKSUM_VERIFY (ERR11435647) | 6 of 6 ✔
[02/2f1914] REA…:TRIM_GALORE (ERR11435646) | 6 of 6 ✔
[6c/75f357] PAR…8.dna.primary_assembly.fa) | 1 of 1 ✔
[5c/35cc2e] PAR…S_FQ2BAMMETH (ERR11435646) | 6 of 6 ✔
[97/06fa8b] PAR…MTOOLS_INDEX (ERR11435652) | 6 of 6 ✔
[d9/0fb992] PAR…SIS:QUALIMAP (ERR11435652) | 6 of 6 ✔
[fa/196521] PAR…8.dna.primary_assembly.fa) | 1 of 1 ✔
[8a/533ae7] PAR…CKEL_EXTRACT (ERR11435652) | 6 of 6 ✔
[48/fd6b30] DIF…METHYLATION:EDGER_ANALYSIS | 1 of 1 ✔
[43/30fdd5] DIF…e_sheet_twist_minimal.csv) | 1 of 1 ✔
[ac/94a151] DIF…L_METHYLATION:DSS_ANALYSIS | 1 of 1 ✔
[42/4acb24] RES…ANNOTATE_RESULTS_EDGER (1) | 1 of 1 ✔
[fe/23c52a] RES…:POST_PROCESSING_EDGER (1) | 1 of 1 ✔
[ec/cc6bde] RES…ICHMENT_ANALYSIS_EDGER (1) | 0 of 1
[d6/dbe92c] RES…T_PROCESSING_METHYLKIT (1) | 1 of 1 ✔
[8e/b765de] RES…ENT_ANALYSIS_METHYLKIT (1) | 0 of 1
[25/2f6d73] RES…S:ANNOTATE_RESULTS_DSS (1) | 1 of 1 ✔
[6e/7af50d] RES…IS:POST_PROCESSING_DSS (1) | 0 of 1
[6b/b6bd17] RES…NRICHMENT_ANALYSIS_DSS (1) | 0 of 1
[d3/85cf54] CLI…S_vs_VD_sig_annotated.csv) | 2 of 3
[67/744021] CLI…S_vs_VD_sig_annotated.csv) | 3 of 3 ✔
[f6/4806dc] CLI…S_vs_VD_sig_annotated.csv) | 2 of 3
[23/96e545] CLI…S_vs_VD_sig_annotated.csv) | 2 of 3
[25/b35961] CLI…:DMR_DETAIL_PLOT (SLC17A1) | 0 of 1
[-        ] CLINICAL_REPORTING:PCA_PLOT    | 0 of 1
[-        ] CLI…AL_REPORTING:PATHVIEW_PLOT | 0 of 1
Plus 3 more processes waiting for tasks…
SUBMITTING TO ANALYSIS: [methylkit] /data/Jyotirmoy/JD/TwistMethylFlow-devel/MethylFlow/work/43/30fdd5e5b3d31035cdb4256fc520cc/MethylKit_CS_vs_VD.csv
WARN: Environment variable `R_LIBS_USER` evaluates to an empty value
WARN: Environment variable `R_LIBS_SITE` evaluates to an empty value
WARN: Environment variable `R_LIBS_USER` evaluates to an empty value
WARN: Environment variable `R_LIBS_SITE` evaluates to an empty value
WARN: Environment variable `R_LIBS_USER` evaluates to an empty value
WARN: Environment variable `R_LIBS_SITE` evaluates to an empty value
WARN: Environment variable `R_LIBS_USER` evaluates to an empty value
WARN: Environment variable `R_LIBS_SITE` evaluates to an empty value
WARN: Environment variable `R_LIBS_USER` evaluates to an empty value
WARN: Environment variable `R_LIBS_SITE` evaluates to an empty value
WARN: Environment variable `R_LIBS_USER` evaluates to an empty value
WARN: Environment variable `R_LIBS_SITE` evaluates to an empty value
WARN: Environment variable `R_LIBS_USER` evaluates to an empty value
WARN: Environment variable `R_LIBS_SITE` evaluates to an empty value
WARN: Environment variable `R_LIBS_USER` evaluates to an empty value
WARN: Environment variable `R_LIBS_SITE` evaluates to an empty value
WARN: Environment variable `R_LIBS_USER` evaluates to an empty value
WARN: Environment variable `R_LIBS_SITE` evaluates to an empty value
WARN: Environment variable `R_LIBS_USER` evaluates to an empty value
WARN: Environment variable `R_LIBS_SITE` evaluates to an empty value
WARN: Environment variable `R_LIBS_USER` evaluates to an empty value
WARN: Environment variable `R_LIBS_SITE` evaluates to an empty value
WARN: Environment variable `R_LIBS_USER` evaluates to an empty value
WARN: Environment variable `R_LIBS_SITE` evaluates to an empty value
WARN: Environment variable `R_LIBS_USER` evaluates to an empty value
WARN: Environment variable `R_LIBS_SITE` evaluates to an empty value
WARN: Environment variable `R_LIBS_USER` evaluates to an empty value
WARN: Environment variable `R_LIBS_SITE` evaluates to an empty value
WARN: Environment variable `R_LIBS_USER` evaluates to an empty value
WARN: Environment variable `R_LIBS_SITE` evaluates to an empty value
WARN: Environment variable `R_LIBS_USER` evaluates to an empty value
WARN: Environment variable `R_LIBS_SITE` evaluates to an empty value
WARN: Environment variable `R_LIBS_USER` evaluates to an empty value
WARN: Environment variable `R_LIBS_SITE` evaluates to an empty value
WARN: Environment variable `R_LIBS_USER` evaluates to an empty value
WARN: Environment variable `R_LIBS_SITE` evaluates to an empty value
WARN: Environment variable `R_LIBS_USER` evaluates to an empty value
WARN: Environment variable `R_LIBS_SITE` evaluates to an empty value
WARN: Environment variable `R_LIBS_USER` evaluates to an empty value
WARN: Environment variable `R_LIBS_SITE` evaluates to an empty value
WARN: Environment variable `R_LIBS_USER` evaluates to an empty value
WARN: Environment variable `R_LIBS_SITE` evaluates to an empty value

executor >  local (70)
[ed/81d1aa] PRE_STAGE:PRE_STAGE_FILES      | 1 of 1 ✔
[c0/6e4e9a] REA…SSING:FASTQC (ERR11435646) | 6 of 6 ✔
[24/fa58fb] REA…CKSUM_VERIFY (ERR11435647) | 6 of 6 ✔
[02/2f1914] REA…:TRIM_GALORE (ERR11435646) | 6 of 6 ✔
[6c/75f357] PAR…8.dna.primary_assembly.fa) | 1 of 1 ✔
[5c/35cc2e] PAR…S_FQ2BAMMETH (ERR11435646) | 6 of 6 ✔
[97/06fa8b] PAR…MTOOLS_INDEX (ERR11435652) | 6 of 6 ✔
[d9/0fb992] PAR…SIS:QUALIMAP (ERR11435652) | 6 of 6 ✔
[fa/196521] PAR…8.dna.primary_assembly.fa) | 1 of 1 ✔
[8a/533ae7] PAR…CKEL_EXTRACT (ERR11435652) | 6 of 6 ✔
[48/fd6b30] DIF…METHYLATION:EDGER_ANALYSIS | 1 of 1 ✔
[43/30fdd5] DIF…e_sheet_twist_minimal.csv) | 1 of 1 ✔
[ac/94a151] DIF…L_METHYLATION:DSS_ANALYSIS | 1 of 1 ✔
[42/4acb24] RES…ANNOTATE_RESULTS_EDGER (1) | 1 of 1 ✔
[fe/23c52a] RES…:POST_PROCESSING_EDGER (1) | 1 of 1 ✔
[ec/cc6bde] RES…ICHMENT_ANALYSIS_EDGER (1) | 0 of 1
[d6/dbe92c] RES…T_PROCESSING_METHYLKIT (1) | 1 of 1 ✔
[8e/b765de] RES…ENT_ANALYSIS_METHYLKIT (1) | 1 of 1 ✔
[25/2f6d73] RES…S:ANNOTATE_RESULTS_DSS (1) | 1 of 1 ✔
[6e/7af50d] RES…IS:POST_PROCESSING_DSS (1) | 0 of 1
[6b/b6bd17] RES…NRICHMENT_ANALYSIS_DSS (1) | 0 of 1
[d3/85cf54] CLI…S_vs_VD_sig_annotated.csv) | 2 of 3
[67/744021] CLI…S_vs_VD_sig_annotated.csv) | 3 of 3 ✔
[f6/4806dc] CLI…S_vs_VD_sig_annotated.csv) | 2 of 3
[23/96e545] CLI…S_vs_VD_sig_annotated.csv) | 2 of 3
[25/b35961] CLI…:DMR_DETAIL_PLOT (SLC17A1) | 0 of 1
[-        ] CLINICAL_REPORTING:PCA_PLOT    | 0 of 1
[c6/627e52] CLI…:PATHVIEW_PLOT (methylkit) | 0 of 1
Plus 3 more processes waiting for tasks…
SUBMITTING TO ANALYSIS: [methylkit] /data/Jyotirmoy/JD/TwistMethylFlow-devel/MethylFlow/work/43/30fdd5e5b3d31035cdb4256fc520cc/MethylKit_CS_vs_VD.csv
WARN: Environment variable `R_LIBS_USER` evaluates to an empty value
WARN: Environment variable `R_LIBS_SITE` evaluates to an empty value
WARN: Environment variable `R_LIBS_USER` evaluates to an empty value
WARN: Environment variable `R_LIBS_SITE` evaluates to an empty value
WARN: Environment variable `R_LIBS_USER` evaluates to an empty value
WARN: Environment variable `R_LIBS_SITE` evaluates to an empty value
WARN: Environment variable `R_LIBS_USER` evaluates to an empty value
WARN: Environment variable `R_LIBS_SITE` evaluates to an empty value
WARN: Environment variable `R_LIBS_USER` evaluates to an empty value
WARN: Environment variable `R_LIBS_SITE` evaluates to an empty value
WARN: Environment variable `R_LIBS_USER` evaluates to an empty value
WARN: Environment variable `R_LIBS_SITE` evaluates to an empty value
WARN: Environment variable `R_LIBS_USER` evaluates to an empty value
WARN: Environment variable `R_LIBS_SITE` evaluates to an empty value
WARN: Environment variable `R_LIBS_USER` evaluates to an empty value
WARN: Environment variable `R_LIBS_SITE` evaluates to an empty value
WARN: Environment variable `R_LIBS_USER` evaluates to an empty value
WARN: Environment variable `R_LIBS_SITE` evaluates to an empty value
WARN: Environment variable `R_LIBS_USER` evaluates to an empty value
WARN: Environment variable `R_LIBS_SITE` evaluates to an empty value
WARN: Environment variable `R_LIBS_USER` evaluates to an empty value
WARN: Environment variable `R_LIBS_SITE` evaluates to an empty value
WARN: Environment variable `R_LIBS_USER` evaluates to an empty value
WARN: Environment variable `R_LIBS_SITE` evaluates to an empty value
WARN: Environment variable `R_LIBS_USER` evaluates to an empty value
WARN: Environment variable `R_LIBS_SITE` evaluates to an empty value
WARN: Environment variable `R_LIBS_USER` evaluates to an empty value
WARN: Environment variable `R_LIBS_SITE` evaluates to an empty value
WARN: Environment variable `R_LIBS_USER` evaluates to an empty value
WARN: Environment variable `R_LIBS_SITE` evaluates to an empty value
WARN: Environment variable `R_LIBS_USER` evaluates to an empty value
WARN: Environment variable `R_LIBS_SITE` evaluates to an empty value
WARN: Environment variable `R_LIBS_USER` evaluates to an empty value
WARN: Environment variable `R_LIBS_SITE` evaluates to an empty value
WARN: Environment variable `R_LIBS_USER` evaluates to an empty value
WARN: Environment variable `R_LIBS_SITE` evaluates to an empty value
WARN: Environment variable `R_LIBS_USER` evaluates to an empty value
WARN: Environment variable `R_LIBS_SITE` evaluates to an empty value
WARN: Environment variable `R_LIBS_USER` evaluates to an empty value
WARN: Environment variable `R_LIBS_SITE` evaluates to an empty value
WARN: Environment variable `R_LIBS_USER` evaluates to an empty value
WARN: Environment variable `R_LIBS_SITE` evaluates to an empty value
WARN: Environment variable `R_LIBS_USER` evaluates to an empty value
WARN: Environment variable `R_LIBS_SITE` evaluates to an empty value

executor >  local (71)
[ed/81d1aa] PRE_STAGE:PRE_STAGE_FILES      | 1 of 1 ✔
[c0/6e4e9a] REA…SSING:FASTQC (ERR11435646) | 6 of 6 ✔
[24/fa58fb] REA…CKSUM_VERIFY (ERR11435647) | 6 of 6 ✔
[02/2f1914] REA…:TRIM_GALORE (ERR11435646) | 6 of 6 ✔
[6c/75f357] PAR…8.dna.primary_assembly.fa) | 1 of 1 ✔
[5c/35cc2e] PAR…S_FQ2BAMMETH (ERR11435646) | 6 of 6 ✔
[97/06fa8b] PAR…MTOOLS_INDEX (ERR11435652) | 6 of 6 ✔
[d9/0fb992] PAR…SIS:QUALIMAP (ERR11435652) | 6 of 6 ✔
[fa/196521] PAR…8.dna.primary_assembly.fa) | 1 of 1 ✔
[8a/533ae7] PAR…CKEL_EXTRACT (ERR11435652) | 6 of 6 ✔
[48/fd6b30] DIF…METHYLATION:EDGER_ANALYSIS | 1 of 1 ✔
[43/30fdd5] DIF…e_sheet_twist_minimal.csv) | 1 of 1 ✔
[ac/94a151] DIF…L_METHYLATION:DSS_ANALYSIS | 1 of 1 ✔
[42/4acb24] RES…ANNOTATE_RESULTS_EDGER (1) | 1 of 1 ✔
[fe/23c52a] RES…:POST_PROCESSING_EDGER (1) | 1 of 1 ✔
[ec/cc6bde] RES…ICHMENT_ANALYSIS_EDGER (1) | 0 of 1
[d6/dbe92c] RES…T_PROCESSING_METHYLKIT (1) | 1 of 1 ✔
[8e/b765de] RES…ENT_ANALYSIS_METHYLKIT (1) | 1 of 1 ✔
[25/2f6d73] RES…S:ANNOTATE_RESULTS_DSS (1) | 1 of 1 ✔
[6e/7af50d] RES…IS:POST_PROCESSING_DSS (1) | 0 of 1
[6b/b6bd17] RES…NRICHMENT_ANALYSIS_DSS (1) | 0 of 1
[17/b767e5] CLI…S_vs_VD_sig_annotated.csv) | 3 of 3 ✔
[67/744021] CLI…S_vs_VD_sig_annotated.csv) | 3 of 3 ✔
[f6/4806dc] CLI…S_vs_VD_sig_annotated.csv) | 2 of 3
[23/96e545] CLI…S_vs_VD_sig_annotated.csv) | 2 of 3
[25/b35961] CLI…:DMR_DETAIL_PLOT (SLC17A1) | 0 of 1
[33/8d9115] CLI…RTING:PCA_PLOT (methylkit) | 0 of 1
[c6/627e52] CLI…:PATHVIEW_PLOT (methylkit) | 0 of 1
Plus 3 more processes waiting for tasks…
SUBMITTING TO ANALYSIS: [methylkit] /data/Jyotirmoy/JD/TwistMethylFlow-devel/MethylFlow/work/43/30fdd5e5b3d31035cdb4256fc520cc/MethylKit_CS_vs_VD.csv
WARN: Environment variable `R_LIBS_USER` evaluates to an empty value
WARN: Environment variable `R_LIBS_SITE` evaluates to an empty value
WARN: Environment variable `R_LIBS_USER` evaluates to an empty value
WARN: Environment variable `R_LIBS_SITE` evaluates to an empty value
WARN: Environment variable `R_LIBS_USER` evaluates to an empty value
WARN: Environment variable `R_LIBS_SITE` evaluates to an empty value
WARN: Environment variable `R_LIBS_USER` evaluates to an empty value
WARN: Environment variable `R_LIBS_SITE` evaluates to an empty value
WARN: Environment variable `R_LIBS_USER` evaluates to an empty value
WARN: Environment variable `R_LIBS_SITE` evaluates to an empty value
WARN: Environment variable `R_LIBS_USER` evaluates to an empty value
WARN: Environment variable `R_LIBS_SITE` evaluates to an empty value
WARN: Environment variable `R_LIBS_USER` evaluates to an empty value
WARN: Environment variable `R_LIBS_SITE` evaluates to an empty value
WARN: Environment variable `R_LIBS_USER` evaluates to an empty value
WARN: Environment variable `R_LIBS_SITE` evaluates to an empty value
WARN: Environment variable `R_LIBS_USER` evaluates to an empty value
WARN: Environment variable `R_LIBS_SITE` evaluates to an empty value
WARN: Environment variable `R_LIBS_USER` evaluates to an empty value
WARN: Environment variable `R_LIBS_SITE` evaluates to an empty value
WARN: Environment variable `R_LIBS_USER` evaluates to an empty value
WARN: Environment variable `R_LIBS_SITE` evaluates to an empty value
WARN: Environment variable `R_LIBS_USER` evaluates to an empty value
WARN: Environment variable `R_LIBS_SITE` evaluates to an empty value
WARN: Environment variable `R_LIBS_USER` evaluates to an empty value
WARN: Environment variable `R_LIBS_SITE` evaluates to an empty value
WARN: Environment variable `R_LIBS_USER` evaluates to an empty value
WARN: Environment variable `R_LIBS_SITE` evaluates to an empty value
WARN: Environment variable `R_LIBS_USER` evaluates to an empty value
WARN: Environment variable `R_LIBS_SITE` evaluates to an empty value
WARN: Environment variable `R_LIBS_USER` evaluates to an empty value
WARN: Environment variable `R_LIBS_SITE` evaluates to an empty value
WARN: Environment variable `R_LIBS_USER` evaluates to an empty value
WARN: Environment variable `R_LIBS_SITE` evaluates to an empty value
WARN: Environment variable `R_LIBS_USER` evaluates to an empty value
WARN: Environment variable `R_LIBS_SITE` evaluates to an empty value
WARN: Environment variable `R_LIBS_USER` evaluates to an empty value
WARN: Environment variable `R_LIBS_SITE` evaluates to an empty value
WARN: Environment variable `R_LIBS_USER` evaluates to an empty value
WARN: Environment variable `R_LIBS_SITE` evaluates to an empty value
WARN: Environment variable `R_LIBS_USER` evaluates to an empty value
WARN: Environment variable `R_LIBS_SITE` evaluates to an empty value
WARN: Environment variable `R_LIBS_USER` evaluates to an empty value
WARN: Environment variable `R_LIBS_SITE` evaluates to an empty value
WARN: Environment variable `R_LIBS_USER` evaluates to an empty value
WARN: Environment variable `R_LIBS_SITE` evaluates to an empty value

executor >  local (71)
[ed/81d1aa] PRE_STAGE:PRE_STAGE_FILES      | 1 of 1 ✔
[c0/6e4e9a] REA…SSING:FASTQC (ERR11435646) | 6 of 6 ✔
[24/fa58fb] REA…CKSUM_VERIFY (ERR11435647) | 6 of 6 ✔
[02/2f1914] REA…:TRIM_GALORE (ERR11435646) | 6 of 6 ✔
[6c/75f357] PAR…8.dna.primary_assembly.fa) | 1 of 1 ✔
[5c/35cc2e] PAR…S_FQ2BAMMETH (ERR11435646) | 6 of 6 ✔
[97/06fa8b] PAR…MTOOLS_INDEX (ERR11435652) | 6 of 6 ✔
[d9/0fb992] PAR…SIS:QUALIMAP (ERR11435652) | 6 of 6 ✔
[fa/196521] PAR…8.dna.primary_assembly.fa) | 1 of 1 ✔
[8a/533ae7] PAR…CKEL_EXTRACT (ERR11435652) | 6 of 6 ✔
[48/fd6b30] DIF…METHYLATION:EDGER_ANALYSIS | 1 of 1 ✔
[43/30fdd5] DIF…e_sheet_twist_minimal.csv) | 1 of 1 ✔
[ac/94a151] DIF…L_METHYLATION:DSS_ANALYSIS | 1 of 1 ✔
[42/4acb24] RES…ANNOTATE_RESULTS_EDGER (1) | 1 of 1 ✔
[fe/23c52a] RES…:POST_PROCESSING_EDGER (1) | 1 of 1 ✔
[ec/cc6bde] RES…ICHMENT_ANALYSIS_EDGER (1) | 0 of 1
[d6/dbe92c] RES…T_PROCESSING_METHYLKIT (1) | 1 of 1 ✔
[8e/b765de] RES…ENT_ANALYSIS_METHYLKIT (1) | 1 of 1 ✔
[25/2f6d73] RES…S:ANNOTATE_RESULTS_DSS (1) | 1 of 1 ✔
[6e/7af50d] RES…IS:POST_PROCESSING_DSS (1) | 0 of 1
[6b/b6bd17] RES…NRICHMENT_ANALYSIS_DSS (1) | 0 of 1
[17/b767e5] CLI…S_vs_VD_sig_annotated.csv) | 3 of 3 ✔
[67/744021] CLI…S_vs_VD_sig_annotated.csv) | 3 of 3 ✔
[f6/4806dc] CLI…S_vs_VD_sig_annotated.csv) | 3 of 3 ✔
[23/96e545] CLI…S_vs_VD_sig_annotated.csv) | 2 of 3
[25/b35961] CLI…:DMR_DETAIL_PLOT (SLC17A1) | 0 of 1
[33/8d9115] CLI…RTING:PCA_PLOT (methylkit) | 0 of 1
[c6/627e52] CLI…:PATHVIEW_PLOT (methylkit) | 0 of 1
Plus 3 more processes waiting for tasks…
SUBMITTING TO ANALYSIS: [methylkit] /data/Jyotirmoy/JD/TwistMethylFlow-devel/MethylFlow/work/43/30fdd5e5b3d31035cdb4256fc520cc/MethylKit_CS_vs_VD.csv
WARN: Environment variable `R_LIBS_USER` evaluates to an empty value
WARN: Environment variable `R_LIBS_SITE` evaluates to an empty value
WARN: Environment variable `R_LIBS_USER` evaluates to an empty value
WARN: Environment variable `R_LIBS_SITE` evaluates to an empty value
WARN: Environment variable `R_LIBS_USER` evaluates to an empty value
WARN: Environment variable `R_LIBS_SITE` evaluates to an empty value
WARN: Environment variable `R_LIBS_USER` evaluates to an empty value
WARN: Environment variable `R_LIBS_SITE` evaluates to an empty value
WARN: Environment variable `R_LIBS_USER` evaluates to an empty value
WARN: Environment variable `R_LIBS_SITE` evaluates to an empty value
WARN: Environment variable `R_LIBS_USER` evaluates to an empty value
WARN: Environment variable `R_LIBS_SITE` evaluates to an empty value
WARN: Environment variable `R_LIBS_USER` evaluates to an empty value
WARN: Environment variable `R_LIBS_SITE` evaluates to an empty value
WARN: Environment variable `R_LIBS_USER` evaluates to an empty value
WARN: Environment variable `R_LIBS_SITE` evaluates to an empty value
WARN: Environment variable `R_LIBS_USER` evaluates to an empty value
WARN: Environment variable `R_LIBS_SITE` evaluates to an empty value
WARN: Environment variable `R_LIBS_USER` evaluates to an empty value
WARN: Environment variable `R_LIBS_SITE` evaluates to an empty value
WARN: Environment variable `R_LIBS_USER` evaluates to an empty value
WARN: Environment variable `R_LIBS_SITE` evaluates to an empty value
WARN: Environment variable `R_LIBS_USER` evaluates to an empty value
WARN: Environment variable `R_LIBS_SITE` evaluates to an empty value
WARN: Environment variable `R_LIBS_USER` evaluates to an empty value
WARN: Environment variable `R_LIBS_SITE` evaluates to an empty value
WARN: Environment variable `R_LIBS_USER` evaluates to an empty value
WARN: Environment variable `R_LIBS_SITE` evaluates to an empty value
WARN: Environment variable `R_LIBS_USER` evaluates to an empty value
WARN: Environment variable `R_LIBS_SITE` evaluates to an empty value
WARN: Environment variable `R_LIBS_USER` evaluates to an empty value
WARN: Environment variable `R_LIBS_SITE` evaluates to an empty value
WARN: Environment variable `R_LIBS_USER` evaluates to an empty value
WARN: Environment variable `R_LIBS_SITE` evaluates to an empty value
WARN: Environment variable `R_LIBS_USER` evaluates to an empty value
WARN: Environment variable `R_LIBS_SITE` evaluates to an empty value
WARN: Environment variable `R_LIBS_USER` evaluates to an empty value
WARN: Environment variable `R_LIBS_SITE` evaluates to an empty value
WARN: Environment variable `R_LIBS_USER` evaluates to an empty value
WARN: Environment variable `R_LIBS_SITE` evaluates to an empty value
WARN: Environment variable `R_LIBS_USER` evaluates to an empty value
WARN: Environment variable `R_LIBS_SITE` evaluates to an empty value
WARN: Environment variable `R_LIBS_USER` evaluates to an empty value
WARN: Environment variable `R_LIBS_SITE` evaluates to an empty value
WARN: Environment variable `R_LIBS_USER` evaluates to an empty value
WARN: Environment variable `R_LIBS_SITE` evaluates to an empty value

executor >  local (71)
[ed/81d1aa] PRE_STAGE:PRE_STAGE_FILES      | 1 of 1 ✔
[c0/6e4e9a] REA…SSING:FASTQC (ERR11435646) | 6 of 6 ✔
[24/fa58fb] REA…CKSUM_VERIFY (ERR11435647) | 6 of 6 ✔
[02/2f1914] REA…:TRIM_GALORE (ERR11435646) | 6 of 6 ✔
[6c/75f357] PAR…8.dna.primary_assembly.fa) | 1 of 1 ✔
[5c/35cc2e] PAR…S_FQ2BAMMETH (ERR11435646) | 6 of 6 ✔
[97/06fa8b] PAR…MTOOLS_INDEX (ERR11435652) | 6 of 6 ✔
[d9/0fb992] PAR…SIS:QUALIMAP (ERR11435652) | 6 of 6 ✔
[fa/196521] PAR…8.dna.primary_assembly.fa) | 1 of 1 ✔
[8a/533ae7] PAR…CKEL_EXTRACT (ERR11435652) | 6 of 6 ✔
[48/fd6b30] DIF…METHYLATION:EDGER_ANALYSIS | 1 of 1 ✔
[43/30fdd5] DIF…e_sheet_twist_minimal.csv) | 1 of 1 ✔
[ac/94a151] DIF…L_METHYLATION:DSS_ANALYSIS | 1 of 1 ✔
[42/4acb24] RES…ANNOTATE_RESULTS_EDGER (1) | 1 of 1 ✔
[fe/23c52a] RES…:POST_PROCESSING_EDGER (1) | 1 of 1 ✔
[ec/cc6bde] RES…ICHMENT_ANALYSIS_EDGER (1) | 0 of 1
[d6/dbe92c] RES…T_PROCESSING_METHYLKIT (1) | 1 of 1 ✔
[8e/b765de] RES…ENT_ANALYSIS_METHYLKIT (1) | 1 of 1 ✔
[25/2f6d73] RES…S:ANNOTATE_RESULTS_DSS (1) | 1 of 1 ✔
[6e/7af50d] RES…IS:POST_PROCESSING_DSS (1) | 0 of 1
[6b/b6bd17] RES…NRICHMENT_ANALYSIS_DSS (1) | 0 of 1
[17/b767e5] CLI…S_vs_VD_sig_annotated.csv) | 3 of 3 ✔
[67/744021] CLI…S_vs_VD_sig_annotated.csv) | 3 of 3 ✔
[f6/4806dc] CLI…S_vs_VD_sig_annotated.csv) | 3 of 3 ✔
[23/96e545] CLI…S_vs_VD_sig_annotated.csv) | 3 of 3 ✔
[25/b35961] CLI…:DMR_DETAIL_PLOT (SLC17A1) | 0 of 1
[33/8d9115] CLI…RTING:PCA_PLOT (methylkit) | 0 of 1
[c6/627e52] CLI…:PATHVIEW_PLOT (methylkit) | 0 of 1
Plus 3 more processes waiting for tasks…
SUBMITTING TO ANALYSIS: [methylkit] /data/Jyotirmoy/JD/TwistMethylFlow-devel/MethylFlow/work/43/30fdd5e5b3d31035cdb4256fc520cc/MethylKit_CS_vs_VD.csv
WARN: Environment variable `R_LIBS_USER` evaluates to an empty value
WARN: Environment variable `R_LIBS_SITE` evaluates to an empty value
WARN: Environment variable `R_LIBS_USER` evaluates to an empty value
WARN: Environment variable `R_LIBS_SITE` evaluates to an empty value
WARN: Environment variable `R_LIBS_USER` evaluates to an empty value
WARN: Environment variable `R_LIBS_SITE` evaluates to an empty value
WARN: Environment variable `R_LIBS_USER` evaluates to an empty value
WARN: Environment variable `R_LIBS_SITE` evaluates to an empty value
WARN: Environment variable `R_LIBS_USER` evaluates to an empty value
WARN: Environment variable `R_LIBS_SITE` evaluates to an empty value
WARN: Environment variable `R_LIBS_USER` evaluates to an empty value
WARN: Environment variable `R_LIBS_SITE` evaluates to an empty value
WARN: Environment variable `R_LIBS_USER` evaluates to an empty value
WARN: Environment variable `R_LIBS_SITE` evaluates to an empty value
WARN: Environment variable `R_LIBS_USER` evaluates to an empty value
WARN: Environment variable `R_LIBS_SITE` evaluates to an empty value
WARN: Environment variable `R_LIBS_USER` evaluates to an empty value
WARN: Environment variable `R_LIBS_SITE` evaluates to an empty value
WARN: Environment variable `R_LIBS_USER` evaluates to an empty value
WARN: Environment variable `R_LIBS_SITE` evaluates to an empty value
WARN: Environment variable `R_LIBS_USER` evaluates to an empty value
WARN: Environment variable `R_LIBS_SITE` evaluates to an empty value
WARN: Environment variable `R_LIBS_USER` evaluates to an empty value
WARN: Environment variable `R_LIBS_SITE` evaluates to an empty value
WARN: Environment variable `R_LIBS_USER` evaluates to an empty value
WARN: Environment variable `R_LIBS_SITE` evaluates to an empty value
WARN: Environment variable `R_LIBS_USER` evaluates to an empty value
WARN: Environment variable `R_LIBS_SITE` evaluates to an empty value
WARN: Environment variable `R_LIBS_USER` evaluates to an empty value
WARN: Environment variable `R_LIBS_SITE` evaluates to an empty value
WARN: Environment variable `R_LIBS_USER` evaluates to an empty value
WARN: Environment variable `R_LIBS_SITE` evaluates to an empty value
WARN: Environment variable `R_LIBS_USER` evaluates to an empty value
WARN: Environment variable `R_LIBS_SITE` evaluates to an empty value
WARN: Environment variable `R_LIBS_USER` evaluates to an empty value
WARN: Environment variable `R_LIBS_SITE` evaluates to an empty value
WARN: Environment variable `R_LIBS_USER` evaluates to an empty value
WARN: Environment variable `R_LIBS_SITE` evaluates to an empty value
WARN: Environment variable `R_LIBS_USER` evaluates to an empty value
WARN: Environment variable `R_LIBS_SITE` evaluates to an empty value
WARN: Environment variable `R_LIBS_USER` evaluates to an empty value
WARN: Environment variable `R_LIBS_SITE` evaluates to an empty value
WARN: Environment variable `R_LIBS_USER` evaluates to an empty value
WARN: Environment variable `R_LIBS_SITE` evaluates to an empty value
WARN: Environment variable `R_LIBS_USER` evaluates to an empty value
WARN: Environment variable `R_LIBS_SITE` evaluates to an empty value

executor >  local (71)
[ed/81d1aa] PRE_STAGE:PRE_STAGE_FILES      | 1 of 1 ✔
[c0/6e4e9a] REA…SSING:FASTQC (ERR11435646) | 6 of 6 ✔
[24/fa58fb] REA…CKSUM_VERIFY (ERR11435647) | 6 of 6 ✔
[02/2f1914] REA…:TRIM_GALORE (ERR11435646) | 6 of 6 ✔
[6c/75f357] PAR…8.dna.primary_assembly.fa) | 1 of 1 ✔
[5c/35cc2e] PAR…S_FQ2BAMMETH (ERR11435646) | 6 of 6 ✔
[97/06fa8b] PAR…MTOOLS_INDEX (ERR11435652) | 6 of 6 ✔
[d9/0fb992] PAR…SIS:QUALIMAP (ERR11435652) | 6 of 6 ✔
[fa/196521] PAR…8.dna.primary_assembly.fa) | 1 of 1 ✔
[8a/533ae7] PAR…CKEL_EXTRACT (ERR11435652) | 6 of 6 ✔
[48/fd6b30] DIF…METHYLATION:EDGER_ANALYSIS | 1 of 1 ✔
[43/30fdd5] DIF…e_sheet_twist_minimal.csv) | 1 of 1 ✔
[ac/94a151] DIF…L_METHYLATION:DSS_ANALYSIS | 1 of 1 ✔
[42/4acb24] RES…ANNOTATE_RESULTS_EDGER (1) | 1 of 1 ✔
[fe/23c52a] RES…:POST_PROCESSING_EDGER (1) | 1 of 1 ✔
[ec/cc6bde] RES…ICHMENT_ANALYSIS_EDGER (1) | 0 of 1
[d6/dbe92c] RES…T_PROCESSING_METHYLKIT (1) | 1 of 1 ✔
[8e/b765de] RES…ENT_ANALYSIS_METHYLKIT (1) | 1 of 1 ✔
[25/2f6d73] RES…S:ANNOTATE_RESULTS_DSS (1) | 1 of 1 ✔
[6e/7af50d] RES…IS:POST_PROCESSING_DSS (1) | 1 of 1 ✔
[6b/b6bd17] RES…NRICHMENT_ANALYSIS_DSS (1) | 0 of 1
[17/b767e5] CLI…S_vs_VD_sig_annotated.csv) | 3 of 3 ✔
[67/744021] CLI…S_vs_VD_sig_annotated.csv) | 3 of 3 ✔
[f6/4806dc] CLI…S_vs_VD_sig_annotated.csv) | 3 of 3 ✔
[23/96e545] CLI…S_vs_VD_sig_annotated.csv) | 3 of 3 ✔
[25/b35961] CLI…:DMR_DETAIL_PLOT (SLC17A1) | 0 of 1
[33/8d9115] CLI…RTING:PCA_PLOT (methylkit) | 0 of 1
[c6/627e52] CLI…:PATHVIEW_PLOT (methylkit) | 0 of 1
Plus 3 more processes waiting for tasks…
SUBMITTING TO ANALYSIS: [methylkit] /data/Jyotirmoy/JD/TwistMethylFlow-devel/MethylFlow/work/43/30fdd5e5b3d31035cdb4256fc520cc/MethylKit_CS_vs_VD.csv
WARN: Environment variable `R_LIBS_USER` evaluates to an empty value
WARN: Environment variable `R_LIBS_SITE` evaluates to an empty value
WARN: Environment variable `R_LIBS_USER` evaluates to an empty value
WARN: Environment variable `R_LIBS_SITE` evaluates to an empty value
WARN: Environment variable `R_LIBS_USER` evaluates to an empty value
WARN: Environment variable `R_LIBS_SITE` evaluates to an empty value
WARN: Environment variable `R_LIBS_USER` evaluates to an empty value
WARN: Environment variable `R_LIBS_SITE` evaluates to an empty value
WARN: Environment variable `R_LIBS_USER` evaluates to an empty value
WARN: Environment variable `R_LIBS_SITE` evaluates to an empty value
WARN: Environment variable `R_LIBS_USER` evaluates to an empty value
WARN: Environment variable `R_LIBS_SITE` evaluates to an empty value
WARN: Environment variable `R_LIBS_USER` evaluates to an empty value
WARN: Environment variable `R_LIBS_SITE` evaluates to an empty value
WARN: Environment variable `R_LIBS_USER` evaluates to an empty value
WARN: Environment variable `R_LIBS_SITE` evaluates to an empty value
WARN: Environment variable `R_LIBS_USER` evaluates to an empty value
WARN: Environment variable `R_LIBS_SITE` evaluates to an empty value
WARN: Environment variable `R_LIBS_USER` evaluates to an empty value
WARN: Environment variable `R_LIBS_SITE` evaluates to an empty value
WARN: Environment variable `R_LIBS_USER` evaluates to an empty value
WARN: Environment variable `R_LIBS_SITE` evaluates to an empty value
WARN: Environment variable `R_LIBS_USER` evaluates to an empty value
WARN: Environment variable `R_LIBS_SITE` evaluates to an empty value
WARN: Environment variable `R_LIBS_USER` evaluates to an empty value
WARN: Environment variable `R_LIBS_SITE` evaluates to an empty value
WARN: Environment variable `R_LIBS_USER` evaluates to an empty value
WARN: Environment variable `R_LIBS_SITE` evaluates to an empty value
WARN: Environment variable `R_LIBS_USER` evaluates to an empty value
WARN: Environment variable `R_LIBS_SITE` evaluates to an empty value
WARN: Environment variable `R_LIBS_USER` evaluates to an empty value
WARN: Environment variable `R_LIBS_SITE` evaluates to an empty value
WARN: Environment variable `R_LIBS_USER` evaluates to an empty value
WARN: Environment variable `R_LIBS_SITE` evaluates to an empty value
WARN: Environment variable `R_LIBS_USER` evaluates to an empty value
WARN: Environment variable `R_LIBS_SITE` evaluates to an empty value
WARN: Environment variable `R_LIBS_USER` evaluates to an empty value
WARN: Environment variable `R_LIBS_SITE` evaluates to an empty value
WARN: Environment variable `R_LIBS_USER` evaluates to an empty value
WARN: Environment variable `R_LIBS_SITE` evaluates to an empty value
WARN: Environment variable `R_LIBS_USER` evaluates to an empty value
WARN: Environment variable `R_LIBS_SITE` evaluates to an empty value
WARN: Environment variable `R_LIBS_USER` evaluates to an empty value
WARN: Environment variable `R_LIBS_SITE` evaluates to an empty value
WARN: Environment variable `R_LIBS_USER` evaluates to an empty value
WARN: Environment variable `R_LIBS_SITE` evaluates to an empty value

executor >  local (71)
[ed/81d1aa] PRE_STAGE:PRE_STAGE_FILES      | 1 of 1 ✔
[c0/6e4e9a] REA…SSING:FASTQC (ERR11435646) | 6 of 6 ✔
[24/fa58fb] REA…CKSUM_VERIFY (ERR11435647) | 6 of 6 ✔
[02/2f1914] REA…:TRIM_GALORE (ERR11435646) | 6 of 6 ✔
[6c/75f357] PAR…8.dna.primary_assembly.fa) | 1 of 1 ✔
[5c/35cc2e] PAR…S_FQ2BAMMETH (ERR11435646) | 6 of 6 ✔
[97/06fa8b] PAR…MTOOLS_INDEX (ERR11435652) | 6 of 6 ✔
[d9/0fb992] PAR…SIS:QUALIMAP (ERR11435652) | 6 of 6 ✔
[fa/196521] PAR…8.dna.primary_assembly.fa) | 1 of 1 ✔
[8a/533ae7] PAR…CKEL_EXTRACT (ERR11435652) | 6 of 6 ✔
[48/fd6b30] DIF…METHYLATION:EDGER_ANALYSIS | 1 of 1 ✔
[43/30fdd5] DIF…e_sheet_twist_minimal.csv) | 1 of 1 ✔
[ac/94a151] DIF…L_METHYLATION:DSS_ANALYSIS | 1 of 1 ✔
[42/4acb24] RES…ANNOTATE_RESULTS_EDGER (1) | 1 of 1 ✔
[fe/23c52a] RES…:POST_PROCESSING_EDGER (1) | 1 of 1 ✔
[ec/cc6bde] RES…ICHMENT_ANALYSIS_EDGER (1) | 0 of 1
[d6/dbe92c] RES…T_PROCESSING_METHYLKIT (1) | 1 of 1 ✔
[8e/b765de] RES…ENT_ANALYSIS_METHYLKIT (1) | 1 of 1 ✔
[25/2f6d73] RES…S:ANNOTATE_RESULTS_DSS (1) | 1 of 1 ✔
[6e/7af50d] RES…IS:POST_PROCESSING_DSS (1) | 1 of 1 ✔
[6b/b6bd17] RES…NRICHMENT_ANALYSIS_DSS (1) | 0 of 1
[17/b767e5] CLI…S_vs_VD_sig_annotated.csv) | 3 of 3 ✔
[67/744021] CLI…S_vs_VD_sig_annotated.csv) | 3 of 3 ✔
[f6/4806dc] CLI…S_vs_VD_sig_annotated.csv) | 3 of 3 ✔
[23/96e545] CLI…S_vs_VD_sig_annotated.csv) | 3 of 3 ✔
[25/b35961] CLI…:DMR_DETAIL_PLOT (SLC17A1) | 0 of 1
[33/8d9115] CLI…RTING:PCA_PLOT (methylkit) | 0 of 1
[c6/627e52] CLI…:PATHVIEW_PLOT (methylkit) | 1 of 1 ✔
Plus 3 more processes waiting for tasks…
SUBMITTING TO ANALYSIS: [methylkit] /data/Jyotirmoy/JD/TwistMethylFlow-devel/MethylFlow/work/43/30fdd5e5b3d31035cdb4256fc520cc/MethylKit_CS_vs_VD.csv
WARN: Environment variable `R_LIBS_USER` evaluates to an empty value
WARN: Environment variable `R_LIBS_SITE` evaluates to an empty value
WARN: Environment variable `R_LIBS_USER` evaluates to an empty value
WARN: Environment variable `R_LIBS_SITE` evaluates to an empty value
WARN: Environment variable `R_LIBS_USER` evaluates to an empty value
WARN: Environment variable `R_LIBS_SITE` evaluates to an empty value
WARN: Environment variable `R_LIBS_USER` evaluates to an empty value
WARN: Environment variable `R_LIBS_SITE` evaluates to an empty value
WARN: Environment variable `R_LIBS_USER` evaluates to an empty value
WARN: Environment variable `R_LIBS_SITE` evaluates to an empty value
WARN: Environment variable `R_LIBS_USER` evaluates to an empty value
WARN: Environment variable `R_LIBS_SITE` evaluates to an empty value
WARN: Environment variable `R_LIBS_USER` evaluates to an empty value
WARN: Environment variable `R_LIBS_SITE` evaluates to an empty value
WARN: Environment variable `R_LIBS_USER` evaluates to an empty value
WARN: Environment variable `R_LIBS_SITE` evaluates to an empty value
WARN: Environment variable `R_LIBS_USER` evaluates to an empty value
WARN: Environment variable `R_LIBS_SITE` evaluates to an empty value
WARN: Environment variable `R_LIBS_USER` evaluates to an empty value
WARN: Environment variable `R_LIBS_SITE` evaluates to an empty value
WARN: Environment variable `R_LIBS_USER` evaluates to an empty value
WARN: Environment variable `R_LIBS_SITE` evaluates to an empty value
WARN: Environment variable `R_LIBS_USER` evaluates to an empty value
WARN: Environment variable `R_LIBS_SITE` evaluates to an empty value
WARN: Environment variable `R_LIBS_USER` evaluates to an empty value
WARN: Environment variable `R_LIBS_SITE` evaluates to an empty value
WARN: Environment variable `R_LIBS_USER` evaluates to an empty value
WARN: Environment variable `R_LIBS_SITE` evaluates to an empty value
WARN: Environment variable `R_LIBS_USER` evaluates to an empty value
WARN: Environment variable `R_LIBS_SITE` evaluates to an empty value
WARN: Environment variable `R_LIBS_USER` evaluates to an empty value
WARN: Environment variable `R_LIBS_SITE` evaluates to an empty value
WARN: Environment variable `R_LIBS_USER` evaluates to an empty value
WARN: Environment variable `R_LIBS_SITE` evaluates to an empty value
WARN: Environment variable `R_LIBS_USER` evaluates to an empty value
WARN: Environment variable `R_LIBS_SITE` evaluates to an empty value
WARN: Environment variable `R_LIBS_USER` evaluates to an empty value
WARN: Environment variable `R_LIBS_SITE` evaluates to an empty value
WARN: Environment variable `R_LIBS_USER` evaluates to an empty value
WARN: Environment variable `R_LIBS_SITE` evaluates to an empty value
WARN: Environment variable `R_LIBS_USER` evaluates to an empty value
WARN: Environment variable `R_LIBS_SITE` evaluates to an empty value
WARN: Environment variable `R_LIBS_USER` evaluates to an empty value
WARN: Environment variable `R_LIBS_SITE` evaluates to an empty value
WARN: Environment variable `R_LIBS_USER` evaluates to an empty value
WARN: Environment variable `R_LIBS_SITE` evaluates to an empty value

executor >  local (71)
[ed/81d1aa] PRE_STAGE:PRE_STAGE_FILES      | 1 of 1 ✔
[c0/6e4e9a] REA…SSING:FASTQC (ERR11435646) | 6 of 6 ✔
[24/fa58fb] REA…CKSUM_VERIFY (ERR11435647) | 6 of 6 ✔
[02/2f1914] REA…:TRIM_GALORE (ERR11435646) | 6 of 6 ✔
[6c/75f357] PAR…8.dna.primary_assembly.fa) | 1 of 1 ✔
[5c/35cc2e] PAR…S_FQ2BAMMETH (ERR11435646) | 6 of 6 ✔
[97/06fa8b] PAR…MTOOLS_INDEX (ERR11435652) | 6 of 6 ✔
[d9/0fb992] PAR…SIS:QUALIMAP (ERR11435652) | 6 of 6 ✔
[fa/196521] PAR…8.dna.primary_assembly.fa) | 1 of 1 ✔
[8a/533ae7] PAR…CKEL_EXTRACT (ERR11435652) | 6 of 6 ✔
[48/fd6b30] DIF…METHYLATION:EDGER_ANALYSIS | 1 of 1 ✔
[43/30fdd5] DIF…e_sheet_twist_minimal.csv) | 1 of 1 ✔
[ac/94a151] DIF…L_METHYLATION:DSS_ANALYSIS | 1 of 1 ✔
[42/4acb24] RES…ANNOTATE_RESULTS_EDGER (1) | 1 of 1 ✔
[fe/23c52a] RES…:POST_PROCESSING_EDGER (1) | 1 of 1 ✔
[ec/cc6bde] RES…ICHMENT_ANALYSIS_EDGER (1) | 1 of 1 ✔
[d6/dbe92c] RES…T_PROCESSING_METHYLKIT (1) | 1 of 1 ✔
[8e/b765de] RES…ENT_ANALYSIS_METHYLKIT (1) | 1 of 1 ✔
[25/2f6d73] RES…S:ANNOTATE_RESULTS_DSS (1) | 1 of 1 ✔
[6e/7af50d] RES…IS:POST_PROCESSING_DSS (1) | 1 of 1 ✔
[6b/b6bd17] RES…NRICHMENT_ANALYSIS_DSS (1) | 0 of 1
[17/b767e5] CLI…S_vs_VD_sig_annotated.csv) | 3 of 3 ✔
[67/744021] CLI…S_vs_VD_sig_annotated.csv) | 3 of 3 ✔
[f6/4806dc] CLI…S_vs_VD_sig_annotated.csv) | 3 of 3 ✔
[23/96e545] CLI…S_vs_VD_sig_annotated.csv) | 3 of 3 ✔
[25/b35961] CLI…:DMR_DETAIL_PLOT (SLC17A1) | 0 of 1
[33/8d9115] CLI…RTING:PCA_PLOT (methylkit) | 0 of 1
[c6/627e52] CLI…:PATHVIEW_PLOT (methylkit) | 1 of 1 ✔
Plus 3 more processes waiting for tasks…
SUBMITTING TO ANALYSIS: [methylkit] /data/Jyotirmoy/JD/TwistMethylFlow-devel/MethylFlow/work/43/30fdd5e5b3d31035cdb4256fc520cc/MethylKit_CS_vs_VD.csv
WARN: Environment variable `R_LIBS_USER` evaluates to an empty value
WARN: Environment variable `R_LIBS_SITE` evaluates to an empty value
WARN: Environment variable `R_LIBS_USER` evaluates to an empty value
WARN: Environment variable `R_LIBS_SITE` evaluates to an empty value
WARN: Environment variable `R_LIBS_USER` evaluates to an empty value
WARN: Environment variable `R_LIBS_SITE` evaluates to an empty value
WARN: Environment variable `R_LIBS_USER` evaluates to an empty value
WARN: Environment variable `R_LIBS_SITE` evaluates to an empty value
WARN: Environment variable `R_LIBS_USER` evaluates to an empty value
WARN: Environment variable `R_LIBS_SITE` evaluates to an empty value
WARN: Environment variable `R_LIBS_USER` evaluates to an empty value
WARN: Environment variable `R_LIBS_SITE` evaluates to an empty value
WARN: Environment variable `R_LIBS_USER` evaluates to an empty value
WARN: Environment variable `R_LIBS_SITE` evaluates to an empty value
WARN: Environment variable `R_LIBS_USER` evaluates to an empty value
WARN: Environment variable `R_LIBS_SITE` evaluates to an empty value
WARN: Environment variable `R_LIBS_USER` evaluates to an empty value
WARN: Environment variable `R_LIBS_SITE` evaluates to an empty value
WARN: Environment variable `R_LIBS_USER` evaluates to an empty value
WARN: Environment variable `R_LIBS_SITE` evaluates to an empty value
WARN: Environment variable `R_LIBS_USER` evaluates to an empty value
WARN: Environment variable `R_LIBS_SITE` evaluates to an empty value
WARN: Environment variable `R_LIBS_USER` evaluates to an empty value
WARN: Environment variable `R_LIBS_SITE` evaluates to an empty value
WARN: Environment variable `R_LIBS_USER` evaluates to an empty value
WARN: Environment variable `R_LIBS_SITE` evaluates to an empty value
WARN: Environment variable `R_LIBS_USER` evaluates to an empty value
WARN: Environment variable `R_LIBS_SITE` evaluates to an empty value
WARN: Environment variable `R_LIBS_USER` evaluates to an empty value
WARN: Environment variable `R_LIBS_SITE` evaluates to an empty value
WARN: Environment variable `R_LIBS_USER` evaluates to an empty value
WARN: Environment variable `R_LIBS_SITE` evaluates to an empty value
WARN: Environment variable `R_LIBS_USER` evaluates to an empty value
WARN: Environment variable `R_LIBS_SITE` evaluates to an empty value
WARN: Environment variable `R_LIBS_USER` evaluates to an empty value
WARN: Environment variable `R_LIBS_SITE` evaluates to an empty value
WARN: Environment variable `R_LIBS_USER` evaluates to an empty value
WARN: Environment variable `R_LIBS_SITE` evaluates to an empty value
WARN: Environment variable `R_LIBS_USER` evaluates to an empty value
WARN: Environment variable `R_LIBS_SITE` evaluates to an empty value
WARN: Environment variable `R_LIBS_USER` evaluates to an empty value
WARN: Environment variable `R_LIBS_SITE` evaluates to an empty value
WARN: Environment variable `R_LIBS_USER` evaluates to an empty value
WARN: Environment variable `R_LIBS_SITE` evaluates to an empty value
WARN: Environment variable `R_LIBS_USER` evaluates to an empty value
WARN: Environment variable `R_LIBS_SITE` evaluates to an empty value

executor >  local (71)
[ed/81d1aa] PRE_STAGE:PRE_STAGE_FILES      | 1 of 1 ✔
[c0/6e4e9a] REA…SSING:FASTQC (ERR11435646) | 6 of 6 ✔
[24/fa58fb] REA…CKSUM_VERIFY (ERR11435647) | 6 of 6 ✔
[02/2f1914] REA…:TRIM_GALORE (ERR11435646) | 6 of 6 ✔
[6c/75f357] PAR…8.dna.primary_assembly.fa) | 1 of 1 ✔
[5c/35cc2e] PAR…S_FQ2BAMMETH (ERR11435646) | 6 of 6 ✔
[97/06fa8b] PAR…MTOOLS_INDEX (ERR11435652) | 6 of 6 ✔
[d9/0fb992] PAR…SIS:QUALIMAP (ERR11435652) | 6 of 6 ✔
[fa/196521] PAR…8.dna.primary_assembly.fa) | 1 of 1 ✔
[8a/533ae7] PAR…CKEL_EXTRACT (ERR11435652) | 6 of 6 ✔
[48/fd6b30] DIF…METHYLATION:EDGER_ANALYSIS | 1 of 1 ✔
[43/30fdd5] DIF…e_sheet_twist_minimal.csv) | 1 of 1 ✔
[ac/94a151] DIF…L_METHYLATION:DSS_ANALYSIS | 1 of 1 ✔
[42/4acb24] RES…ANNOTATE_RESULTS_EDGER (1) | 1 of 1 ✔
[fe/23c52a] RES…:POST_PROCESSING_EDGER (1) | 1 of 1 ✔
[ec/cc6bde] RES…ICHMENT_ANALYSIS_EDGER (1) | 1 of 1 ✔
[d6/dbe92c] RES…T_PROCESSING_METHYLKIT (1) | 1 of 1 ✔
[8e/b765de] RES…ENT_ANALYSIS_METHYLKIT (1) | 1 of 1 ✔
[25/2f6d73] RES…S:ANNOTATE_RESULTS_DSS (1) | 1 of 1 ✔
[6e/7af50d] RES…IS:POST_PROCESSING_DSS (1) | 1 of 1 ✔
[6b/b6bd17] RES…NRICHMENT_ANALYSIS_DSS (1) | 1 of 1 ✔
[17/b767e5] CLI…S_vs_VD_sig_annotated.csv) | 3 of 3 ✔
[67/744021] CLI…S_vs_VD_sig_annotated.csv) | 3 of 3 ✔
[f6/4806dc] CLI…S_vs_VD_sig_annotated.csv) | 3 of 3 ✔
[23/96e545] CLI…S_vs_VD_sig_annotated.csv) | 3 of 3 ✔
[25/b35961] CLI…:DMR_DETAIL_PLOT (SLC17A1) | 0 of 1
[33/8d9115] CLI…RTING:PCA_PLOT (methylkit) | 0 of 1
[c6/627e52] CLI…:PATHVIEW_PLOT (methylkit) | 1 of 1 ✔
Plus 3 more processes waiting for tasks…
SUBMITTING TO ANALYSIS: [methylkit] /data/Jyotirmoy/JD/TwistMethylFlow-devel/MethylFlow/work/43/30fdd5e5b3d31035cdb4256fc520cc/MethylKit_CS_vs_VD.csv
WARN: Environment variable `R_LIBS_USER` evaluates to an empty value
WARN: Environment variable `R_LIBS_SITE` evaluates to an empty value
WARN: Environment variable `R_LIBS_USER` evaluates to an empty value
WARN: Environment variable `R_LIBS_SITE` evaluates to an empty value
WARN: Environment variable `R_LIBS_USER` evaluates to an empty value
WARN: Environment variable `R_LIBS_SITE` evaluates to an empty value
WARN: Environment variable `R_LIBS_USER` evaluates to an empty value
WARN: Environment variable `R_LIBS_SITE` evaluates to an empty value
WARN: Environment variable `R_LIBS_USER` evaluates to an empty value
WARN: Environment variable `R_LIBS_SITE` evaluates to an empty value
WARN: Environment variable `R_LIBS_USER` evaluates to an empty value
WARN: Environment variable `R_LIBS_SITE` evaluates to an empty value
WARN: Environment variable `R_LIBS_USER` evaluates to an empty value
WARN: Environment variable `R_LIBS_SITE` evaluates to an empty value
WARN: Environment variable `R_LIBS_USER` evaluates to an empty value
WARN: Environment variable `R_LIBS_SITE` evaluates to an empty value
WARN: Environment variable `R_LIBS_USER` evaluates to an empty value
WARN: Environment variable `R_LIBS_SITE` evaluates to an empty value
WARN: Environment variable `R_LIBS_USER` evaluates to an empty value
WARN: Environment variable `R_LIBS_SITE` evaluates to an empty value
WARN: Environment variable `R_LIBS_USER` evaluates to an empty value
WARN: Environment variable `R_LIBS_SITE` evaluates to an empty value
WARN: Environment variable `R_LIBS_USER` evaluates to an empty value
WARN: Environment variable `R_LIBS_SITE` evaluates to an empty value
WARN: Environment variable `R_LIBS_USER` evaluates to an empty value
WARN: Environment variable `R_LIBS_SITE` evaluates to an empty value
WARN: Environment variable `R_LIBS_USER` evaluates to an empty value
WARN: Environment variable `R_LIBS_SITE` evaluates to an empty value
WARN: Environment variable `R_LIBS_USER` evaluates to an empty value
WARN: Environment variable `R_LIBS_SITE` evaluates to an empty value
WARN: Environment variable `R_LIBS_USER` evaluates to an empty value
WARN: Environment variable `R_LIBS_SITE` evaluates to an empty value
WARN: Environment variable `R_LIBS_USER` evaluates to an empty value
WARN: Environment variable `R_LIBS_SITE` evaluates to an empty value
WARN: Environment variable `R_LIBS_USER` evaluates to an empty value
WARN: Environment variable `R_LIBS_SITE` evaluates to an empty value
WARN: Environment variable `R_LIBS_USER` evaluates to an empty value
WARN: Environment variable `R_LIBS_SITE` evaluates to an empty value
WARN: Environment variable `R_LIBS_USER` evaluates to an empty value
WARN: Environment variable `R_LIBS_SITE` evaluates to an empty value
WARN: Environment variable `R_LIBS_USER` evaluates to an empty value
WARN: Environment variable `R_LIBS_SITE` evaluates to an empty value
WARN: Environment variable `R_LIBS_USER` evaluates to an empty value
WARN: Environment variable `R_LIBS_SITE` evaluates to an empty value
WARN: Environment variable `R_LIBS_USER` evaluates to an empty value
WARN: Environment variable `R_LIBS_SITE` evaluates to an empty value

executor >  local (71)
[ed/81d1aa] PRE_STAGE:PRE_STAGE_FILES      | 1 of 1 ✔
[c0/6e4e9a] REA…SSING:FASTQC (ERR11435646) | 6 of 6 ✔
[24/fa58fb] REA…CKSUM_VERIFY (ERR11435647) | 6 of 6 ✔
[02/2f1914] REA…:TRIM_GALORE (ERR11435646) | 6 of 6 ✔
[6c/75f357] PAR…8.dna.primary_assembly.fa) | 1 of 1 ✔
[5c/35cc2e] PAR…S_FQ2BAMMETH (ERR11435646) | 6 of 6 ✔
[97/06fa8b] PAR…MTOOLS_INDEX (ERR11435652) | 6 of 6 ✔
[d9/0fb992] PAR…SIS:QUALIMAP (ERR11435652) | 6 of 6 ✔
[fa/196521] PAR…8.dna.primary_assembly.fa) | 1 of 1 ✔
[8a/533ae7] PAR…CKEL_EXTRACT (ERR11435652) | 6 of 6 ✔
[48/fd6b30] DIF…METHYLATION:EDGER_ANALYSIS | 1 of 1 ✔
[43/30fdd5] DIF…e_sheet_twist_minimal.csv) | 1 of 1 ✔
[ac/94a151] DIF…L_METHYLATION:DSS_ANALYSIS | 1 of 1 ✔
[42/4acb24] RES…ANNOTATE_RESULTS_EDGER (1) | 1 of 1 ✔
[fe/23c52a] RES…:POST_PROCESSING_EDGER (1) | 1 of 1 ✔
[ec/cc6bde] RES…ICHMENT_ANALYSIS_EDGER (1) | 1 of 1 ✔
[d6/dbe92c] RES…T_PROCESSING_METHYLKIT (1) | 1 of 1 ✔
[8e/b765de] RES…ENT_ANALYSIS_METHYLKIT (1) | 1 of 1 ✔
[25/2f6d73] RES…S:ANNOTATE_RESULTS_DSS (1) | 1 of 1 ✔
[6e/7af50d] RES…IS:POST_PROCESSING_DSS (1) | 1 of 1 ✔
[6b/b6bd17] RES…NRICHMENT_ANALYSIS_DSS (1) | 1 of 1 ✔
[17/b767e5] CLI…S_vs_VD_sig_annotated.csv) | 3 of 3 ✔
[67/744021] CLI…S_vs_VD_sig_annotated.csv) | 3 of 3 ✔
[f6/4806dc] CLI…S_vs_VD_sig_annotated.csv) | 3 of 3 ✔
[23/96e545] CLI…S_vs_VD_sig_annotated.csv) | 3 of 3 ✔
[25/b35961] CLI…:DMR_DETAIL_PLOT (SLC17A1) | 0 of 1
[33/8d9115] CLI…RTING:PCA_PLOT (methylkit) | 1 of 1 ✔
[c6/627e52] CLI…:PATHVIEW_PLOT (methylkit) | 1 of 1 ✔
Plus 3 more processes waiting for tasks…
















































executor >  local (71)
[ed/81d1aa] PRE_STAGE:PRE_STAGE_FILES      | 1 of 1 ✔
[c0/6e4e9a] REA…SSING:FASTQC (ERR11435646) | 6 of 6 ✔
[24/fa58fb] REA…CKSUM_VERIFY (ERR11435647) | 6 of 6 ✔
[02/2f1914] REA…:TRIM_GALORE (ERR11435646) | 6 of 6 ✔
[6c/75f357] PAR…8.dna.primary_assembly.fa) | 1 of 1 ✔
[5c/35cc2e] PAR…S_FQ2BAMMETH (ERR11435646) | 6 of 6 ✔
[97/06fa8b] PAR…MTOOLS_INDEX (ERR11435652) | 6 of 6 ✔
[d9/0fb992] PAR…SIS:QUALIMAP (ERR11435652) | 6 of 6 ✔
[fa/196521] PAR…8.dna.primary_assembly.fa) | 1 of 1 ✔
[8a/533ae7] PAR…CKEL_EXTRACT (ERR11435652) | 6 of 6 ✔
[48/fd6b30] DIF…METHYLATION:EDGER_ANALYSIS | 1 of 1 ✔
[43/30fdd5] DIF…e_sheet_twist_minimal.csv) | 1 of 1 ✔
[ac/94a151] DIF…L_METHYLATION:DSS_ANALYSIS | 1 of 1 ✔
[42/4acb24] RES…ANNOTATE_RESULTS_EDGER (1) | 1 of 1 ✔
[fe/23c52a] RES…:POST_PROCESSING_EDGER (1) | 1 of 1 ✔
[ec/cc6bde] RES…ICHMENT_ANALYSIS_EDGER (1) | 1 of 1 ✔
[d6/dbe92c] RES…T_PROCESSING_METHYLKIT (1) | 1 of 1 ✔
[8e/b765de] RES…ENT_ANALYSIS_METHYLKIT (1) | 1 of 1 ✔
[25/2f6d73] RES…S:ANNOTATE_RESULTS_DSS (1) | 1 of 1 ✔
[6e/7af50d] RES…IS:POST_PROCESSING_DSS (1) | 1 of 1 ✔
[6b/b6bd17] RES…NRICHMENT_ANALYSIS_DSS (1) | 1 of 1 ✔
[17/b767e5] CLI…S_vs_VD_sig_annotated.csv) | 3 of 3 ✔
[67/744021] CLI…S_vs_VD_sig_annotated.csv) | 3 of 3 ✔
[f6/4806dc] CLI…S_vs_VD_sig_annotated.csv) | 3 of 3 ✔
[23/96e545] CLI…S_vs_VD_sig_annotated.csv) | 3 of 3 ✔
[25/b35961] CLI…:DMR_DETAIL_PLOT (SLC17A1) | 1 of 1 ✔
[33/8d9115] CLI…RTING:PCA_PLOT (methylkit) | 1 of 1 ✔
[c6/627e52] CLI…:PATHVIEW_PLOT (methylkit) | 1 of 1 ✔
[-        ] QC_REPORTING:MULTIQC           | 0 of 1
Plus 2 more processes waiting for tasks…
WARN: Environment variable `R_LIBS_USER` evaluates to an empty value
WARN: Environment variable `R_LIBS_SITE` evaluates to an empty value













































executor >  local (72)
[ed/81d1aa] PRE_STAGE:PRE_STAGE_FILES      | 1 of 1 ✔
[c0/6e4e9a] REA…SSING:FASTQC (ERR11435646) | 6 of 6 ✔
[24/fa58fb] REA…CKSUM_VERIFY (ERR11435647) | 6 of 6 ✔
[02/2f1914] REA…:TRIM_GALORE (ERR11435646) | 6 of 6 ✔
[6c/75f357] PAR…8.dna.primary_assembly.fa) | 1 of 1 ✔
[5c/35cc2e] PAR…S_FQ2BAMMETH (ERR11435646) | 6 of 6 ✔
[97/06fa8b] PAR…MTOOLS_INDEX (ERR11435652) | 6 of 6 ✔
[d9/0fb992] PAR…SIS:QUALIMAP (ERR11435652) | 6 of 6 ✔
[fa/196521] PAR…8.dna.primary_assembly.fa) | 1 of 1 ✔
[8a/533ae7] PAR…CKEL_EXTRACT (ERR11435652) | 6 of 6 ✔
[48/fd6b30] DIF…METHYLATION:EDGER_ANALYSIS | 1 of 1 ✔
[43/30fdd5] DIF…e_sheet_twist_minimal.csv) | 1 of 1 ✔
[ac/94a151] DIF…L_METHYLATION:DSS_ANALYSIS | 1 of 1 ✔
[42/4acb24] RES…ANNOTATE_RESULTS_EDGER (1) | 1 of 1 ✔
[fe/23c52a] RES…:POST_PROCESSING_EDGER (1) | 1 of 1 ✔
[ec/cc6bde] RES…ICHMENT_ANALYSIS_EDGER (1) | 1 of 1 ✔
[d6/dbe92c] RES…T_PROCESSING_METHYLKIT (1) | 1 of 1 ✔
[8e/b765de] RES…ENT_ANALYSIS_METHYLKIT (1) | 1 of 1 ✔
[25/2f6d73] RES…S:ANNOTATE_RESULTS_DSS (1) | 1 of 1 ✔
[6e/7af50d] RES…IS:POST_PROCESSING_DSS (1) | 1 of 1 ✔
[6b/b6bd17] RES…NRICHMENT_ANALYSIS_DSS (1) | 1 of 1 ✔
[17/b767e5] CLI…S_vs_VD_sig_annotated.csv) | 3 of 3 ✔
[67/744021] CLI…S_vs_VD_sig_annotated.csv) | 3 of 3 ✔
[f6/4806dc] CLI…S_vs_VD_sig_annotated.csv) | 3 of 3 ✔
[23/96e545] CLI…S_vs_VD_sig_annotated.csv) | 3 of 3 ✔
[25/b35961] CLI…:DMR_DETAIL_PLOT (SLC17A1) | 1 of 1 ✔
[33/8d9115] CLI…RTING:PCA_PLOT (methylkit) | 1 of 1 ✔
[c6/627e52] CLI…:PATHVIEW_PLOT (methylkit) | 1 of 1 ✔
[bb/631ce1] QC_REPORTING:MULTIQC (1)       | 0 of 1
Plus 2 more processes waiting for tasks…
WARN: Environment variable `R_LIBS_USER` evaluates to an empty value
WARN: Environment variable `R_LIBS_SITE` evaluates to an empty value

executor >  local (72)
[ed/81d1aa] PRE_STAGE:PRE_STAGE_FILES      | 1 of 1 ✔
[c0/6e4e9a] REA…SSING:FASTQC (ERR11435646) | 6 of 6 ✔
[24/fa58fb] REA…CKSUM_VERIFY (ERR11435647) | 6 of 6 ✔
[02/2f1914] REA…:TRIM_GALORE (ERR11435646) | 6 of 6 ✔
[6c/75f357] PAR…8.dna.primary_assembly.fa) | 1 of 1 ✔
[5c/35cc2e] PAR…S_FQ2BAMMETH (ERR11435646) | 6 of 6 ✔
[97/06fa8b] PAR…MTOOLS_INDEX (ERR11435652) | 6 of 6 ✔
[d9/0fb992] PAR…SIS:QUALIMAP (ERR11435652) | 6 of 6 ✔
[fa/196521] PAR…8.dna.primary_assembly.fa) | 1 of 1 ✔
[8a/533ae7] PAR…CKEL_EXTRACT (ERR11435652) | 6 of 6 ✔
[48/fd6b30] DIF…METHYLATION:EDGER_ANALYSIS | 1 of 1 ✔
[43/30fdd5] DIF…e_sheet_twist_minimal.csv) | 1 of 1 ✔
[ac/94a151] DIF…L_METHYLATION:DSS_ANALYSIS | 1 of 1 ✔
[42/4acb24] RES…ANNOTATE_RESULTS_EDGER (1) | 1 of 1 ✔
[fe/23c52a] RES…:POST_PROCESSING_EDGER (1) | 1 of 1 ✔
[ec/cc6bde] RES…ICHMENT_ANALYSIS_EDGER (1) | 1 of 1 ✔
[d6/dbe92c] RES…T_PROCESSING_METHYLKIT (1) | 1 of 1 ✔
[8e/b765de] RES…ENT_ANALYSIS_METHYLKIT (1) | 1 of 1 ✔
[25/2f6d73] RES…S:ANNOTATE_RESULTS_DSS (1) | 1 of 1 ✔
[6e/7af50d] RES…IS:POST_PROCESSING_DSS (1) | 1 of 1 ✔
[6b/b6bd17] RES…NRICHMENT_ANALYSIS_DSS (1) | 1 of 1 ✔
[17/b767e5] CLI…S_vs_VD_sig_annotated.csv) | 3 of 3 ✔
[67/744021] CLI…S_vs_VD_sig_annotated.csv) | 3 of 3 ✔
[f6/4806dc] CLI…S_vs_VD_sig_annotated.csv) | 3 of 3 ✔
[23/96e545] CLI…S_vs_VD_sig_annotated.csv) | 3 of 3 ✔
[25/b35961] CLI…:DMR_DETAIL_PLOT (SLC17A1) | 1 of 1 ✔
[33/8d9115] CLI…RTING:PCA_PLOT (methylkit) | 1 of 1 ✔
[c6/627e52] CLI…:PATHVIEW_PLOT (methylkit) | 1 of 1 ✔
[bb/631ce1] QC_REPORTING:MULTIQC (1)       | 1 of 1 ✔
Plus 2 more processes waiting for tasks…
WARN: Environment variable `R_LIBS_USER` evaluates to an empty value
WARN: Environment variable `R_LIBS_SITE` evaluates to an empty value

executor >  local (73)
[ed/81d1aa] PRE_STAGE:PRE_STAGE_FILES      | 1 of 1 ✔
[c0/6e4e9a] REA…SSING:FASTQC (ERR11435646) | 6 of 6 ✔
[24/fa58fb] REA…CKSUM_VERIFY (ERR11435647) | 6 of 6 ✔
[02/2f1914] REA…:TRIM_GALORE (ERR11435646) | 6 of 6 ✔
[6c/75f357] PAR…8.dna.primary_assembly.fa) | 1 of 1 ✔
[5c/35cc2e] PAR…S_FQ2BAMMETH (ERR11435646) | 6 of 6 ✔
[97/06fa8b] PAR…MTOOLS_INDEX (ERR11435652) | 6 of 6 ✔
[d9/0fb992] PAR…SIS:QUALIMAP (ERR11435652) | 6 of 6 ✔
[fa/196521] PAR…8.dna.primary_assembly.fa) | 1 of 1 ✔
[8a/533ae7] PAR…CKEL_EXTRACT (ERR11435652) | 6 of 6 ✔
[48/fd6b30] DIF…METHYLATION:EDGER_ANALYSIS | 1 of 1 ✔
[43/30fdd5] DIF…e_sheet_twist_minimal.csv) | 1 of 1 ✔
[ac/94a151] DIF…L_METHYLATION:DSS_ANALYSIS | 1 of 1 ✔
[42/4acb24] RES…ANNOTATE_RESULTS_EDGER (1) | 1 of 1 ✔
[fe/23c52a] RES…:POST_PROCESSING_EDGER (1) | 1 of 1 ✔
[ec/cc6bde] RES…ICHMENT_ANALYSIS_EDGER (1) | 1 of 1 ✔
[d6/dbe92c] RES…T_PROCESSING_METHYLKIT (1) | 1 of 1 ✔
[8e/b765de] RES…ENT_ANALYSIS_METHYLKIT (1) | 1 of 1 ✔
[25/2f6d73] RES…S:ANNOTATE_RESULTS_DSS (1) | 1 of 1 ✔
[6e/7af50d] RES…IS:POST_PROCESSING_DSS (1) | 1 of 1 ✔
[6b/b6bd17] RES…NRICHMENT_ANALYSIS_DSS (1) | 1 of 1 ✔
[17/b767e5] CLI…S_vs_VD_sig_annotated.csv) | 3 of 3 ✔
[67/744021] CLI…S_vs_VD_sig_annotated.csv) | 3 of 3 ✔
[f6/4806dc] CLI…S_vs_VD_sig_annotated.csv) | 3 of 3 ✔
[23/96e545] CLI…S_vs_VD_sig_annotated.csv) | 3 of 3 ✔
[25/b35961] CLI…:DMR_DETAIL_PLOT (SLC17A1) | 1 of 1 ✔
[33/8d9115] CLI…RTING:PCA_PLOT (methylkit) | 1 of 1 ✔
[c6/627e52] CLI…:PATHVIEW_PLOT (methylkit) | 1 of 1 ✔
[bb/631ce1] QC_REPORTING:MULTIQC (1)       | 1 of 1 ✔
[4a/e8c99e] UNIFIED_LAYER (1)              | 0 of 1
Plus 1 more processes waiting for tasks…
WARN: Environment variable `R_LIBS_USER` evaluates to an empty value
WARN: Environment variable `R_LIBS_SITE` evaluates to an empty value
WARN: Environment variable `R_LIBS_USER` evaluates to an empty value
WARN: Environment variable `R_LIBS_SITE` evaluates to an empty value

executor >  local (74)
[ed/81d1aa] PRE_STAGE:PRE_STAGE_FILES      | 1 of 1 ✔
[c0/6e4e9a] REA…SSING:FASTQC (ERR11435646) | 6 of 6 ✔
[24/fa58fb] REA…CKSUM_VERIFY (ERR11435647) | 6 of 6 ✔
[02/2f1914] REA…:TRIM_GALORE (ERR11435646) | 6 of 6 ✔
[6c/75f357] PAR…8.dna.primary_assembly.fa) | 1 of 1 ✔
[5c/35cc2e] PAR…S_FQ2BAMMETH (ERR11435646) | 6 of 6 ✔
[97/06fa8b] PAR…MTOOLS_INDEX (ERR11435652) | 6 of 6 ✔
[d9/0fb992] PAR…SIS:QUALIMAP (ERR11435652) | 6 of 6 ✔
[fa/196521] PAR…8.dna.primary_assembly.fa) | 1 of 1 ✔
[8a/533ae7] PAR…CKEL_EXTRACT (ERR11435652) | 6 of 6 ✔
[48/fd6b30] DIF…METHYLATION:EDGER_ANALYSIS | 1 of 1 ✔
[43/30fdd5] DIF…e_sheet_twist_minimal.csv) | 1 of 1 ✔
[ac/94a151] DIF…L_METHYLATION:DSS_ANALYSIS | 1 of 1 ✔
[42/4acb24] RES…ANNOTATE_RESULTS_EDGER (1) | 1 of 1 ✔
[fe/23c52a] RES…:POST_PROCESSING_EDGER (1) | 1 of 1 ✔
[ec/cc6bde] RES…ICHMENT_ANALYSIS_EDGER (1) | 1 of 1 ✔
[d6/dbe92c] RES…T_PROCESSING_METHYLKIT (1) | 1 of 1 ✔
[8e/b765de] RES…ENT_ANALYSIS_METHYLKIT (1) | 1 of 1 ✔
[25/2f6d73] RES…S:ANNOTATE_RESULTS_DSS (1) | 1 of 1 ✔
[6e/7af50d] RES…IS:POST_PROCESSING_DSS (1) | 1 of 1 ✔
[6b/b6bd17] RES…NRICHMENT_ANALYSIS_DSS (1) | 1 of 1 ✔
[17/b767e5] CLI…S_vs_VD_sig_annotated.csv) | 3 of 3 ✔
[67/744021] CLI…S_vs_VD_sig_annotated.csv) | 3 of 3 ✔
[f6/4806dc] CLI…S_vs_VD_sig_annotated.csv) | 3 of 3 ✔
[23/96e545] CLI…S_vs_VD_sig_annotated.csv) | 3 of 3 ✔
[25/b35961] CLI…:DMR_DETAIL_PLOT (SLC17A1) | 1 of 1 ✔
[33/8d9115] CLI…RTING:PCA_PLOT (methylkit) | 1 of 1 ✔
[c6/627e52] CLI…:PATHVIEW_PLOT (methylkit) | 1 of 1 ✔
[bb/631ce1] QC_REPORTING:MULTIQC (1)       | 1 of 1 ✔
[4a/e8c99e] UNIFIED_LAYER (1)              | 1 of 1 ✔
[84/6a0e41] REPORT (1)                     | 0 of 1
WARN: Environment variable `R_LIBS_USER` evaluates to an empty value
WARN: Environment variable `R_LIBS_SITE` evaluates to an empty value
WARN: Environment variable `R_LIBS_USER` evaluates to an empty value
WARN: Environment variable `R_LIBS_SITE` evaluates to an empty value
WARN: Environment variable `R_LIBS_USER` evaluates to an empty value
WARN: Environment variable `R_LIBS_SITE` evaluates to an empty value

executor >  local (74)
[ed/81d1aa] PRE_STAGE:PRE_STAGE_FILES      | 1 of 1 ✔
[c0/6e4e9a] REA…SSING:FASTQC (ERR11435646) | 6 of 6 ✔
[24/fa58fb] REA…CKSUM_VERIFY (ERR11435647) | 6 of 6 ✔
[02/2f1914] REA…:TRIM_GALORE (ERR11435646) | 6 of 6 ✔
[6c/75f357] PAR…8.dna.primary_assembly.fa) | 1 of 1 ✔
[5c/35cc2e] PAR…S_FQ2BAMMETH (ERR11435646) | 6 of 6 ✔
[97/06fa8b] PAR…MTOOLS_INDEX (ERR11435652) | 6 of 6 ✔
[d9/0fb992] PAR…SIS:QUALIMAP (ERR11435652) | 6 of 6 ✔
[fa/196521] PAR…8.dna.primary_assembly.fa) | 1 of 1 ✔
[8a/533ae7] PAR…CKEL_EXTRACT (ERR11435652) | 6 of 6 ✔
[48/fd6b30] DIF…METHYLATION:EDGER_ANALYSIS | 1 of 1 ✔
[43/30fdd5] DIF…e_sheet_twist_minimal.csv) | 1 of 1 ✔
[ac/94a151] DIF…L_METHYLATION:DSS_ANALYSIS | 1 of 1 ✔
[42/4acb24] RES…ANNOTATE_RESULTS_EDGER (1) | 1 of 1 ✔
[fe/23c52a] RES…:POST_PROCESSING_EDGER (1) | 1 of 1 ✔
[ec/cc6bde] RES…ICHMENT_ANALYSIS_EDGER (1) | 1 of 1 ✔
[d6/dbe92c] RES…T_PROCESSING_METHYLKIT (1) | 1 of 1 ✔
[8e/b765de] RES…ENT_ANALYSIS_METHYLKIT (1) | 1 of 1 ✔
[25/2f6d73] RES…S:ANNOTATE_RESULTS_DSS (1) | 1 of 1 ✔
[6e/7af50d] RES…IS:POST_PROCESSING_DSS (1) | 1 of 1 ✔
[6b/b6bd17] RES…NRICHMENT_ANALYSIS_DSS (1) | 1 of 1 ✔
[17/b767e5] CLI…S_vs_VD_sig_annotated.csv) | 3 of 3 ✔
[67/744021] CLI…S_vs_VD_sig_annotated.csv) | 3 of 3 ✔
[f6/4806dc] CLI…S_vs_VD_sig_annotated.csv) | 3 of 3 ✔
[23/96e545] CLI…S_vs_VD_sig_annotated.csv) | 3 of 3 ✔
[25/b35961] CLI…:DMR_DETAIL_PLOT (SLC17A1) | 1 of 1 ✔
[33/8d9115] CLI…RTING:PCA_PLOT (methylkit) | 1 of 1 ✔
[c6/627e52] CLI…:PATHVIEW_PLOT (methylkit) | 1 of 1 ✔
[bb/631ce1] QC_REPORTING:MULTIQC (1)       | 1 of 1 ✔
[4a/e8c99e] UNIFIED_LAYER (1)              | 1 of 1 ✔
[84/6a0e41] REPORT (1)                     | 1 of 1 ✔
WARN: Environment variable `R_LIBS_USER` evaluates to an empty value
WARN: Environment variable `R_LIBS_SITE` evaluates to an empty value
WARN: Environment variable `R_LIBS_USER` evaluates to an empty value
WARN: Environment variable `R_LIBS_SITE` evaluates to an empty value
WARN: Environment variable `R_LIBS_USER` evaluates to an empty value
WARN: Environment variable `R_LIBS_SITE` evaluates to an empty value

executor >  local (74)
[ed/81d1aa] PRE_STAGE:PRE_STAGE_FILES      | 1 of 1 ✔
[c0/6e4e9a] REA…SSING:FASTQC (ERR11435646) | 6 of 6 ✔
[24/fa58fb] REA…CKSUM_VERIFY (ERR11435647) | 6 of 6 ✔
[02/2f1914] REA…:TRIM_GALORE (ERR11435646) | 6 of 6 ✔
[6c/75f357] PAR…8.dna.primary_assembly.fa) | 1 of 1 ✔
[5c/35cc2e] PAR…S_FQ2BAMMETH (ERR11435646) | 6 of 6 ✔
[97/06fa8b] PAR…MTOOLS_INDEX (ERR11435652) | 6 of 6 ✔
[d9/0fb992] PAR…SIS:QUALIMAP (ERR11435652) | 6 of 6 ✔
[fa/196521] PAR…8.dna.primary_assembly.fa) | 1 of 1 ✔
[8a/533ae7] PAR…CKEL_EXTRACT (ERR11435652) | 6 of 6 ✔
[48/fd6b30] DIF…METHYLATION:EDGER_ANALYSIS | 1 of 1 ✔
[43/30fdd5] DIF…e_sheet_twist_minimal.csv) | 1 of 1 ✔
[ac/94a151] DIF…L_METHYLATION:DSS_ANALYSIS | 1 of 1 ✔
[42/4acb24] RES…ANNOTATE_RESULTS_EDGER (1) | 1 of 1 ✔
[fe/23c52a] RES…:POST_PROCESSING_EDGER (1) | 1 of 1 ✔
[ec/cc6bde] RES…ICHMENT_ANALYSIS_EDGER (1) | 1 of 1 ✔
[d6/dbe92c] RES…T_PROCESSING_METHYLKIT (1) | 1 of 1 ✔
[8e/b765de] RES…ENT_ANALYSIS_METHYLKIT (1) | 1 of 1 ✔
[25/2f6d73] RES…S:ANNOTATE_RESULTS_DSS (1) | 1 of 1 ✔
[6e/7af50d] RES…IS:POST_PROCESSING_DSS (1) | 1 of 1 ✔
[6b/b6bd17] RES…NRICHMENT_ANALYSIS_DSS (1) | 1 of 1 ✔
[17/b767e5] CLI…S_vs_VD_sig_annotated.csv) | 3 of 3 ✔
[67/744021] CLI…S_vs_VD_sig_annotated.csv) | 3 of 3 ✔
[f6/4806dc] CLI…S_vs_VD_sig_annotated.csv) | 3 of 3 ✔
[23/96e545] CLI…S_vs_VD_sig_annotated.csv) | 3 of 3 ✔
[25/b35961] CLI…:DMR_DETAIL_PLOT (SLC17A1) | 1 of 1 ✔
[33/8d9115] CLI…RTING:PCA_PLOT (methylkit) | 1 of 1 ✔
[c6/627e52] CLI…:PATHVIEW_PLOT (methylkit) | 1 of 1 ✔
[bb/631ce1] QC_REPORTING:MULTIQC (1)       | 1 of 1 ✔
[4a/e8c99e] UNIFIED_LAYER (1)              | 1 of 1 ✔
[84/6a0e41] REPORT (1)                     | 1 of 1 ✔
Pipeline completed at: 2026-05-10T17:55:21.672991516+02:00
Execution status: OK
Execution duration: 4h 27m 53s
WARN: Environment variable `R_LIBS_USER` evaluates to an empty value
WARN: Environment variable `R_LIBS_SITE` evaluates to an empty value
WARN: Environment variable `R_LIBS_USER` evaluates to an empty value
WARN: Environment variable `R_LIBS_SITE` evaluates to an empty value
WARN: Environment variable `R_LIBS_USER` evaluates to an empty value
WARN: Environment variable `R_LIBS_SITE` evaluates to an empty value
Completed at: 10-May-2026 17:55:21
Duration    : 4h 27m 53s
CPU hours   : 130.8
Succeeded   : 74


