
 N E X T F L O W   ~  version 25.10.2

Launching `main.nf` [prickly_hypatia] DSL2 - revision: 39ec318fbd

WARN: The following invalid input values have been detected:

* --genome_fasta: /data/Jyotirmoy/JD/TwistMethylFlow-devel/MethylFlow/data/test_data/Homo_sapiens.GRCh38.dna.primary_assembly.fa
* --bismark_index: false
* --save_reference: false
* --aligner: bwameth
* --use_parabricks: true
* --design_file: null
* --run_clinical_report: true
* --promoter_dist: 2000
* --enhancer_dist: 10000
* --compare_str: all
* --coverage_threshold: 3
* --min_30x_pc: 80
* --multiqc_config: null
* --multiqc_title: null
* --max_memory: 250.GB
* --max_cpus: 48
* --max_time: 72.h
* --gtf_file: /data/Jyotirmoy/JD/TwistMethylFlow-devel/MethylFlow/data/test_data/Homo_sapiens.GRCh38.104.gtf
* --refseq_file: /data/Jyotirmoy/JD/TwistMethylFlow-devel/MethylFlow/data/test_data/hg38_RefSeq.bed.gz
* --methylkit: [assembly:hg38, mc_cores:8, diff:0.25, qvalue:0.01, bed_file:/data/Jyotirmoy/JD/TwistMethylFlow-devel/MethylFlow/data/Twist_HMP_target_BED/covered_targets_Twist_Methylome_hg38_annotated_collapsed.bed, min_per_group:3]
* --dss: [p_threshold:0.01, diff_threshold:0.25]
* --edger: [p_threshold:0.01, logfc_cutoff:0.25]
* --post_processing: true
* --logfc_cutoff: 0.25
* --pvalue_cutoff: 0.01
* --top_n_genes: 100
* --kegg_logfc_cutoff: 0.1
* --kegg_pvalue_cutoff: 0.1
* --hyper_color: red
* --hypo_color: blue
* --nonsig_color: black
* --qualimap_args: 
* --skip_diff_meth: false
* --pre_stage_test_data: true
* --config_profile_name: Minimal Test profile (GPU)
* --config_profile_description: Full clinical test dataset (DMR + Enrichment + Reporting) using local files
* --parabricks_container: nvcr.io/nvidia/clara/clara-parabricks:4.4.0-1



    ===============================================================================
    ▗▄▄▄▖▗▖ ▗▖▗▄▄▄▖ ▗▄▄▖▗▄▄▄▖▗▖  ▗▖▗▄▄▄▖▗▄▄▄▖▗▖ ▗▖▗▖  ▗▖▗▖   ▗▄▄▄▖▗▖    ▗▄▖ ▗▖ ▗▖
      █  ▐▌ ▐▌  █  ▐▌     █  ▐▛▚▞▜▌▐▌     █  ▐▌ ▐▌ ▝▚▞▘ ▐▌   ▐▌   ▐▌   ▐▌ ▐▌▐▌ ▐▌
      █  ▐▌ ▐▌  █   ▝▀▚▖  █  ▐▌  ▐▌▐▛▀▀▘  █  ▐▛▀▜▌  ▐▌  ▐▌   ▐▛▀▀▘▐▌   ▐▌ ▐▌▐▌ ▐▌
      █  ▐▙█▟▌▗▄█▄▖▗▄▄▞▘  █  ▐▌  ▐▌▐▙▄▄▖  █  ▐▌ ▐▌  ▐▌  ▐▙▄▄▖▐▌   ▐▙▄▄▖▝▚▄▞▘▐▙█▟▌

    MethylFlow DNA Methylation Data Analysis Pipeline
    ================================================================================
    Execution Profile       : ${workflow.profile}
    Operating Mode          : ${params.mode}
    Sample Sheet            : ${params.sample_sheet}
    Output Directory        : ${params.outdir}

    [Reference & Environment]
    Genome Fasta            : ${params.genome_fasta}
    Pre-stage Test Data     : ${params.pre_stage_test_data}

    [Alignment Strategy]
    Primary Aligner         : ${params.aligner}
    GPU Acceleration        : ${params.use_parabricks}

    [DMR & Clinical Setup]
    Compare String          : ${params.compare_str}
    Coverage Threshold      : ${params.coverage_threshold}x
    DMR Method              : ${params.diff_meth_method}
    Skip Diff Meth          : ${params.skip_diff_meth}

    [Consensus Thresholds]
    MethylKit (Diff / Q)    : ${params.methylkit.diff} / ${params.methylkit.qvalue}
    DSS (Diff / P)          : ${params.dss.diff_threshold} / ${params.dss.p_threshold}
    EdgeR (LogFC / P)       : ${params.edger.logfc_cutoff} / ${params.edger.p_threshold}
    Top N Genes Exported    : ${params.top_n_genes}
    ================================================================================
    
[-        ] PRE_STAGE:PRE_STAGE_FILES      -
[-        ] READ_PROCESSING:FASTQC         -
[-        ] REA…PROCESSING:CHECKSUM_VERIFY -
[-        ] READ_PROCESSING:TRIM_GALORE    -
[-        ] PAR…CKS_ANALYSIS:BWAMETH_INDEX -
[-        ] PAR…YSIS:PARABRICKS_FQ2BAMMETH -
[-        ] PAR…KS_ANALYSIS:SAMTOOLS_INDEX -
[-        ] PARABRICKS_ANALYSIS:QUALIMAP   -
[-        ] PAR…KS_ANALYSIS:SAMTOOLS_FAIDX -
[-        ] PAR…LYSIS:METHYLDACKEL_EXTRACT -
[-        ] DIF…METHYLATION:EDGER_ANALYSIS -
[-        ] DIF…YLATION:METHYLKIT_ANALYSIS -
[-        ] DIF…L_METHYLATION:DSS_ANALYSIS -
Creating sample channel from: /data/Jyotirmoy/JD/TwistMethylFlow-devel/MethylFlow/data/Sample_sheet_twist_minimal.csv
DIFFERENTIAL_METHYLATION: Prepared coverage files for analysis
DIFFERENTIAL_METHYLATION: Running EdgeR analysis
DIFFERENTIAL_METHYLATION: Running MethylKit analysis

[-        ] PRE_STAGE:PRE_STAGE_FILES      -
[-        ] READ_PROCESSING:FASTQC         -
[-        ] REA…PROCESSING:CHECKSUM_VERIFY -
[-        ] READ_PROCESSING:TRIM_GALORE    -
[-        ] PAR…CKS_ANALYSIS:BWAMETH_INDEX -
[-        ] PAR…YSIS:PARABRICKS_FQ2BAMMETH -
[-        ] PAR…KS_ANALYSIS:SAMTOOLS_INDEX -
[-        ] PARABRICKS_ANALYSIS:QUALIMAP   -
[-        ] PAR…KS_ANALYSIS:SAMTOOLS_FAIDX -
[-        ] PAR…LYSIS:METHYLDACKEL_EXTRACT -
[-        ] DIF…METHYLATION:EDGER_ANALYSIS -
[-        ] DIF…YLATION:METHYLKIT_ANALYSIS -
[-        ] DIF…L_METHYLATION:DSS_ANALYSIS -
[-        ] RES…SIS:ANNOTATE_RESULTS_EDGER -
[-        ] RES…YSIS:POST_PROCESSING_EDGER -
[-        ] RES…:ENRICHMENT_ANALYSIS_EDGER -
[-        ] RES…:POST_PROCESSING_METHYLKIT -
[-        ] RES…ICHMENT_ANALYSIS_METHYLKIT -
[-        ] RES…LYSIS:ANNOTATE_RESULTS_DSS -
[-        ] RES…ALYSIS:POST_PROCESSING_DSS -
Plus 8 more processes waiting for tasks…
Creating sample channel from: /data/Jyotirmoy/JD/TwistMethylFlow-devel/MethylFlow/data/Sample_sheet_twist_minimal.csv
DIFFERENTIAL_METHYLATION: Prepared coverage files for analysis
DIFFERENTIAL_METHYLATION: Running EdgeR analysis
DIFFERENTIAL_METHYLATION: Running MethylKit analysis
Submitting to DIFFERENTIAL_METHYLATION with method: all
Running RESULT_ANALYSIS...

[-        ] PRE_STAGE:PRE_STAGE_FILES      -
[-        ] READ_PROCESSING:FASTQC         -
[-        ] REA…PROCESSING:CHECKSUM_VERIFY -
[-        ] READ_PROCESSING:TRIM_GALORE    -
[-        ] PAR…CKS_ANALYSIS:BWAMETH_INDEX -
[-        ] PAR…YSIS:PARABRICKS_FQ2BAMMETH -
[-        ] PAR…KS_ANALYSIS:SAMTOOLS_INDEX -
[-        ] PARABRICKS_ANALYSIS:QUALIMAP   -
[-        ] PAR…KS_ANALYSIS:SAMTOOLS_FAIDX -
[-        ] PAR…LYSIS:METHYLDACKEL_EXTRACT -
[-        ] DIF…METHYLATION:EDGER_ANALYSIS -
[-        ] DIF…YLATION:METHYLKIT_ANALYSIS -
[-        ] DIF…L_METHYLATION:DSS_ANALYSIS -
[-        ] RES…SIS:ANNOTATE_RESULTS_EDGER -
[-        ] RES…YSIS:POST_PROCESSING_EDGER -
[-        ] RES…:ENRICHMENT_ANALYSIS_EDGER -
[-        ] RES…:POST_PROCESSING_METHYLKIT -
[-        ] RES…ICHMENT_ANALYSIS_METHYLKIT -
[-        ] RES…LYSIS:ANNOTATE_RESULTS_DSS -
[-        ] RES…ALYSIS:POST_PROCESSING_DSS -
Plus 11 more processes waiting for tasks…
Creating sample channel from: /data/Jyotirmoy/JD/TwistMethylFlow-devel/MethylFlow/data/Sample_sheet_twist_minimal.csv
DIFFERENTIAL_METHYLATION: Prepared coverage files for analysis
DIFFERENTIAL_METHYLATION: Running EdgeR analysis
DIFFERENTIAL_METHYLATION: Running MethylKit analysis
Submitting to DIFFERENTIAL_METHYLATION with method: all
Running RESULT_ANALYSIS...
Starting Unified Clinical Results Layer...
WARN: There's no process matching config selector: SAMTOOLS_MERGE -- Did you mean: SAMTOOLS_SORT?

executor >  local (1)
[7e/27e83e] PRE_STAGE:PRE_STAGE_FILES      | 0 of 1
[-        ] READ_PROCESSING:FASTQC         -
[-        ] REA…PROCESSING:CHECKSUM_VERIFY -
[-        ] READ_PROCESSING:TRIM_GALORE    -
[-        ] PAR…CKS_ANALYSIS:BWAMETH_INDEX -
[-        ] PAR…YSIS:PARABRICKS_FQ2BAMMETH -
[-        ] PAR…KS_ANALYSIS:SAMTOOLS_INDEX -
[-        ] PARABRICKS_ANALYSIS:QUALIMAP   -
[-        ] PAR…KS_ANALYSIS:SAMTOOLS_FAIDX -
[-        ] PAR…LYSIS:METHYLDACKEL_EXTRACT -
[-        ] DIF…METHYLATION:EDGER_ANALYSIS -
[-        ] DIF…YLATION:METHYLKIT_ANALYSIS -
[-        ] DIF…L_METHYLATION:DSS_ANALYSIS -
[-        ] RES…SIS:ANNOTATE_RESULTS_EDGER -
[-        ] RES…YSIS:POST_PROCESSING_EDGER -
[-        ] RES…:ENRICHMENT_ANALYSIS_EDGER -
[-        ] RES…:POST_PROCESSING_METHYLKIT -
[-        ] RES…ICHMENT_ANALYSIS_METHYLKIT -
[-        ] RES…LYSIS:ANNOTATE_RESULTS_DSS -
[-        ] RES…ALYSIS:POST_PROCESSING_DSS -
Plus 11 more processes waiting for tasks…
Creating sample channel from: /data/Jyotirmoy/JD/TwistMethylFlow-devel/MethylFlow/data/Sample_sheet_twist_minimal.csv
DIFFERENTIAL_METHYLATION: Prepared coverage files for analysis
DIFFERENTIAL_METHYLATION: Running EdgeR analysis
DIFFERENTIAL_METHYLATION: Running MethylKit analysis
Submitting to DIFFERENTIAL_METHYLATION with method: all
Running RESULT_ANALYSIS...
Starting Unified Clinical Results Layer...
WARN: There's no process matching config selector: SAMTOOLS_MERGE -- Did you mean: SAMTOOLS_SORT?
WARN: Environment variable `R_LIBS_USER` evaluates to an empty value
WARN: Environment variable `R_LIBS_SITE` evaluates to an empty value

executor >  local (9)
[7e/27e83e] PRE_STAGE:PRE_STAGE_FILES      | 1 of 1 ✔
[41/2e9a76] REA…SSING:FASTQC (ERR11435647) | 0 of 6
[55/7009a9] REA…CKSUM_VERIFY (ERR11435654) | 0 of 6
[-        ] READ_PROCESSING:TRIM_GALORE    | 0 of 6
[ce/a562fe] PAR…8.dna.primary_assembly.fa) | 0 of 1
[-        ] PAR…YSIS:PARABRICKS_FQ2BAMMETH -
[-        ] PAR…KS_ANALYSIS:SAMTOOLS_INDEX -
[-        ] PARABRICKS_ANALYSIS:QUALIMAP   -
[b0/5b699f] PAR…8.dna.primary_assembly.fa) | 0 of 1
[-        ] PAR…LYSIS:METHYLDACKEL_EXTRACT -
[-        ] DIF…METHYLATION:EDGER_ANALYSIS -
[-        ] DIF…YLATION:METHYLKIT_ANALYSIS -
[-        ] DIF…L_METHYLATION:DSS_ANALYSIS -
[-        ] RES…SIS:ANNOTATE_RESULTS_EDGER -
[-        ] RES…YSIS:POST_PROCESSING_EDGER -
[-        ] RES…:ENRICHMENT_ANALYSIS_EDGER -
[-        ] RES…:POST_PROCESSING_METHYLKIT -
[-        ] RES…ICHMENT_ANALYSIS_METHYLKIT -
[-        ] RES…LYSIS:ANNOTATE_RESULTS_DSS -
[-        ] RES…ALYSIS:POST_PROCESSING_DSS -
Plus 11 more processes waiting for tasks…
Creating sample channel from: /data/Jyotirmoy/JD/TwistMethylFlow-devel/MethylFlow/data/Sample_sheet_twist_minimal.csv
DIFFERENTIAL_METHYLATION: Prepared coverage files for analysis
DIFFERENTIAL_METHYLATION: Running EdgeR analysis
DIFFERENTIAL_METHYLATION: Running MethylKit analysis
Submitting to DIFFERENTIAL_METHYLATION with method: all
Running RESULT_ANALYSIS...
Starting Unified Clinical Results Layer...
WARN: There's no process matching config selector: SAMTOOLS_MERGE -- Did you mean: SAMTOOLS_SORT?
WARN: Environment variable `R_LIBS_USER` evaluates to an empty value
WARN: Environment variable `R_LIBS_SITE` evaluates to an empty value
WARN: Environment variable `R_LIBS_USER` evaluates to an empty value
WARN: Environment variable `R_LIBS_SITE` evaluates to an empty value
WARN: Environment variable `R_LIBS_USER` evaluates to an empty value
WARN: Environment variable `R_LIBS_SITE` evaluates to an empty value
WARN: Environment variable `R_LIBS_USER` evaluates to an empty value
WARN: Environment variable `R_LIBS_SITE` evaluates to an empty value
WARN: Environment variable `R_LIBS_USER` evaluates to an empty value
WARN: Environment variable `R_LIBS_SITE` evaluates to an empty value
WARN: Environment variable `R_LIBS_USER` evaluates to an empty value
WARN: Environment variable `R_LIBS_SITE` evaluates to an empty value
WARN: Environment variable `R_LIBS_USER` evaluates to an empty value
WARN: Environment variable `R_LIBS_SITE` evaluates to an empty value
WARN: Environment variable `R_LIBS_USER` evaluates to an empty value
WARN: Environment variable `R_LIBS_SITE` evaluates to an empty value
WARN: Environment variable `R_LIBS_USER` evaluates to an empty value
WARN: Environment variable `R_LIBS_SITE` evaluates to an empty value

executor >  local (10)
[7e/27e83e] PRE_STAGE:PRE_STAGE_FILES      | 1 of 1 ✔
[0d/f48d8c] REA…SSING:FASTQC (ERR11435654) | 0 of 6
[55/7009a9] REA…CKSUM_VERIFY (ERR11435654) | 0 of 6
[-        ] READ_PROCESSING:TRIM_GALORE    | 0 of 6
[ce/a562fe] PAR…8.dna.primary_assembly.fa) | 0 of 1
[-        ] PAR…YSIS:PARABRICKS_FQ2BAMMETH -
[-        ] PAR…KS_ANALYSIS:SAMTOOLS_INDEX -
[-        ] PARABRICKS_ANALYSIS:QUALIMAP   -
[b0/5b699f] PAR…8.dna.primary_assembly.fa) | 1 of 1 ✔
[-        ] PAR…LYSIS:METHYLDACKEL_EXTRACT -
[-        ] DIF…METHYLATION:EDGER_ANALYSIS -
[-        ] DIF…YLATION:METHYLKIT_ANALYSIS -
[-        ] DIF…L_METHYLATION:DSS_ANALYSIS -
[-        ] RES…SIS:ANNOTATE_RESULTS_EDGER -
[-        ] RES…YSIS:POST_PROCESSING_EDGER -
[-        ] RES…:ENRICHMENT_ANALYSIS_EDGER -
[-        ] RES…:POST_PROCESSING_METHYLKIT -
[-        ] RES…ICHMENT_ANALYSIS_METHYLKIT -
[-        ] RES…LYSIS:ANNOTATE_RESULTS_DSS -
[-        ] RES…ALYSIS:POST_PROCESSING_DSS -
Plus 11 more processes waiting for tasks…
Creating sample channel from: /data/Jyotirmoy/JD/TwistMethylFlow-devel/MethylFlow/data/Sample_sheet_twist_minimal.csv
DIFFERENTIAL_METHYLATION: Prepared coverage files for analysis
DIFFERENTIAL_METHYLATION: Running EdgeR analysis
DIFFERENTIAL_METHYLATION: Running MethylKit analysis
Submitting to DIFFERENTIAL_METHYLATION with method: all
Running RESULT_ANALYSIS...
Starting Unified Clinical Results Layer...
WARN: There's no process matching config selector: SAMTOOLS_MERGE -- Did you mean: SAMTOOLS_SORT?
WARN: Environment variable `R_LIBS_USER` evaluates to an empty value
WARN: Environment variable `R_LIBS_SITE` evaluates to an empty value
WARN: Environment variable `R_LIBS_USER` evaluates to an empty value
WARN: Environment variable `R_LIBS_SITE` evaluates to an empty value
WARN: Environment variable `R_LIBS_USER` evaluates to an empty value
WARN: Environment variable `R_LIBS_SITE` evaluates to an empty value
WARN: Environment variable `R_LIBS_USER` evaluates to an empty value
WARN: Environment variable `R_LIBS_SITE` evaluates to an empty value
WARN: Environment variable `R_LIBS_USER` evaluates to an empty value
WARN: Environment variable `R_LIBS_SITE` evaluates to an empty value
WARN: Environment variable `R_LIBS_USER` evaluates to an empty value
WARN: Environment variable `R_LIBS_SITE` evaluates to an empty value
WARN: Environment variable `R_LIBS_USER` evaluates to an empty value
WARN: Environment variable `R_LIBS_SITE` evaluates to an empty value
WARN: Environment variable `R_LIBS_USER` evaluates to an empty value
WARN: Environment variable `R_LIBS_SITE` evaluates to an empty value
WARN: Environment variable `R_LIBS_USER` evaluates to an empty value
WARN: Environment variable `R_LIBS_SITE` evaluates to an empty value
WARN: Environment variable `R_LIBS_USER` evaluates to an empty value
WARN: Environment variable `R_LIBS_SITE` evaluates to an empty value

executor >  local (11)
[7e/27e83e] PRE_STAGE:PRE_STAGE_FILES      | 1 of 1 ✔
[27/3eb80b] REA…SSING:FASTQC (ERR11435652) | 0 of 6
[00/4133a6] REA…CKSUM_VERIFY (ERR11435661) | 1 of 6
[-        ] READ_PROCESSING:TRIM_GALORE    | 0 of 6
[ce/a562fe] PAR…8.dna.primary_assembly.fa) | 0 of 1
[-        ] PAR…YSIS:PARABRICKS_FQ2BAMMETH -
[-        ] PAR…KS_ANALYSIS:SAMTOOLS_INDEX -
[-        ] PARABRICKS_ANALYSIS:QUALIMAP   -
[b0/5b699f] PAR…8.dna.primary_assembly.fa) | 1 of 1 ✔
[-        ] PAR…LYSIS:METHYLDACKEL_EXTRACT -
[-        ] DIF…METHYLATION:EDGER_ANALYSIS -
[-        ] DIF…YLATION:METHYLKIT_ANALYSIS -
[-        ] DIF…L_METHYLATION:DSS_ANALYSIS -
[-        ] RES…SIS:ANNOTATE_RESULTS_EDGER -
[-        ] RES…YSIS:POST_PROCESSING_EDGER -
[-        ] RES…:ENRICHMENT_ANALYSIS_EDGER -
[-        ] RES…:POST_PROCESSING_METHYLKIT -
[-        ] RES…ICHMENT_ANALYSIS_METHYLKIT -
[-        ] RES…LYSIS:ANNOTATE_RESULTS_DSS -
[-        ] RES…ALYSIS:POST_PROCESSING_DSS -
Plus 11 more processes waiting for tasks…
Creating sample channel from: /data/Jyotirmoy/JD/TwistMethylFlow-devel/MethylFlow/data/Sample_sheet_twist_minimal.csv
DIFFERENTIAL_METHYLATION: Prepared coverage files for analysis
DIFFERENTIAL_METHYLATION: Running EdgeR analysis
DIFFERENTIAL_METHYLATION: Running MethylKit analysis
Submitting to DIFFERENTIAL_METHYLATION with method: all
Running RESULT_ANALYSIS...
Starting Unified Clinical Results Layer...
WARN: There's no process matching config selector: SAMTOOLS_MERGE -- Did you mean: SAMTOOLS_SORT?
WARN: Environment variable `R_LIBS_USER` evaluates to an empty value
WARN: Environment variable `R_LIBS_SITE` evaluates to an empty value
WARN: Environment variable `R_LIBS_USER` evaluates to an empty value
WARN: Environment variable `R_LIBS_SITE` evaluates to an empty value
WARN: Environment variable `R_LIBS_USER` evaluates to an empty value
WARN: Environment variable `R_LIBS_SITE` evaluates to an empty value
WARN: Environment variable `R_LIBS_USER` evaluates to an empty value
WARN: Environment variable `R_LIBS_SITE` evaluates to an empty value
WARN: Environment variable `R_LIBS_USER` evaluates to an empty value
WARN: Environment variable `R_LIBS_SITE` evaluates to an empty value
WARN: Environment variable `R_LIBS_USER` evaluates to an empty value
WARN: Environment variable `R_LIBS_SITE` evaluates to an empty value
WARN: Environment variable `R_LIBS_USER` evaluates to an empty value
WARN: Environment variable `R_LIBS_SITE` evaluates to an empty value
WARN: Environment variable `R_LIBS_USER` evaluates to an empty value
WARN: Environment variable `R_LIBS_SITE` evaluates to an empty value
WARN: Environment variable `R_LIBS_USER` evaluates to an empty value
WARN: Environment variable `R_LIBS_SITE` evaluates to an empty value
WARN: Environment variable `R_LIBS_USER` evaluates to an empty value
WARN: Environment variable `R_LIBS_SITE` evaluates to an empty value
WARN: Environment variable `R_LIBS_USER` evaluates to an empty value
WARN: Environment variable `R_LIBS_SITE` evaluates to an empty value

executor >  local (12)
[7e/27e83e] PRE_STAGE:PRE_STAGE_FILES      | 1 of 1 ✔
[27/3eb80b] REA…SSING:FASTQC (ERR11435652) | 0 of 6
[05/470760] REA…CKSUM_VERIFY (ERR11435647) | 2 of 6
[-        ] READ_PROCESSING:TRIM_GALORE    | 0 of 6
[ce/a562fe] PAR…8.dna.primary_assembly.fa) | 0 of 1
[-        ] PAR…YSIS:PARABRICKS_FQ2BAMMETH -
[-        ] PAR…KS_ANALYSIS:SAMTOOLS_INDEX -
[-        ] PARABRICKS_ANALYSIS:QUALIMAP   -
[b0/5b699f] PAR…8.dna.primary_assembly.fa) | 1 of 1 ✔
[-        ] PAR…LYSIS:METHYLDACKEL_EXTRACT -
[-        ] DIF…METHYLATION:EDGER_ANALYSIS -
[-        ] DIF…YLATION:METHYLKIT_ANALYSIS -
[-        ] DIF…L_METHYLATION:DSS_ANALYSIS -
[-        ] RES…SIS:ANNOTATE_RESULTS_EDGER -
[-        ] RES…YSIS:POST_PROCESSING_EDGER -
[-        ] RES…:ENRICHMENT_ANALYSIS_EDGER -
[-        ] RES…:POST_PROCESSING_METHYLKIT -
[-        ] RES…ICHMENT_ANALYSIS_METHYLKIT -
[-        ] RES…LYSIS:ANNOTATE_RESULTS_DSS -
[-        ] RES…ALYSIS:POST_PROCESSING_DSS -
Plus 11 more processes waiting for tasks…
Creating sample channel from: /data/Jyotirmoy/JD/TwistMethylFlow-devel/MethylFlow/data/Sample_sheet_twist_minimal.csv
DIFFERENTIAL_METHYLATION: Prepared coverage files for analysis
DIFFERENTIAL_METHYLATION: Running EdgeR analysis
DIFFERENTIAL_METHYLATION: Running MethylKit analysis
Submitting to DIFFERENTIAL_METHYLATION with method: all
Running RESULT_ANALYSIS...
Starting Unified Clinical Results Layer...
WARN: There's no process matching config selector: SAMTOOLS_MERGE -- Did you mean: SAMTOOLS_SORT?
WARN: Environment variable `R_LIBS_USER` evaluates to an empty value
WARN: Environment variable `R_LIBS_SITE` evaluates to an empty value
WARN: Environment variable `R_LIBS_USER` evaluates to an empty value
WARN: Environment variable `R_LIBS_SITE` evaluates to an empty value
WARN: Environment variable `R_LIBS_USER` evaluates to an empty value
WARN: Environment variable `R_LIBS_SITE` evaluates to an empty value
WARN: Environment variable `R_LIBS_USER` evaluates to an empty value
WARN: Environment variable `R_LIBS_SITE` evaluates to an empty value
WARN: Environment variable `R_LIBS_USER` evaluates to an empty value
WARN: Environment variable `R_LIBS_SITE` evaluates to an empty value
WARN: Environment variable `R_LIBS_USER` evaluates to an empty value
WARN: Environment variable `R_LIBS_SITE` evaluates to an empty value
WARN: Environment variable `R_LIBS_USER` evaluates to an empty value
WARN: Environment variable `R_LIBS_SITE` evaluates to an empty value
WARN: Environment variable `R_LIBS_USER` evaluates to an empty value
WARN: Environment variable `R_LIBS_SITE` evaluates to an empty value
WARN: Environment variable `R_LIBS_USER` evaluates to an empty value
WARN: Environment variable `R_LIBS_SITE` evaluates to an empty value
WARN: Environment variable `R_LIBS_USER` evaluates to an empty value
WARN: Environment variable `R_LIBS_SITE` evaluates to an empty value
WARN: Environment variable `R_LIBS_USER` evaluates to an empty value
WARN: Environment variable `R_LIBS_SITE` evaluates to an empty value
WARN: Environment variable `R_LIBS_USER` evaluates to an empty value
WARN: Environment variable `R_LIBS_SITE` evaluates to an empty value

executor >  local (12)
[7e/27e83e] PRE_STAGE:PRE_STAGE_FILES      | 1 of 1 ✔
[27/3eb80b] REA…SSING:FASTQC (ERR11435652) | 0 of 6
[05/470760] REA…CKSUM_VERIFY (ERR11435647) | 2 of 6
[-        ] READ_PROCESSING:TRIM_GALORE    | 0 of 6
[ce/a562fe] PAR…8.dna.primary_assembly.fa) | 0 of 1
[-        ] PAR…YSIS:PARABRICKS_FQ2BAMMETH -
[-        ] PAR…KS_ANALYSIS:SAMTOOLS_INDEX -
[-        ] PARABRICKS_ANALYSIS:QUALIMAP   -
[b0/5b699f] PAR…8.dna.primary_assembly.fa) | 1 of 1 ✔
[-        ] PAR…LYSIS:METHYLDACKEL_EXTRACT -
[-        ] DIF…METHYLATION:EDGER_ANALYSIS -
[-        ] DIF…YLATION:METHYLKIT_ANALYSIS -
[-        ] DIF…L_METHYLATION:DSS_ANALYSIS -
[-        ] RES…SIS:ANNOTATE_RESULTS_EDGER -
[-        ] RES…YSIS:POST_PROCESSING_EDGER -
[-        ] RES…:ENRICHMENT_ANALYSIS_EDGER -
[-        ] RES…:POST_PROCESSING_METHYLKIT -
[-        ] RES…ICHMENT_ANALYSIS_METHYLKIT -
[-        ] RES…LYSIS:ANNOTATE_RESULTS_DSS -
[-        ] RES…ALYSIS:POST_PROCESSING_DSS -
Plus 11 more processes waiting for tasks…
Creating sample channel from: /data/Jyotirmoy/JD/TwistMethylFlow-devel/MethylFlow/data/Sample_sheet_twist_minimal.csv
DIFFERENTIAL_METHYLATION: Prepared coverage files for analysis
DIFFERENTIAL_METHYLATION: Running EdgeR analysis
DIFFERENTIAL_METHYLATION: Running MethylKit analysis
Submitting to DIFFERENTIAL_METHYLATION with method: all
Running RESULT_ANALYSIS...
Starting Unified Clinical Results Layer...
WARN: There's no process matching config selector: SAMTOOLS_MERGE -- Did you mean: SAMTOOLS_SORT?
WARN: Environment variable `R_LIBS_USER` evaluates to an empty value
WARN: Environment variable `R_LIBS_SITE` evaluates to an empty value
WARN: Environment variable `R_LIBS_USER` evaluates to an empty value
WARN: Environment variable `R_LIBS_SITE` evaluates to an empty value
WARN: Environment variable `R_LIBS_USER` evaluates to an empty value
WARN: Environment variable `R_LIBS_SITE` evaluates to an empty value
WARN: Environment variable `R_LIBS_USER` evaluates to an empty value
WARN: Environment variable `R_LIBS_SITE` evaluates to an empty value
WARN: Environment variable `R_LIBS_USER` evaluates to an empty value
WARN: Environment variable `R_LIBS_SITE` evaluates to an empty value
WARN: Environment variable `R_LIBS_USER` evaluates to an empty value
WARN: Environment variable `R_LIBS_SITE` evaluates to an empty value
WARN: Environment variable `R_LIBS_USER` evaluates to an empty value
WARN: Environment variable `R_LIBS_SITE` evaluates to an empty value
WARN: Environment variable `R_LIBS_USER` evaluates to an empty value
WARN: Environment variable `R_LIBS_SITE` evaluates to an empty value
WARN: Environment variable `R_LIBS_USER` evaluates to an empty value
WARN: Environment variable `R_LIBS_SITE` evaluates to an empty value
WARN: Environment variable `R_LIBS_USER` evaluates to an empty value
WARN: Environment variable `R_LIBS_SITE` evaluates to an empty value
WARN: Environment variable `R_LIBS_USER` evaluates to an empty value
WARN: Environment variable `R_LIBS_SITE` evaluates to an empty value
WARN: Environment variable `R_LIBS_USER` evaluates to an empty value
WARN: Environment variable `R_LIBS_SITE` evaluates to an empty value

executor >  local (13)
[7e/27e83e] PRE_STAGE:PRE_STAGE_FILES      | 1 of 1 ✔
[27/3eb80b] REA…SSING:FASTQC (ERR11435652) | 0 of 6
[52/129138] REA…CKSUM_VERIFY (ERR11435646) | 3 of 6
[cc/3ca6aa] REA…:TRIM_GALORE (ERR11435661) | 0 of 6
[ce/a562fe] PAR…8.dna.primary_assembly.fa) | 0 of 1
[-        ] PAR…YSIS:PARABRICKS_FQ2BAMMETH -
[-        ] PAR…KS_ANALYSIS:SAMTOOLS_INDEX -
[-        ] PARABRICKS_ANALYSIS:QUALIMAP   -
[b0/5b699f] PAR…8.dna.primary_assembly.fa) | 1 of 1 ✔
[-        ] PAR…LYSIS:METHYLDACKEL_EXTRACT -
[-        ] DIF…METHYLATION:EDGER_ANALYSIS -
[-        ] DIF…YLATION:METHYLKIT_ANALYSIS -
[-        ] DIF…L_METHYLATION:DSS_ANALYSIS -
[-        ] RES…SIS:ANNOTATE_RESULTS_EDGER -
[-        ] RES…YSIS:POST_PROCESSING_EDGER -
[-        ] RES…:ENRICHMENT_ANALYSIS_EDGER -
[-        ] RES…:POST_PROCESSING_METHYLKIT -
[-        ] RES…ICHMENT_ANALYSIS_METHYLKIT -
[-        ] RES…LYSIS:ANNOTATE_RESULTS_DSS -
[-        ] RES…ALYSIS:POST_PROCESSING_DSS -
Plus 11 more processes waiting for tasks…
Creating sample channel from: /data/Jyotirmoy/JD/TwistMethylFlow-devel/MethylFlow/data/Sample_sheet_twist_minimal.csv
DIFFERENTIAL_METHYLATION: Prepared coverage files for analysis
DIFFERENTIAL_METHYLATION: Running EdgeR analysis
DIFFERENTIAL_METHYLATION: Running MethylKit analysis
Submitting to DIFFERENTIAL_METHYLATION with method: all
Running RESULT_ANALYSIS...
Starting Unified Clinical Results Layer...
WARN: There's no process matching config selector: SAMTOOLS_MERGE -- Did you mean: SAMTOOLS_SORT?
WARN: Environment variable `R_LIBS_USER` evaluates to an empty value
WARN: Environment variable `R_LIBS_SITE` evaluates to an empty value
WARN: Environment variable `R_LIBS_USER` evaluates to an empty value
WARN: Environment variable `R_LIBS_SITE` evaluates to an empty value
WARN: Environment variable `R_LIBS_USER` evaluates to an empty value
WARN: Environment variable `R_LIBS_SITE` evaluates to an empty value
WARN: Environment variable `R_LIBS_USER` evaluates to an empty value
WARN: Environment variable `R_LIBS_SITE` evaluates to an empty value
WARN: Environment variable `R_LIBS_USER` evaluates to an empty value
WARN: Environment variable `R_LIBS_SITE` evaluates to an empty value
WARN: Environment variable `R_LIBS_USER` evaluates to an empty value
WARN: Environment variable `R_LIBS_SITE` evaluates to an empty value
WARN: Environment variable `R_LIBS_USER` evaluates to an empty value
WARN: Environment variable `R_LIBS_SITE` evaluates to an empty value
WARN: Environment variable `R_LIBS_USER` evaluates to an empty value
WARN: Environment variable `R_LIBS_SITE` evaluates to an empty value
WARN: Environment variable `R_LIBS_USER` evaluates to an empty value
WARN: Environment variable `R_LIBS_SITE` evaluates to an empty value
WARN: Environment variable `R_LIBS_USER` evaluates to an empty value
WARN: Environment variable `R_LIBS_SITE` evaluates to an empty value
WARN: Environment variable `R_LIBS_USER` evaluates to an empty value
WARN: Environment variable `R_LIBS_SITE` evaluates to an empty value
WARN: Environment variable `R_LIBS_USER` evaluates to an empty value
WARN: Environment variable `R_LIBS_SITE` evaluates to an empty value
WARN: Environment variable `R_LIBS_USER` evaluates to an empty value
WARN: Environment variable `R_LIBS_SITE` evaluates to an empty value

executor >  local (14)
[7e/27e83e] PRE_STAGE:PRE_STAGE_FILES      | 1 of 1 ✔
[27/3eb80b] REA…SSING:FASTQC (ERR11435652) | 0 of 6
[55/7009a9] REA…CKSUM_VERIFY (ERR11435654) | 4 of 6
[6a/5aa993] REA…:TRIM_GALORE (ERR11435647) | 0 of 6
[ce/a562fe] PAR…8.dna.primary_assembly.fa) | 0 of 1
[-        ] PAR…YSIS:PARABRICKS_FQ2BAMMETH -
[-        ] PAR…KS_ANALYSIS:SAMTOOLS_INDEX -
[-        ] PARABRICKS_ANALYSIS:QUALIMAP   -
[b0/5b699f] PAR…8.dna.primary_assembly.fa) | 1 of 1 ✔
[-        ] PAR…LYSIS:METHYLDACKEL_EXTRACT -
[-        ] DIF…METHYLATION:EDGER_ANALYSIS -
[-        ] DIF…YLATION:METHYLKIT_ANALYSIS -
[-        ] DIF…L_METHYLATION:DSS_ANALYSIS -
[-        ] RES…SIS:ANNOTATE_RESULTS_EDGER -
[-        ] RES…YSIS:POST_PROCESSING_EDGER -
[-        ] RES…:ENRICHMENT_ANALYSIS_EDGER -
[-        ] RES…:POST_PROCESSING_METHYLKIT -
[-        ] RES…ICHMENT_ANALYSIS_METHYLKIT -
[-        ] RES…LYSIS:ANNOTATE_RESULTS_DSS -
[-        ] RES…ALYSIS:POST_PROCESSING_DSS -
Plus 11 more processes waiting for tasks…
Creating sample channel from: /data/Jyotirmoy/JD/TwistMethylFlow-devel/MethylFlow/data/Sample_sheet_twist_minimal.csv
DIFFERENTIAL_METHYLATION: Prepared coverage files for analysis
DIFFERENTIAL_METHYLATION: Running EdgeR analysis
DIFFERENTIAL_METHYLATION: Running MethylKit analysis
Submitting to DIFFERENTIAL_METHYLATION with method: all
Running RESULT_ANALYSIS...
Starting Unified Clinical Results Layer...
WARN: There's no process matching config selector: SAMTOOLS_MERGE -- Did you mean: SAMTOOLS_SORT?
WARN: Environment variable `R_LIBS_USER` evaluates to an empty value
WARN: Environment variable `R_LIBS_SITE` evaluates to an empty value
WARN: Environment variable `R_LIBS_USER` evaluates to an empty value
WARN: Environment variable `R_LIBS_SITE` evaluates to an empty value
WARN: Environment variable `R_LIBS_USER` evaluates to an empty value
WARN: Environment variable `R_LIBS_SITE` evaluates to an empty value
WARN: Environment variable `R_LIBS_USER` evaluates to an empty value
WARN: Environment variable `R_LIBS_SITE` evaluates to an empty value
WARN: Environment variable `R_LIBS_USER` evaluates to an empty value
WARN: Environment variable `R_LIBS_SITE` evaluates to an empty value
WARN: Environment variable `R_LIBS_USER` evaluates to an empty value
WARN: Environment variable `R_LIBS_SITE` evaluates to an empty value
WARN: Environment variable `R_LIBS_USER` evaluates to an empty value
WARN: Environment variable `R_LIBS_SITE` evaluates to an empty value
WARN: Environment variable `R_LIBS_USER` evaluates to an empty value
WARN: Environment variable `R_LIBS_SITE` evaluates to an empty value
WARN: Environment variable `R_LIBS_USER` evaluates to an empty value
WARN: Environment variable `R_LIBS_SITE` evaluates to an empty value
WARN: Environment variable `R_LIBS_USER` evaluates to an empty value
WARN: Environment variable `R_LIBS_SITE` evaluates to an empty value
WARN: Environment variable `R_LIBS_USER` evaluates to an empty value
WARN: Environment variable `R_LIBS_SITE` evaluates to an empty value
WARN: Environment variable `R_LIBS_USER` evaluates to an empty value
WARN: Environment variable `R_LIBS_SITE` evaluates to an empty value
WARN: Environment variable `R_LIBS_USER` evaluates to an empty value
WARN: Environment variable `R_LIBS_SITE` evaluates to an empty value
WARN: Environment variable `R_LIBS_USER` evaluates to an empty value
WARN: Environment variable `R_LIBS_SITE` evaluates to an empty value

executor >  local (15)
[7e/27e83e] PRE_STAGE:PRE_STAGE_FILES      | 1 of 1 ✔
[27/3eb80b] REA…SSING:FASTQC (ERR11435652) | 0 of 6
[58/7f818f] REA…CKSUM_VERIFY (ERR11435652) | 5 of 6
[4a/01cf19] REA…:TRIM_GALORE (ERR11435654) | 0 of 6
[ce/a562fe] PAR…8.dna.primary_assembly.fa) | 0 of 1
[-        ] PAR…YSIS:PARABRICKS_FQ2BAMMETH -
[-        ] PAR…KS_ANALYSIS:SAMTOOLS_INDEX -
[-        ] PARABRICKS_ANALYSIS:QUALIMAP   -
[b0/5b699f] PAR…8.dna.primary_assembly.fa) | 1 of 1 ✔
[-        ] PAR…LYSIS:METHYLDACKEL_EXTRACT -
[-        ] DIF…METHYLATION:EDGER_ANALYSIS -
[-        ] DIF…YLATION:METHYLKIT_ANALYSIS -
[-        ] DIF…L_METHYLATION:DSS_ANALYSIS -
[-        ] RES…SIS:ANNOTATE_RESULTS_EDGER -
[-        ] RES…YSIS:POST_PROCESSING_EDGER -
[-        ] RES…:ENRICHMENT_ANALYSIS_EDGER -
[-        ] RES…:POST_PROCESSING_METHYLKIT -
[-        ] RES…ICHMENT_ANALYSIS_METHYLKIT -
[-        ] RES…LYSIS:ANNOTATE_RESULTS_DSS -
[-        ] RES…ALYSIS:POST_PROCESSING_DSS -
Plus 11 more processes waiting for tasks…
Creating sample channel from: /data/Jyotirmoy/JD/TwistMethylFlow-devel/MethylFlow/data/Sample_sheet_twist_minimal.csv
DIFFERENTIAL_METHYLATION: Prepared coverage files for analysis
DIFFERENTIAL_METHYLATION: Running EdgeR analysis
DIFFERENTIAL_METHYLATION: Running MethylKit analysis
Submitting to DIFFERENTIAL_METHYLATION with method: all
Running RESULT_ANALYSIS...
Starting Unified Clinical Results Layer...
WARN: There's no process matching config selector: SAMTOOLS_MERGE -- Did you mean: SAMTOOLS_SORT?
WARN: Environment variable `R_LIBS_USER` evaluates to an empty value
WARN: Environment variable `R_LIBS_SITE` evaluates to an empty value
WARN: Environment variable `R_LIBS_USER` evaluates to an empty value
WARN: Environment variable `R_LIBS_SITE` evaluates to an empty value
WARN: Environment variable `R_LIBS_USER` evaluates to an empty value
WARN: Environment variable `R_LIBS_SITE` evaluates to an empty value
WARN: Environment variable `R_LIBS_USER` evaluates to an empty value
WARN: Environment variable `R_LIBS_SITE` evaluates to an empty value
WARN: Environment variable `R_LIBS_USER` evaluates to an empty value
WARN: Environment variable `R_LIBS_SITE` evaluates to an empty value
WARN: Environment variable `R_LIBS_USER` evaluates to an empty value
WARN: Environment variable `R_LIBS_SITE` evaluates to an empty value
WARN: Environment variable `R_LIBS_USER` evaluates to an empty value
WARN: Environment variable `R_LIBS_SITE` evaluates to an empty value
WARN: Environment variable `R_LIBS_USER` evaluates to an empty value
WARN: Environment variable `R_LIBS_SITE` evaluates to an empty value
WARN: Environment variable `R_LIBS_USER` evaluates to an empty value
WARN: Environment variable `R_LIBS_SITE` evaluates to an empty value
WARN: Environment variable `R_LIBS_USER` evaluates to an empty value
WARN: Environment variable `R_LIBS_SITE` evaluates to an empty value
WARN: Environment variable `R_LIBS_USER` evaluates to an empty value
WARN: Environment variable `R_LIBS_SITE` evaluates to an empty value
WARN: Environment variable `R_LIBS_USER` evaluates to an empty value
WARN: Environment variable `R_LIBS_SITE` evaluates to an empty value
WARN: Environment variable `R_LIBS_USER` evaluates to an empty value
WARN: Environment variable `R_LIBS_SITE` evaluates to an empty value
WARN: Environment variable `R_LIBS_USER` evaluates to an empty value
WARN: Environment variable `R_LIBS_SITE` evaluates to an empty value
WARN: Environment variable `R_LIBS_USER` evaluates to an empty value
WARN: Environment variable `R_LIBS_SITE` evaluates to an empty value

executor >  local (16)
[7e/27e83e] PRE_STAGE:PRE_STAGE_FILES      | 1 of 1 ✔
[27/3eb80b] REA…SSING:FASTQC (ERR11435652) | 0 of 6
[05/470760] REA…CKSUM_VERIFY (ERR11435647) | 6 of 6 ✔
[1c/7f91c6] REA…:TRIM_GALORE (ERR11435652) | 0 of 6
[ce/a562fe] PAR…8.dna.primary_assembly.fa) | 0 of 1
[-        ] PAR…YSIS:PARABRICKS_FQ2BAMMETH -
[-        ] PAR…KS_ANALYSIS:SAMTOOLS_INDEX -
[-        ] PARABRICKS_ANALYSIS:QUALIMAP   -
[b0/5b699f] PAR…8.dna.primary_assembly.fa) | 1 of 1 ✔
[-        ] PAR…LYSIS:METHYLDACKEL_EXTRACT -
[-        ] DIF…METHYLATION:EDGER_ANALYSIS -
[-        ] DIF…YLATION:METHYLKIT_ANALYSIS -
[-        ] DIF…L_METHYLATION:DSS_ANALYSIS -
[-        ] RES…SIS:ANNOTATE_RESULTS_EDGER -
[-        ] RES…YSIS:POST_PROCESSING_EDGER -
[-        ] RES…:ENRICHMENT_ANALYSIS_EDGER -
[-        ] RES…:POST_PROCESSING_METHYLKIT -
[-        ] RES…ICHMENT_ANALYSIS_METHYLKIT -
[-        ] RES…LYSIS:ANNOTATE_RESULTS_DSS -
[-        ] RES…ALYSIS:POST_PROCESSING_DSS -
Plus 11 more processes waiting for tasks…







WARN: Environment variable `R_LIBS_USER` evaluates to an empty value
WARN: Environment variable `R_LIBS_SITE` evaluates to an empty value
WARN: Environment variable `R_LIBS_USER` evaluates to an empty value
WARN: Environment variable `R_LIBS_SITE` evaluates to an empty value
WARN: Environment variable `R_LIBS_USER` evaluates to an empty value
WARN: Environment variable `R_LIBS_SITE` evaluates to an empty value
WARN: Environment variable `R_LIBS_USER` evaluates to an empty value
WARN: Environment variable `R_LIBS_SITE` evaluates to an empty value
WARN: Environment variable `R_LIBS_USER` evaluates to an empty value
WARN: Environment variable `R_LIBS_SITE` evaluates to an empty value
WARN: Environment variable `R_LIBS_USER` evaluates to an empty value
WARN: Environment variable `R_LIBS_SITE` evaluates to an empty value
WARN: Environment variable `R_LIBS_USER` evaluates to an empty value
WARN: Environment variable `R_LIBS_SITE` evaluates to an empty value




















executor >  local (16)
[7e/27e83e] PRE_STAGE:PRE_STAGE_FILES      | 1 of 1 ✔
[27/3eb80b] REA…SSING:FASTQC (ERR11435652) | 0 of 6
[05/470760] REA…CKSUM_VERIFY (ERR11435647) | 6 of 6 ✔
[1c/7f91c6] REA…:TRIM_GALORE (ERR11435652) | 0 of 6
[ce/a562fe] PAR…8.dna.primary_assembly.fa) | 0 of 1
[-        ] PAR…YSIS:PARABRICKS_FQ2BAMMETH -
[-        ] PAR…KS_ANALYSIS:SAMTOOLS_INDEX -
[-        ] PARABRICKS_ANALYSIS:QUALIMAP   -
[b0/5b699f] PAR…8.dna.primary_assembly.fa) | 1 of 1 ✔
[-        ] PAR…LYSIS:METHYLDACKEL_EXTRACT -
[-        ] DIF…METHYLATION:EDGER_ANALYSIS -
[-        ] DIF…YLATION:METHYLKIT_ANALYSIS -
[-        ] DIF…L_METHYLATION:DSS_ANALYSIS -
[-        ] RES…SIS:ANNOTATE_RESULTS_EDGER -
[-        ] RES…YSIS:POST_PROCESSING_EDGER -
[-        ] RES…:ENRICHMENT_ANALYSIS_EDGER -
[-        ] RES…:POST_PROCESSING_METHYLKIT -
[-        ] RES…ICHMENT_ANALYSIS_METHYLKIT -
[-        ] RES…LYSIS:ANNOTATE_RESULTS_DSS -
[-        ] RES…ALYSIS:POST_PROCESSING_DSS -
Plus 11 more processes waiting for tasks…
WARN: Environment variable `R_LIBS_USER` evaluates to an empty value
WARN: Environment variable `R_LIBS_SITE` evaluates to an empty value
WARN: Environment variable `R_LIBS_USER` evaluates to an empty value
WARN: Environment variable `R_LIBS_SITE` evaluates to an empty value
WARN: Environment variable `R_LIBS_USER` evaluates to an empty value
WARN: Environment variable `R_LIBS_SITE` evaluates to an empty value
WARN: Environment variable `R_LIBS_USER` evaluates to an empty value
WARN: Environment variable `R_LIBS_SITE` evaluates to an empty value
WARN: Environment variable `R_LIBS_USER` evaluates to an empty value
WARN: Environment variable `R_LIBS_SITE` evaluates to an empty value
WARN: Environment variable `R_LIBS_USER` evaluates to an empty value
WARN: Environment variable `R_LIBS_SITE` evaluates to an empty value
WARN: Environment variable `R_LIBS_USER` evaluates to an empty value
WARN: Environment variable `R_LIBS_SITE` evaluates to an empty value



























executor >  local (17)
[7e/27e83e] PRE_STAGE:PRE_STAGE_FILES      | 1 of 1 ✔
[27/3eb80b] REA…SSING:FASTQC (ERR11435652) | 0 of 6
[05/470760] REA…CKSUM_VERIFY (ERR11435647) | 6 of 6 ✔
[cc/3ca6aa] REA…:TRIM_GALORE (ERR11435661) | 1 of 6
[ce/a562fe] PAR…8.dna.primary_assembly.fa) | 0 of 1
[-        ] PAR…YSIS:PARABRICKS_FQ2BAMMETH -
[-        ] PAR…KS_ANALYSIS:SAMTOOLS_INDEX -
[-        ] PARABRICKS_ANALYSIS:QUALIMAP   -
[b0/5b699f] PAR…8.dna.primary_assembly.fa) | 1 of 1 ✔
[-        ] PAR…LYSIS:METHYLDACKEL_EXTRACT -
[-        ] DIF…METHYLATION:EDGER_ANALYSIS -
[-        ] DIF…YLATION:METHYLKIT_ANALYSIS -
[-        ] DIF…L_METHYLATION:DSS_ANALYSIS -
[-        ] RES…SIS:ANNOTATE_RESULTS_EDGER -
[-        ] RES…YSIS:POST_PROCESSING_EDGER -
[-        ] RES…:ENRICHMENT_ANALYSIS_EDGER -
[-        ] RES…:POST_PROCESSING_METHYLKIT -
[-        ] RES…ICHMENT_ANALYSIS_METHYLKIT -
[-        ] RES…LYSIS:ANNOTATE_RESULTS_DSS -
[-        ] RES…ALYSIS:POST_PROCESSING_DSS -
Plus 11 more processes waiting for tasks…
WARN: Environment variable `R_LIBS_USER` evaluates to an empty value
WARN: Environment variable `R_LIBS_SITE` evaluates to an empty value















executor >  local (17)
[7e/27e83e] PRE_STAGE:PRE_STAGE_FILES      | 1 of 1 ✔
[27/3eb80b] REA…SSING:FASTQC (ERR11435652) | 0 of 6
[05/470760] REA…CKSUM_VERIFY (ERR11435647) | 6 of 6 ✔
[cc/3ca6aa] REA…:TRIM_GALORE (ERR11435661) | 1 of 6
[ce/a562fe] PAR…8.dna.primary_assembly.fa) | 0 of 1
[-        ] PAR…YSIS:PARABRICKS_FQ2BAMMETH -
[-        ] PAR…KS_ANALYSIS:SAMTOOLS_INDEX -
[-        ] PARABRICKS_ANALYSIS:QUALIMAP   -
[b0/5b699f] PAR…8.dna.primary_assembly.fa) | 1 of 1 ✔
[-        ] PAR…LYSIS:METHYLDACKEL_EXTRACT -
[-        ] DIF…METHYLATION:EDGER_ANALYSIS -
[-        ] DIF…YLATION:METHYLKIT_ANALYSIS -
[-        ] DIF…L_METHYLATION:DSS_ANALYSIS -
[-        ] RES…SIS:ANNOTATE_RESULTS_EDGER -
[-        ] RES…YSIS:POST_PROCESSING_EDGER -
[-        ] RES…:ENRICHMENT_ANALYSIS_EDGER -
[-        ] RES…:POST_PROCESSING_METHYLKIT -
[-        ] RES…ICHMENT_ANALYSIS_METHYLKIT -
[-        ] RES…LYSIS:ANNOTATE_RESULTS_DSS -
[-        ] RES…ALYSIS:POST_PROCESSING_DSS -
Plus 11 more processes waiting for tasks…
WARN: Environment variable `R_LIBS_USER` evaluates to an empty value
WARN: Environment variable `R_LIBS_SITE` evaluates to an empty value
WARN: Environment variable `R_LIBS_USER` evaluates to an empty value
WARN: Environment variable `R_LIBS_SITE` evaluates to an empty value













executor >  local (18)
[7e/27e83e] PRE_STAGE:PRE_STAGE_FILES      | 1 of 1 ✔
[35/293fa7] REA…SSING:FASTQC (ERR11435661) | 0 of 6
[05/470760] REA…CKSUM_VERIFY (ERR11435647) | 6 of 6 ✔
[6a/5aa993] REA…:TRIM_GALORE (ERR11435647) | 2 of 6
[ce/a562fe] PAR…8.dna.primary_assembly.fa) | 0 of 1
[-        ] PAR…YSIS:PARABRICKS_FQ2BAMMETH -
[-        ] PAR…KS_ANALYSIS:SAMTOOLS_INDEX -
[-        ] PARABRICKS_ANALYSIS:QUALIMAP   -
[b0/5b699f] PAR…8.dna.primary_assembly.fa) | 1 of 1 ✔
[-        ] PAR…LYSIS:METHYLDACKEL_EXTRACT -
[-        ] DIF…METHYLATION:EDGER_ANALYSIS -
[-        ] DIF…YLATION:METHYLKIT_ANALYSIS -
[-        ] DIF…L_METHYLATION:DSS_ANALYSIS -
[-        ] RES…SIS:ANNOTATE_RESULTS_EDGER -
[-        ] RES…YSIS:POST_PROCESSING_EDGER -
[-        ] RES…:ENRICHMENT_ANALYSIS_EDGER -
[-        ] RES…:POST_PROCESSING_METHYLKIT -
[-        ] RES…ICHMENT_ANALYSIS_METHYLKIT -
[-        ] RES…LYSIS:ANNOTATE_RESULTS_DSS -
[-        ] RES…ALYSIS:POST_PROCESSING_DSS -
Plus 11 more processes waiting for tasks…
WARN: Environment variable `R_LIBS_USER` evaluates to an empty value
WARN: Environment variable `R_LIBS_SITE` evaluates to an empty value
WARN: Environment variable `R_LIBS_USER` evaluates to an empty value
WARN: Environment variable `R_LIBS_SITE` evaluates to an empty value

executor >  local (19)
[7e/27e83e] PRE_STAGE:PRE_STAGE_FILES      | 1 of 1 ✔
[55/4f10d7] REA…SSING:FASTQC (ERR11435646) | 0 of 6
[05/470760] REA…CKSUM_VERIFY (ERR11435647) | 6 of 6 ✔
[4a/01cf19] REA…:TRIM_GALORE (ERR11435654) | 3 of 6
[ce/a562fe] PAR…8.dna.primary_assembly.fa) | 0 of 1
[-        ] PAR…YSIS:PARABRICKS_FQ2BAMMETH -
[-        ] PAR…KS_ANALYSIS:SAMTOOLS_INDEX -
[-        ] PARABRICKS_ANALYSIS:QUALIMAP   -
[b0/5b699f] PAR…8.dna.primary_assembly.fa) | 1 of 1 ✔
[-        ] PAR…LYSIS:METHYLDACKEL_EXTRACT -
[-        ] DIF…METHYLATION:EDGER_ANALYSIS -
[-        ] DIF…YLATION:METHYLKIT_ANALYSIS -
[-        ] DIF…L_METHYLATION:DSS_ANALYSIS -
[-        ] RES…SIS:ANNOTATE_RESULTS_EDGER -
[-        ] RES…YSIS:POST_PROCESSING_EDGER -
[-        ] RES…:ENRICHMENT_ANALYSIS_EDGER -
[-        ] RES…:POST_PROCESSING_METHYLKIT -
[-        ] RES…ICHMENT_ANALYSIS_METHYLKIT -
[-        ] RES…LYSIS:ANNOTATE_RESULTS_DSS -
[-        ] RES…ALYSIS:POST_PROCESSING_DSS -
Plus 11 more processes waiting for tasks…
WARN: Environment variable `R_LIBS_USER` evaluates to an empty value
WARN: Environment variable `R_LIBS_SITE` evaluates to an empty value





executor >  local (19)
[7e/27e83e] PRE_STAGE:PRE_STAGE_FILES      | 1 of 1 ✔
[55/4f10d7] REA…SSING:FASTQC (ERR11435646) | 0 of 6
[05/470760] REA…CKSUM_VERIFY (ERR11435647) | 6 of 6 ✔
[4a/01cf19] REA…:TRIM_GALORE (ERR11435654) | 3 of 6
[ce/a562fe] PAR…8.dna.primary_assembly.fa) | 0 of 1
[-        ] PAR…YSIS:PARABRICKS_FQ2BAMMETH -
[-        ] PAR…KS_ANALYSIS:SAMTOOLS_INDEX -
[-        ] PARABRICKS_ANALYSIS:QUALIMAP   -
[b0/5b699f] PAR…8.dna.primary_assembly.fa) | 1 of 1 ✔
[-        ] PAR…LYSIS:METHYLDACKEL_EXTRACT -
[-        ] DIF…METHYLATION:EDGER_ANALYSIS -
[-        ] DIF…YLATION:METHYLKIT_ANALYSIS -
[-        ] DIF…L_METHYLATION:DSS_ANALYSIS -
[-        ] RES…SIS:ANNOTATE_RESULTS_EDGER -
[-        ] RES…YSIS:POST_PROCESSING_EDGER -
[-        ] RES…:ENRICHMENT_ANALYSIS_EDGER -
[-        ] RES…:POST_PROCESSING_METHYLKIT -
[-        ] RES…ICHMENT_ANALYSIS_METHYLKIT -
[-        ] RES…LYSIS:ANNOTATE_RESULTS_DSS -
[-        ] RES…ALYSIS:POST_PROCESSING_DSS -
Plus 11 more processes waiting for tasks…
WARN: Environment variable `R_LIBS_USER` evaluates to an empty value
WARN: Environment variable `R_LIBS_SITE` evaluates to an empty value





executor >  local (20)
[7e/27e83e] PRE_STAGE:PRE_STAGE_FILES      | 1 of 1 ✔
[55/4f10d7] REA…SSING:FASTQC (ERR11435646) | 0 of 6
[05/470760] REA…CKSUM_VERIFY (ERR11435647) | 6 of 6 ✔
[1c/7f91c6] REA…:TRIM_GALORE (ERR11435652) | 4 of 6
[ce/a562fe] PAR…8.dna.primary_assembly.fa) | 0 of 1
[-        ] PAR…YSIS:PARABRICKS_FQ2BAMMETH -
[-        ] PAR…KS_ANALYSIS:SAMTOOLS_INDEX -
[-        ] PARABRICKS_ANALYSIS:QUALIMAP   -
[b0/5b699f] PAR…8.dna.primary_assembly.fa) | 1 of 1 ✔
[-        ] PAR…LYSIS:METHYLDACKEL_EXTRACT -
[-        ] DIF…METHYLATION:EDGER_ANALYSIS -
[-        ] DIF…YLATION:METHYLKIT_ANALYSIS -
[-        ] DIF…L_METHYLATION:DSS_ANALYSIS -
[-        ] RES…SIS:ANNOTATE_RESULTS_EDGER -
[-        ] RES…YSIS:POST_PROCESSING_EDGER -
[-        ] RES…:ENRICHMENT_ANALYSIS_EDGER -
[-        ] RES…:POST_PROCESSING_METHYLKIT -
[-        ] RES…ICHMENT_ANALYSIS_METHYLKIT -
[-        ] RES…LYSIS:ANNOTATE_RESULTS_DSS -
[-        ] RES…ALYSIS:POST_PROCESSING_DSS -
Plus 11 more processes waiting for tasks…
WARN: Environment variable `R_LIBS_USER` evaluates to an empty value
WARN: Environment variable `R_LIBS_SITE` evaluates to an empty value
WARN: Environment variable `R_LIBS_USER` evaluates to an empty value
WARN: Environment variable `R_LIBS_SITE` evaluates to an empty value

executor >  local (21)
[7e/27e83e] PRE_STAGE:PRE_STAGE_FILES      | 1 of 1 ✔
[ed/b8a12a] REA…SSING:FASTQC (ERR11435659) | 0 of 6
[05/470760] REA…CKSUM_VERIFY (ERR11435647) | 6 of 6 ✔
[29/b32aae] REA…:TRIM_GALORE (ERR11435646) | 5 of 6
[ce/a562fe] PAR…8.dna.primary_assembly.fa) | 0 of 1
[-        ] PAR…YSIS:PARABRICKS_FQ2BAMMETH -
[-        ] PAR…KS_ANALYSIS:SAMTOOLS_INDEX -
[-        ] PARABRICKS_ANALYSIS:QUALIMAP   -
[b0/5b699f] PAR…8.dna.primary_assembly.fa) | 1 of 1 ✔
[-        ] PAR…LYSIS:METHYLDACKEL_EXTRACT -
[-        ] DIF…METHYLATION:EDGER_ANALYSIS -
[-        ] DIF…YLATION:METHYLKIT_ANALYSIS -
[-        ] DIF…L_METHYLATION:DSS_ANALYSIS -
[-        ] RES…SIS:ANNOTATE_RESULTS_EDGER -
[-        ] RES…YSIS:POST_PROCESSING_EDGER -
[-        ] RES…:ENRICHMENT_ANALYSIS_EDGER -
[-        ] RES…:POST_PROCESSING_METHYLKIT -
[-        ] RES…ICHMENT_ANALYSIS_METHYLKIT -
[-        ] RES…LYSIS:ANNOTATE_RESULTS_DSS -
[-        ] RES…ALYSIS:POST_PROCESSING_DSS -
Plus 11 more processes waiting for tasks…
WARN: Environment variable `R_LIBS_USER` evaluates to an empty value
WARN: Environment variable `R_LIBS_SITE` evaluates to an empty value
WARN: Environment variable `R_LIBS_USER` evaluates to an empty value
WARN: Environment variable `R_LIBS_SITE` evaluates to an empty value
WARN: Environment variable `R_LIBS_USER` evaluates to an empty value
WARN: Environment variable `R_LIBS_SITE` evaluates to an empty value

executor >  local (21)
[7e/27e83e] PRE_STAGE:PRE_STAGE_FILES      | 1 of 1 ✔
[ed/b8a12a] REA…SSING:FASTQC (ERR11435659) | 0 of 6
[05/470760] REA…CKSUM_VERIFY (ERR11435647) | 6 of 6 ✔
[29/b32aae] REA…:TRIM_GALORE (ERR11435646) | 5 of 6
[ce/a562fe] PAR…8.dna.primary_assembly.fa) | 0 of 1
[-        ] PAR…YSIS:PARABRICKS_FQ2BAMMETH -
[-        ] PAR…KS_ANALYSIS:SAMTOOLS_INDEX -
[-        ] PARABRICKS_ANALYSIS:QUALIMAP   -
[b0/5b699f] PAR…8.dna.primary_assembly.fa) | 1 of 1 ✔
[-        ] PAR…LYSIS:METHYLDACKEL_EXTRACT -
[-        ] DIF…METHYLATION:EDGER_ANALYSIS -
[-        ] DIF…YLATION:METHYLKIT_ANALYSIS -
[-        ] DIF…L_METHYLATION:DSS_ANALYSIS -
[-        ] RES…SIS:ANNOTATE_RESULTS_EDGER -
[-        ] RES…YSIS:POST_PROCESSING_EDGER -
[-        ] RES…:ENRICHMENT_ANALYSIS_EDGER -
[-        ] RES…:POST_PROCESSING_METHYLKIT -
[-        ] RES…ICHMENT_ANALYSIS_METHYLKIT -
[-        ] RES…LYSIS:ANNOTATE_RESULTS_DSS -
[-        ] RES…ALYSIS:POST_PROCESSING_DSS -
Plus 11 more processes waiting for tasks…
WARN: Environment variable `R_LIBS_USER` evaluates to an empty value
WARN: Environment variable `R_LIBS_SITE` evaluates to an empty value
WARN: Environment variable `R_LIBS_USER` evaluates to an empty value
WARN: Environment variable `R_LIBS_SITE` evaluates to an empty value
WARN: Environment variable `R_LIBS_USER` evaluates to an empty value
WARN: Environment variable `R_LIBS_SITE` evaluates to an empty value

executor >  local (21)
[7e/27e83e] PRE_STAGE:PRE_STAGE_FILES      | 1 of 1 ✔
[41/2e9a76] REA…SSING:FASTQC (ERR11435647) | 1 of 6
[05/470760] REA…CKSUM_VERIFY (ERR11435647) | 6 of 6 ✔
[29/b32aae] REA…:TRIM_GALORE (ERR11435646) | 5 of 6
[ce/a562fe] PAR…8.dna.primary_assembly.fa) | 0 of 1
[-        ] PAR…YSIS:PARABRICKS_FQ2BAMMETH -
[-        ] PAR…KS_ANALYSIS:SAMTOOLS_INDEX -
[-        ] PARABRICKS_ANALYSIS:QUALIMAP   -
[b0/5b699f] PAR…8.dna.primary_assembly.fa) | 1 of 1 ✔
[-        ] PAR…LYSIS:METHYLDACKEL_EXTRACT -
[-        ] DIF…METHYLATION:EDGER_ANALYSIS -
[-        ] DIF…YLATION:METHYLKIT_ANALYSIS -
[-        ] DIF…L_METHYLATION:DSS_ANALYSIS -
[-        ] RES…SIS:ANNOTATE_RESULTS_EDGER -
[-        ] RES…YSIS:POST_PROCESSING_EDGER -
[-        ] RES…:ENRICHMENT_ANALYSIS_EDGER -
[-        ] RES…:POST_PROCESSING_METHYLKIT -
[-        ] RES…ICHMENT_ANALYSIS_METHYLKIT -
[-        ] RES…LYSIS:ANNOTATE_RESULTS_DSS -
[-        ] RES…ALYSIS:POST_PROCESSING_DSS -
Plus 11 more processes waiting for tasks…
WARN: Environment variable `R_LIBS_USER` evaluates to an empty value
WARN: Environment variable `R_LIBS_SITE` evaluates to an empty value





executor >  local (21)
[7e/27e83e] PRE_STAGE:PRE_STAGE_FILES      | 1 of 1 ✔
[41/2e9a76] REA…SSING:FASTQC (ERR11435647) | 1 of 6
[05/470760] REA…CKSUM_VERIFY (ERR11435647) | 6 of 6 ✔
[29/4d7627] REA…:TRIM_GALORE (ERR11435659) | 6 of 6 ✔
[ce/a562fe] PAR…8.dna.primary_assembly.fa) | 0 of 1
[-        ] PAR…YSIS:PARABRICKS_FQ2BAMMETH -
[-        ] PAR…KS_ANALYSIS:SAMTOOLS_INDEX -
[-        ] PARABRICKS_ANALYSIS:QUALIMAP   -
[b0/5b699f] PAR…8.dna.primary_assembly.fa) | 1 of 1 ✔
[-        ] PAR…LYSIS:METHYLDACKEL_EXTRACT -
[-        ] DIF…METHYLATION:EDGER_ANALYSIS -
[-        ] DIF…YLATION:METHYLKIT_ANALYSIS -
[-        ] DIF…L_METHYLATION:DSS_ANALYSIS -
[-        ] RES…SIS:ANNOTATE_RESULTS_EDGER -
[-        ] RES…YSIS:POST_PROCESSING_EDGER -
[-        ] RES…:ENRICHMENT_ANALYSIS_EDGER -
[-        ] RES…:POST_PROCESSING_METHYLKIT -
[-        ] RES…ICHMENT_ANALYSIS_METHYLKIT -
[-        ] RES…LYSIS:ANNOTATE_RESULTS_DSS -
[-        ] RES…ALYSIS:POST_PROCESSING_DSS -
Plus 11 more processes waiting for tasks…







executor >  local (21)
[7e/27e83e] PRE_STAGE:PRE_STAGE_FILES      | 1 of 1 ✔
[35/293fa7] REA…SSING:FASTQC (ERR11435661) | 2 of 6
[05/470760] REA…CKSUM_VERIFY (ERR11435647) | 6 of 6 ✔
[29/4d7627] REA…:TRIM_GALORE (ERR11435659) | 6 of 6 ✔
[ce/a562fe] PAR…8.dna.primary_assembly.fa) | 0 of 1
[-        ] PAR…YSIS:PARABRICKS_FQ2BAMMETH -
[-        ] PAR…KS_ANALYSIS:SAMTOOLS_INDEX -
[-        ] PARABRICKS_ANALYSIS:QUALIMAP   -
[b0/5b699f] PAR…8.dna.primary_assembly.fa) | 1 of 1 ✔
[-        ] PAR…LYSIS:METHYLDACKEL_EXTRACT -
[-        ] DIF…METHYLATION:EDGER_ANALYSIS -
[-        ] DIF…YLATION:METHYLKIT_ANALYSIS -
[-        ] DIF…L_METHYLATION:DSS_ANALYSIS -
[-        ] RES…SIS:ANNOTATE_RESULTS_EDGER -
[-        ] RES…YSIS:POST_PROCESSING_EDGER -
[-        ] RES…:ENRICHMENT_ANALYSIS_EDGER -
[-        ] RES…:POST_PROCESSING_METHYLKIT -
[-        ] RES…ICHMENT_ANALYSIS_METHYLKIT -
[-        ] RES…LYSIS:ANNOTATE_RESULTS_DSS -
[-        ] RES…ALYSIS:POST_PROCESSING_DSS -
Plus 11 more processes waiting for tasks…



executor >  local (21)
[7e/27e83e] PRE_STAGE:PRE_STAGE_FILES      | 1 of 1 ✔
[27/3eb80b] REA…SSING:FASTQC (ERR11435652) | 3 of 6
[05/470760] REA…CKSUM_VERIFY (ERR11435647) | 6 of 6 ✔
[29/4d7627] REA…:TRIM_GALORE (ERR11435659) | 6 of 6 ✔
[ce/a562fe] PAR…8.dna.primary_assembly.fa) | 0 of 1
[-        ] PAR…YSIS:PARABRICKS_FQ2BAMMETH -
[-        ] PAR…KS_ANALYSIS:SAMTOOLS_INDEX -
[-        ] PARABRICKS_ANALYSIS:QUALIMAP   -
[b0/5b699f] PAR…8.dna.primary_assembly.fa) | 1 of 1 ✔
[-        ] PAR…LYSIS:METHYLDACKEL_EXTRACT -
[-        ] DIF…METHYLATION:EDGER_ANALYSIS -
[-        ] DIF…YLATION:METHYLKIT_ANALYSIS -
[-        ] DIF…L_METHYLATION:DSS_ANALYSIS -
[-        ] RES…SIS:ANNOTATE_RESULTS_EDGER -
[-        ] RES…YSIS:POST_PROCESSING_EDGER -
[-        ] RES…:ENRICHMENT_ANALYSIS_EDGER -
[-        ] RES…:POST_PROCESSING_METHYLKIT -
[-        ] RES…ICHMENT_ANALYSIS_METHYLKIT -
[-        ] RES…LYSIS:ANNOTATE_RESULTS_DSS -
[-        ] RES…ALYSIS:POST_PROCESSING_DSS -
Plus 11 more processes waiting for tasks…

executor >  local (21)
[7e/27e83e] PRE_STAGE:PRE_STAGE_FILES      | 1 of 1 ✔
[0d/f48d8c] REA…SSING:FASTQC (ERR11435654) | 4 of 6
[05/470760] REA…CKSUM_VERIFY (ERR11435647) | 6 of 6 ✔
[29/4d7627] REA…:TRIM_GALORE (ERR11435659) | 6 of 6 ✔
[ce/a562fe] PAR…8.dna.primary_assembly.fa) | 0 of 1
[-        ] PAR…YSIS:PARABRICKS_FQ2BAMMETH -
[-        ] PAR…KS_ANALYSIS:SAMTOOLS_INDEX -
[-        ] PARABRICKS_ANALYSIS:QUALIMAP   -
[b0/5b699f] PAR…8.dna.primary_assembly.fa) | 1 of 1 ✔
[-        ] PAR…LYSIS:METHYLDACKEL_EXTRACT -
[-        ] DIF…METHYLATION:EDGER_ANALYSIS -
[-        ] DIF…YLATION:METHYLKIT_ANALYSIS -
[-        ] DIF…L_METHYLATION:DSS_ANALYSIS -
[-        ] RES…SIS:ANNOTATE_RESULTS_EDGER -
[-        ] RES…YSIS:POST_PROCESSING_EDGER -
[-        ] RES…:ENRICHMENT_ANALYSIS_EDGER -
[-        ] RES…:POST_PROCESSING_METHYLKIT -
[-        ] RES…ICHMENT_ANALYSIS_METHYLKIT -
[-        ] RES…LYSIS:ANNOTATE_RESULTS_DSS -
[-        ] RES…ALYSIS:POST_PROCESSING_DSS -
Plus 11 more processes waiting for tasks…

executor >  local (21)
[7e/27e83e] PRE_STAGE:PRE_STAGE_FILES      | 1 of 1 ✔
[55/4f10d7] REA…SSING:FASTQC (ERR11435646) | 5 of 6
[05/470760] REA…CKSUM_VERIFY (ERR11435647) | 6 of 6 ✔
[29/4d7627] REA…:TRIM_GALORE (ERR11435659) | 6 of 6 ✔
[ce/a562fe] PAR…8.dna.primary_assembly.fa) | 0 of 1
[-        ] PAR…YSIS:PARABRICKS_FQ2BAMMETH -
[-        ] PAR…KS_ANALYSIS:SAMTOOLS_INDEX -
[-        ] PARABRICKS_ANALYSIS:QUALIMAP   -
[b0/5b699f] PAR…8.dna.primary_assembly.fa) | 1 of 1 ✔
[-        ] PAR…LYSIS:METHYLDACKEL_EXTRACT -
[-        ] DIF…METHYLATION:EDGER_ANALYSIS -
[-        ] DIF…YLATION:METHYLKIT_ANALYSIS -
[-        ] DIF…L_METHYLATION:DSS_ANALYSIS -
[-        ] RES…SIS:ANNOTATE_RESULTS_EDGER -
[-        ] RES…YSIS:POST_PROCESSING_EDGER -
[-        ] RES…:ENRICHMENT_ANALYSIS_EDGER -
[-        ] RES…:POST_PROCESSING_METHYLKIT -
[-        ] RES…ICHMENT_ANALYSIS_METHYLKIT -
[-        ] RES…LYSIS:ANNOTATE_RESULTS_DSS -
[-        ] RES…ALYSIS:POST_PROCESSING_DSS -
Plus 11 more processes waiting for tasks…

executor >  local (21)
[7e/27e83e] PRE_STAGE:PRE_STAGE_FILES      | 1 of 1 ✔
[ed/b8a12a] REA…SSING:FASTQC (ERR11435659) | 6 of 6 ✔
[05/470760] REA…CKSUM_VERIFY (ERR11435647) | 6 of 6 ✔
[29/4d7627] REA…:TRIM_GALORE (ERR11435659) | 6 of 6 ✔
[ce/a562fe] PAR…8.dna.primary_assembly.fa) | 0 of 1
[-        ] PAR…YSIS:PARABRICKS_FQ2BAMMETH -
[-        ] PAR…KS_ANALYSIS:SAMTOOLS_INDEX -
[-        ] PARABRICKS_ANALYSIS:QUALIMAP   -
[b0/5b699f] PAR…8.dna.primary_assembly.fa) | 1 of 1 ✔
[-        ] PAR…LYSIS:METHYLDACKEL_EXTRACT -
[-        ] DIF…METHYLATION:EDGER_ANALYSIS -
[-        ] DIF…YLATION:METHYLKIT_ANALYSIS -
[-        ] DIF…L_METHYLATION:DSS_ANALYSIS -
[-        ] RES…SIS:ANNOTATE_RESULTS_EDGER -
[-        ] RES…YSIS:POST_PROCESSING_EDGER -
[-        ] RES…:ENRICHMENT_ANALYSIS_EDGER -
[-        ] RES…:POST_PROCESSING_METHYLKIT -
[-        ] RES…ICHMENT_ANALYSIS_METHYLKIT -
[-        ] RES…LYSIS:ANNOTATE_RESULTS_DSS -
[-        ] RES…ALYSIS:POST_PROCESSING_DSS -
Plus 11 more processes waiting for tasks…

executor >  local (22)
[7e/27e83e] PRE_STAGE:PRE_STAGE_FILES      | 1 of 1 ✔
[ed/b8a12a] REA…SSING:FASTQC (ERR11435659) | 6 of 6 ✔
[05/470760] REA…CKSUM_VERIFY (ERR11435647) | 6 of 6 ✔
[29/4d7627] REA…:TRIM_GALORE (ERR11435659) | 6 of 6 ✔
[ce/a562fe] PAR…8.dna.primary_assembly.fa) | 1 of 1 ✔
[e2/c08a5b] PAR…S_FQ2BAMMETH (ERR11435659) | 0 of 6
[-        ] PAR…KS_ANALYSIS:SAMTOOLS_INDEX -
[-        ] PARABRICKS_ANALYSIS:QUALIMAP   -
[b0/5b699f] PAR…8.dna.primary_assembly.fa) | 1 of 1 ✔
[-        ] PAR…LYSIS:METHYLDACKEL_EXTRACT -
[-        ] DIF…METHYLATION:EDGER_ANALYSIS -
[-        ] DIF…YLATION:METHYLKIT_ANALYSIS -
[-        ] DIF…L_METHYLATION:DSS_ANALYSIS -
[-        ] RES…SIS:ANNOTATE_RESULTS_EDGER -
[-        ] RES…YSIS:POST_PROCESSING_EDGER -
[-        ] RES…:ENRICHMENT_ANALYSIS_EDGER -
[-        ] RES…:POST_PROCESSING_METHYLKIT -
[-        ] RES…ICHMENT_ANALYSIS_METHYLKIT -
[-        ] RES…LYSIS:ANNOTATE_RESULTS_DSS -
[-        ] RES…ALYSIS:POST_PROCESSING_DSS -
Plus 11 more processes waiting for tasks…
WARN: Environment variable `R_LIBS_USER` evaluates to an empty value
WARN: Environment variable `R_LIBS_SITE` evaluates to an empty value

executor >  local (23)
[7e/27e83e] PRE_STAGE:PRE_STAGE_FILES      | 1 of 1 ✔
[ed/b8a12a] REA…SSING:FASTQC (ERR11435659) | 6 of 6 ✔
[05/470760] REA…CKSUM_VERIFY (ERR11435647) | 6 of 6 ✔
[29/4d7627] REA…:TRIM_GALORE (ERR11435659) | 6 of 6 ✔
[ce/a562fe] PAR…8.dna.primary_assembly.fa) | 1 of 1 ✔
[31/876de1] PAR…S_FQ2BAMMETH (ERR11435646) | 1 of 6
[-        ] PAR…KS_ANALYSIS:SAMTOOLS_INDEX | 0 of 1
[-        ] PARABRICKS_ANALYSIS:QUALIMAP   -
[b0/5b699f] PAR…8.dna.primary_assembly.fa) | 1 of 1 ✔
[-        ] PAR…LYSIS:METHYLDACKEL_EXTRACT -
[-        ] DIF…METHYLATION:EDGER_ANALYSIS -
[-        ] DIF…YLATION:METHYLKIT_ANALYSIS -
[-        ] DIF…L_METHYLATION:DSS_ANALYSIS -
[-        ] RES…SIS:ANNOTATE_RESULTS_EDGER -
[-        ] RES…YSIS:POST_PROCESSING_EDGER -
[-        ] RES…:ENRICHMENT_ANALYSIS_EDGER -
[-        ] RES…:POST_PROCESSING_METHYLKIT -
[-        ] RES…ICHMENT_ANALYSIS_METHYLKIT -
[-        ] RES…LYSIS:ANNOTATE_RESULTS_DSS -
[-        ] RES…ALYSIS:POST_PROCESSING_DSS -
Plus 11 more processes waiting for tasks…
WARN: Environment variable `R_LIBS_USER` evaluates to an empty value
WARN: Environment variable `R_LIBS_SITE` evaluates to an empty value



executor >  local (23)
[7e/27e83e] PRE_STAGE:PRE_STAGE_FILES      | 1 of 1 ✔
[ed/b8a12a] REA…SSING:FASTQC (ERR11435659) | 6 of 6 ✔
[05/470760] REA…CKSUM_VERIFY (ERR11435647) | 6 of 6 ✔
[29/4d7627] REA…:TRIM_GALORE (ERR11435659) | 6 of 6 ✔
[ce/a562fe] PAR…8.dna.primary_assembly.fa) | 1 of 1 ✔
[31/876de1] PAR…S_FQ2BAMMETH (ERR11435646) | 1 of 6
[-        ] PAR…KS_ANALYSIS:SAMTOOLS_INDEX | 0 of 1
[-        ] PARABRICKS_ANALYSIS:QUALIMAP   -
[b0/5b699f] PAR…8.dna.primary_assembly.fa) | 1 of 1 ✔
[-        ] PAR…LYSIS:METHYLDACKEL_EXTRACT -
[-        ] DIF…METHYLATION:EDGER_ANALYSIS -
[-        ] DIF…YLATION:METHYLKIT_ANALYSIS -
[-        ] DIF…L_METHYLATION:DSS_ANALYSIS -
[-        ] RES…SIS:ANNOTATE_RESULTS_EDGER -
[-        ] RES…YSIS:POST_PROCESSING_EDGER -
[-        ] RES…:ENRICHMENT_ANALYSIS_EDGER -
[-        ] RES…:POST_PROCESSING_METHYLKIT -
[-        ] RES…ICHMENT_ANALYSIS_METHYLKIT -
[-        ] RES…LYSIS:ANNOTATE_RESULTS_DSS -
[-        ] RES…ALYSIS:POST_PROCESSING_DSS -
Plus 11 more processes waiting for tasks…
WARN: Environment variable `R_LIBS_USER` evaluates to an empty value
WARN: Environment variable `R_LIBS_SITE` evaluates to an empty value



executor >  local (24)
[7e/27e83e] PRE_STAGE:PRE_STAGE_FILES      | 1 of 1 ✔
[ed/b8a12a] REA…SSING:FASTQC (ERR11435659) | 6 of 6 ✔
[05/470760] REA…CKSUM_VERIFY (ERR11435647) | 6 of 6 ✔
[29/4d7627] REA…:TRIM_GALORE (ERR11435659) | 6 of 6 ✔
[ce/a562fe] PAR…8.dna.primary_assembly.fa) | 1 of 1 ✔
[31/876de1] PAR…S_FQ2BAMMETH (ERR11435646) | 2 of 6
[-        ] PAR…KS_ANALYSIS:SAMTOOLS_INDEX | 0 of 2
[-        ] PARABRICKS_ANALYSIS:QUALIMAP   -
[b0/5b699f] PAR…8.dna.primary_assembly.fa) | 1 of 1 ✔
[-        ] PAR…LYSIS:METHYLDACKEL_EXTRACT -
[-        ] DIF…METHYLATION:EDGER_ANALYSIS -
[-        ] DIF…YLATION:METHYLKIT_ANALYSIS -
[-        ] DIF…L_METHYLATION:DSS_ANALYSIS -
[-        ] RES…SIS:ANNOTATE_RESULTS_EDGER -
[-        ] RES…YSIS:POST_PROCESSING_EDGER -
[-        ] RES…:ENRICHMENT_ANALYSIS_EDGER -
[-        ] RES…:POST_PROCESSING_METHYLKIT -
[-        ] RES…ICHMENT_ANALYSIS_METHYLKIT -
[-        ] RES…LYSIS:ANNOTATE_RESULTS_DSS -
[-        ] RES…ALYSIS:POST_PROCESSING_DSS -
Plus 11 more processes waiting for tasks…
WARN: Environment variable `R_LIBS_USER` evaluates to an empty value
WARN: Environment variable `R_LIBS_SITE` evaluates to an empty value



executor >  local (25)
[7e/27e83e] PRE_STAGE:PRE_STAGE_FILES      | 1 of 1 ✔
[ed/b8a12a] REA…SSING:FASTQC (ERR11435659) | 6 of 6 ✔
[05/470760] REA…CKSUM_VERIFY (ERR11435647) | 6 of 6 ✔
[29/4d7627] REA…:TRIM_GALORE (ERR11435659) | 6 of 6 ✔
[ce/a562fe] PAR…8.dna.primary_assembly.fa) | 1 of 1 ✔
[e4/5b3b3e] PAR…S_FQ2BAMMETH (ERR11435647) | 3 of 6
[-        ] PAR…KS_ANALYSIS:SAMTOOLS_INDEX | 0 of 3
[-        ] PARABRICKS_ANALYSIS:QUALIMAP   -
[b0/5b699f] PAR…8.dna.primary_assembly.fa) | 1 of 1 ✔
[-        ] PAR…LYSIS:METHYLDACKEL_EXTRACT -
[-        ] DIF…METHYLATION:EDGER_ANALYSIS -
[-        ] DIF…YLATION:METHYLKIT_ANALYSIS -
[-        ] DIF…L_METHYLATION:DSS_ANALYSIS -
[-        ] RES…SIS:ANNOTATE_RESULTS_EDGER -
[-        ] RES…YSIS:POST_PROCESSING_EDGER -
[-        ] RES…:ENRICHMENT_ANALYSIS_EDGER -
[-        ] RES…:POST_PROCESSING_METHYLKIT -
[-        ] RES…ICHMENT_ANALYSIS_METHYLKIT -
[-        ] RES…LYSIS:ANNOTATE_RESULTS_DSS -
[-        ] RES…ALYSIS:POST_PROCESSING_DSS -
Plus 11 more processes waiting for tasks…
WARN: Environment variable `R_LIBS_USER` evaluates to an empty value
WARN: Environment variable `R_LIBS_SITE` evaluates to an empty value



executor >  local (26)
[7e/27e83e] PRE_STAGE:PRE_STAGE_FILES      | 1 of 1 ✔
[ed/b8a12a] REA…SSING:FASTQC (ERR11435659) | 6 of 6 ✔
[05/470760] REA…CKSUM_VERIFY (ERR11435647) | 6 of 6 ✔
[29/4d7627] REA…:TRIM_GALORE (ERR11435659) | 6 of 6 ✔
[ce/a562fe] PAR…8.dna.primary_assembly.fa) | 1 of 1 ✔
[4d/5f619d] PAR…S_FQ2BAMMETH (ERR11435654) | 4 of 6
[-        ] PAR…KS_ANALYSIS:SAMTOOLS_INDEX | 0 of 4
[-        ] PARABRICKS_ANALYSIS:QUALIMAP   -
[b0/5b699f] PAR…8.dna.primary_assembly.fa) | 1 of 1 ✔
[-        ] PAR…LYSIS:METHYLDACKEL_EXTRACT -
[-        ] DIF…METHYLATION:EDGER_ANALYSIS -
[-        ] DIF…YLATION:METHYLKIT_ANALYSIS -
[-        ] DIF…L_METHYLATION:DSS_ANALYSIS -
[-        ] RES…SIS:ANNOTATE_RESULTS_EDGER -
[-        ] RES…YSIS:POST_PROCESSING_EDGER -
[-        ] RES…:ENRICHMENT_ANALYSIS_EDGER -
[-        ] RES…:POST_PROCESSING_METHYLKIT -
[-        ] RES…ICHMENT_ANALYSIS_METHYLKIT -
[-        ] RES…LYSIS:ANNOTATE_RESULTS_DSS -
[-        ] RES…ALYSIS:POST_PROCESSING_DSS -
Plus 11 more processes waiting for tasks…
WARN: Environment variable `R_LIBS_USER` evaluates to an empty value
WARN: Environment variable `R_LIBS_SITE` evaluates to an empty value



executor >  local (27)
[7e/27e83e] PRE_STAGE:PRE_STAGE_FILES      | 1 of 1 ✔
[ed/b8a12a] REA…SSING:FASTQC (ERR11435659) | 6 of 6 ✔
[05/470760] REA…CKSUM_VERIFY (ERR11435647) | 6 of 6 ✔
[29/4d7627] REA…:TRIM_GALORE (ERR11435659) | 6 of 6 ✔
[ce/a562fe] PAR…8.dna.primary_assembly.fa) | 1 of 1 ✔
[cb/c60b2e] PAR…S_FQ2BAMMETH (ERR11435661) | 5 of 6
[-        ] PAR…KS_ANALYSIS:SAMTOOLS_INDEX | 0 of 5
[-        ] PARABRICKS_ANALYSIS:QUALIMAP   -
[b0/5b699f] PAR…8.dna.primary_assembly.fa) | 1 of 1 ✔
[-        ] PAR…LYSIS:METHYLDACKEL_EXTRACT -
[-        ] DIF…METHYLATION:EDGER_ANALYSIS -
[-        ] DIF…YLATION:METHYLKIT_ANALYSIS -
[-        ] DIF…L_METHYLATION:DSS_ANALYSIS -
[-        ] RES…SIS:ANNOTATE_RESULTS_EDGER -
[-        ] RES…YSIS:POST_PROCESSING_EDGER -
[-        ] RES…:ENRICHMENT_ANALYSIS_EDGER -
[-        ] RES…:POST_PROCESSING_METHYLKIT -
[-        ] RES…ICHMENT_ANALYSIS_METHYLKIT -
[-        ] RES…LYSIS:ANNOTATE_RESULTS_DSS -
[-        ] RES…ALYSIS:POST_PROCESSING_DSS -
Plus 11 more processes waiting for tasks…
WARN: Environment variable `R_LIBS_USER` evaluates to an empty value
WARN: Environment variable `R_LIBS_SITE` evaluates to an empty value



executor >  local (27)
[7e/27e83e] PRE_STAGE:PRE_STAGE_FILES      | 1 of 1 ✔
[ed/b8a12a] REA…SSING:FASTQC (ERR11435659) | 6 of 6 ✔
[05/470760] REA…CKSUM_VERIFY (ERR11435647) | 6 of 6 ✔
[29/4d7627] REA…:TRIM_GALORE (ERR11435659) | 6 of 6 ✔
[ce/a562fe] PAR…8.dna.primary_assembly.fa) | 1 of 1 ✔
[cb/c60b2e] PAR…S_FQ2BAMMETH (ERR11435661) | 5 of 6
[-        ] PAR…KS_ANALYSIS:SAMTOOLS_INDEX | 0 of 5
[-        ] PARABRICKS_ANALYSIS:QUALIMAP   -
[b0/5b699f] PAR…8.dna.primary_assembly.fa) | 1 of 1 ✔
[-        ] PAR…LYSIS:METHYLDACKEL_EXTRACT -
[-        ] DIF…METHYLATION:EDGER_ANALYSIS -
[-        ] DIF…YLATION:METHYLKIT_ANALYSIS -
[-        ] DIF…L_METHYLATION:DSS_ANALYSIS -
[-        ] RES…SIS:ANNOTATE_RESULTS_EDGER -
[-        ] RES…YSIS:POST_PROCESSING_EDGER -
[-        ] RES…:ENRICHMENT_ANALYSIS_EDGER -
[-        ] RES…:POST_PROCESSING_METHYLKIT -
[-        ] RES…ICHMENT_ANALYSIS_METHYLKIT -
[-        ] RES…LYSIS:ANNOTATE_RESULTS_DSS -
[-        ] RES…ALYSIS:POST_PROCESSING_DSS -
Plus 11 more processes waiting for tasks…
WARN: Environment variable `R_LIBS_USER` evaluates to an empty value
WARN: Environment variable `R_LIBS_SITE` evaluates to an empty value



executor >  local (32)
[7e/27e83e] PRE_STAGE:PRE_STAGE_FILES      | 1 of 1 ✔
[ed/b8a12a] REA…SSING:FASTQC (ERR11435659) | 6 of 6 ✔
[05/470760] REA…CKSUM_VERIFY (ERR11435647) | 6 of 6 ✔
[29/4d7627] REA…:TRIM_GALORE (ERR11435659) | 6 of 6 ✔
[ce/a562fe] PAR…8.dna.primary_assembly.fa) | 1 of 1 ✔
[cb/c60b2e] PAR…S_FQ2BAMMETH (ERR11435661) | 6 of 6 ✔
[5e/f5e670] PAR…MTOOLS_INDEX (ERR11435654) | 0 of 6
[-        ] PARABRICKS_ANALYSIS:QUALIMAP   -
[b0/5b699f] PAR…8.dna.primary_assembly.fa) | 1 of 1 ✔
[-        ] PAR…LYSIS:METHYLDACKEL_EXTRACT -
[-        ] DIF…METHYLATION:EDGER_ANALYSIS -
[-        ] DIF…YLATION:METHYLKIT_ANALYSIS -
[-        ] DIF…L_METHYLATION:DSS_ANALYSIS -
[-        ] RES…SIS:ANNOTATE_RESULTS_EDGER -
[-        ] RES…YSIS:POST_PROCESSING_EDGER -
[-        ] RES…:ENRICHMENT_ANALYSIS_EDGER -
[-        ] RES…:POST_PROCESSING_METHYLKIT -
[-        ] RES…ICHMENT_ANALYSIS_METHYLKIT -
[-        ] RES…LYSIS:ANNOTATE_RESULTS_DSS -
[-        ] RES…ALYSIS:POST_PROCESSING_DSS -
Plus 11 more processes waiting for tasks…
WARN: Environment variable `R_LIBS_USER` evaluates to an empty value
WARN: Environment variable `R_LIBS_SITE` evaluates to an empty value
WARN: Environment variable `R_LIBS_USER` evaluates to an empty value
WARN: Environment variable `R_LIBS_SITE` evaluates to an empty value
WARN: Environment variable `R_LIBS_USER` evaluates to an empty value
WARN: Environment variable `R_LIBS_SITE` evaluates to an empty value
WARN: Environment variable `R_LIBS_USER` evaluates to an empty value
WARN: Environment variable `R_LIBS_SITE` evaluates to an empty value
WARN: Environment variable `R_LIBS_USER` evaluates to an empty value
WARN: Environment variable `R_LIBS_SITE` evaluates to an empty value



executor >  local (33)
[7e/27e83e] PRE_STAGE:PRE_STAGE_FILES      | 1 of 1 ✔
[ed/b8a12a] REA…SSING:FASTQC (ERR11435659) | 6 of 6 ✔
[05/470760] REA…CKSUM_VERIFY (ERR11435647) | 6 of 6 ✔
[29/4d7627] REA…:TRIM_GALORE (ERR11435659) | 6 of 6 ✔
[ce/a562fe] PAR…8.dna.primary_assembly.fa) | 1 of 1 ✔
[cb/c60b2e] PAR…S_FQ2BAMMETH (ERR11435661) | 6 of 6 ✔
[78/a0b162] PAR…MTOOLS_INDEX (ERR11435661) | 0 of 6
[-        ] PARABRICKS_ANALYSIS:QUALIMAP   -
[b0/5b699f] PAR…8.dna.primary_assembly.fa) | 1 of 1 ✔
[-        ] PAR…LYSIS:METHYLDACKEL_EXTRACT -
[-        ] DIF…METHYLATION:EDGER_ANALYSIS -
[-        ] DIF…YLATION:METHYLKIT_ANALYSIS -
[-        ] DIF…L_METHYLATION:DSS_ANALYSIS -
[-        ] RES…SIS:ANNOTATE_RESULTS_EDGER -
[-        ] RES…YSIS:POST_PROCESSING_EDGER -
[-        ] RES…:ENRICHMENT_ANALYSIS_EDGER -
[-        ] RES…:POST_PROCESSING_METHYLKIT -
[-        ] RES…ICHMENT_ANALYSIS_METHYLKIT -
[-        ] RES…LYSIS:ANNOTATE_RESULTS_DSS -
[-        ] RES…ALYSIS:POST_PROCESSING_DSS -
Plus 11 more processes waiting for tasks…
WARN: Environment variable `R_LIBS_USER` evaluates to an empty value
WARN: Environment variable `R_LIBS_SITE` evaluates to an empty value
WARN: Environment variable `R_LIBS_USER` evaluates to an empty value
WARN: Environment variable `R_LIBS_SITE` evaluates to an empty value
WARN: Environment variable `R_LIBS_USER` evaluates to an empty value
WARN: Environment variable `R_LIBS_SITE` evaluates to an empty value
WARN: Environment variable `R_LIBS_USER` evaluates to an empty value
WARN: Environment variable `R_LIBS_SITE` evaluates to an empty value
WARN: Environment variable `R_LIBS_USER` evaluates to an empty value
WARN: Environment variable `R_LIBS_SITE` evaluates to an empty value
WARN: Environment variable `R_LIBS_USER` evaluates to an empty value
WARN: Environment variable `R_LIBS_SITE` evaluates to an empty value

executor >  local (35)
[7e/27e83e] PRE_STAGE:PRE_STAGE_FILES      | 1 of 1 ✔
[ed/b8a12a] REA…SSING:FASTQC (ERR11435659) | 6 of 6 ✔
[05/470760] REA…CKSUM_VERIFY (ERR11435647) | 6 of 6 ✔
[29/4d7627] REA…:TRIM_GALORE (ERR11435659) | 6 of 6 ✔
[ce/a562fe] PAR…8.dna.primary_assembly.fa) | 1 of 1 ✔
[cb/c60b2e] PAR…S_FQ2BAMMETH (ERR11435661) | 6 of 6 ✔
[78/a0b162] PAR…MTOOLS_INDEX (ERR11435661) | 1 of 6
[f4/badf8d] PAR…SIS:QUALIMAP (ERR11435661) | 0 of 1
[b0/5b699f] PAR…8.dna.primary_assembly.fa) | 1 of 1 ✔
[e9/9826ab] PAR…CKEL_EXTRACT (ERR11435661) | 0 of 1
[-        ] DIF…METHYLATION:EDGER_ANALYSIS -
[-        ] DIF…YLATION:METHYLKIT_ANALYSIS -
[-        ] DIF…L_METHYLATION:DSS_ANALYSIS -
[-        ] RES…SIS:ANNOTATE_RESULTS_EDGER -
[-        ] RES…YSIS:POST_PROCESSING_EDGER -
[-        ] RES…:ENRICHMENT_ANALYSIS_EDGER -
[-        ] RES…:POST_PROCESSING_METHYLKIT -
[-        ] RES…ICHMENT_ANALYSIS_METHYLKIT -
[-        ] RES…LYSIS:ANNOTATE_RESULTS_DSS -
[-        ] RES…ALYSIS:POST_PROCESSING_DSS -
Plus 11 more processes waiting for tasks…
WARN: Environment variable `R_LIBS_USER` evaluates to an empty value
WARN: Environment variable `R_LIBS_SITE` evaluates to an empty value
WARN: Environment variable `R_LIBS_USER` evaluates to an empty value
WARN: Environment variable `R_LIBS_SITE` evaluates to an empty value
WARN: Environment variable `R_LIBS_USER` evaluates to an empty value
WARN: Environment variable `R_LIBS_SITE` evaluates to an empty value
WARN: Environment variable `R_LIBS_USER` evaluates to an empty value
WARN: Environment variable `R_LIBS_SITE` evaluates to an empty value
WARN: Environment variable `R_LIBS_USER` evaluates to an empty value
WARN: Environment variable `R_LIBS_SITE` evaluates to an empty value
WARN: Environment variable `R_LIBS_USER` evaluates to an empty value
WARN: Environment variable `R_LIBS_SITE` evaluates to an empty value
WARN: Environment variable `R_LIBS_USER` evaluates to an empty value
WARN: Environment variable `R_LIBS_SITE` evaluates to an empty value
WARN: Environment variable `R_LIBS_USER` evaluates to an empty value
WARN: Environment variable `R_LIBS_SITE` evaluates to an empty value

executor >  local (36)
[7e/27e83e] PRE_STAGE:PRE_STAGE_FILES      | 1 of 1 ✔
[ed/b8a12a] REA…SSING:FASTQC (ERR11435659) | 6 of 6 ✔
[05/470760] REA…CKSUM_VERIFY (ERR11435647) | 6 of 6 ✔
[29/4d7627] REA…:TRIM_GALORE (ERR11435659) | 6 of 6 ✔
[ce/a562fe] PAR…8.dna.primary_assembly.fa) | 1 of 1 ✔
[cb/c60b2e] PAR…S_FQ2BAMMETH (ERR11435661) | 6 of 6 ✔
[dd/c0a121] PAR…MTOOLS_INDEX (ERR11435647) | 2 of 6
[3d/4e82d9] PAR…SIS:QUALIMAP (ERR11435647) | 0 of 2
[b0/5b699f] PAR…8.dna.primary_assembly.fa) | 1 of 1 ✔
[e9/9826ab] PAR…CKEL_EXTRACT (ERR11435661) | 0 of 2
[-        ] DIF…METHYLATION:EDGER_ANALYSIS -
[-        ] DIF…YLATION:METHYLKIT_ANALYSIS -
[-        ] DIF…L_METHYLATION:DSS_ANALYSIS -
[-        ] RES…SIS:ANNOTATE_RESULTS_EDGER -
[-        ] RES…YSIS:POST_PROCESSING_EDGER -
[-        ] RES…:ENRICHMENT_ANALYSIS_EDGER -
[-        ] RES…:POST_PROCESSING_METHYLKIT -
[-        ] RES…ICHMENT_ANALYSIS_METHYLKIT -
[-        ] RES…LYSIS:ANNOTATE_RESULTS_DSS -
[-        ] RES…ALYSIS:POST_PROCESSING_DSS -
Plus 11 more processes waiting for tasks…
WARN: Environment variable `R_LIBS_USER` evaluates to an empty value
WARN: Environment variable `R_LIBS_SITE` evaluates to an empty value
WARN: Environment variable `R_LIBS_USER` evaluates to an empty value
WARN: Environment variable `R_LIBS_SITE` evaluates to an empty value
WARN: Environment variable `R_LIBS_USER` evaluates to an empty value
WARN: Environment variable `R_LIBS_SITE` evaluates to an empty value
WARN: Environment variable `R_LIBS_USER` evaluates to an empty value
WARN: Environment variable `R_LIBS_SITE` evaluates to an empty value
WARN: Environment variable `R_LIBS_USER` evaluates to an empty value
WARN: Environment variable `R_LIBS_SITE` evaluates to an empty value
WARN: Environment variable `R_LIBS_USER` evaluates to an empty value
WARN: Environment variable `R_LIBS_SITE` evaluates to an empty value
WARN: Environment variable `R_LIBS_USER` evaluates to an empty value
WARN: Environment variable `R_LIBS_SITE` evaluates to an empty value
WARN: Environment variable `R_LIBS_USER` evaluates to an empty value
WARN: Environment variable `R_LIBS_SITE` evaluates to an empty value
WARN: Environment variable `R_LIBS_USER` evaluates to an empty value
WARN: Environment variable `R_LIBS_SITE` evaluates to an empty value

executor >  local (37)
[7e/27e83e] PRE_STAGE:PRE_STAGE_FILES      | 1 of 1 ✔
[ed/b8a12a] REA…SSING:FASTQC (ERR11435659) | 6 of 6 ✔
[05/470760] REA…CKSUM_VERIFY (ERR11435647) | 6 of 6 ✔
[29/4d7627] REA…:TRIM_GALORE (ERR11435659) | 6 of 6 ✔
[ce/a562fe] PAR…8.dna.primary_assembly.fa) | 1 of 1 ✔
[cb/c60b2e] PAR…S_FQ2BAMMETH (ERR11435661) | 6 of 6 ✔
[16/2c7d33] PAR…MTOOLS_INDEX (ERR11435659) | 3 of 6
[3d/4e82d9] PAR…SIS:QUALIMAP (ERR11435647) | 0 of 3
[b0/5b699f] PAR…8.dna.primary_assembly.fa) | 1 of 1 ✔
[64/44b029] PAR…CKEL_EXTRACT (ERR11435647) | 0 of 3
[-        ] DIF…METHYLATION:EDGER_ANALYSIS -
[-        ] DIF…YLATION:METHYLKIT_ANALYSIS -
[-        ] DIF…L_METHYLATION:DSS_ANALYSIS -
[-        ] RES…SIS:ANNOTATE_RESULTS_EDGER -
[-        ] RES…YSIS:POST_PROCESSING_EDGER -
[-        ] RES…:ENRICHMENT_ANALYSIS_EDGER -
[-        ] RES…:POST_PROCESSING_METHYLKIT -
[-        ] RES…ICHMENT_ANALYSIS_METHYLKIT -
[-        ] RES…LYSIS:ANNOTATE_RESULTS_DSS -
[-        ] RES…ALYSIS:POST_PROCESSING_DSS -
Plus 11 more processes waiting for tasks…
WARN: Environment variable `R_LIBS_USER` evaluates to an empty value
WARN: Environment variable `R_LIBS_SITE` evaluates to an empty value
WARN: Environment variable `R_LIBS_USER` evaluates to an empty value
WARN: Environment variable `R_LIBS_SITE` evaluates to an empty value
WARN: Environment variable `R_LIBS_USER` evaluates to an empty value
WARN: Environment variable `R_LIBS_SITE` evaluates to an empty value
WARN: Environment variable `R_LIBS_USER` evaluates to an empty value
WARN: Environment variable `R_LIBS_SITE` evaluates to an empty value
WARN: Environment variable `R_LIBS_USER` evaluates to an empty value
WARN: Environment variable `R_LIBS_SITE` evaluates to an empty value
WARN: Environment variable `R_LIBS_USER` evaluates to an empty value
WARN: Environment variable `R_LIBS_SITE` evaluates to an empty value
WARN: Environment variable `R_LIBS_USER` evaluates to an empty value
WARN: Environment variable `R_LIBS_SITE` evaluates to an empty value
WARN: Environment variable `R_LIBS_USER` evaluates to an empty value
WARN: Environment variable `R_LIBS_SITE` evaluates to an empty value
WARN: Environment variable `R_LIBS_USER` evaluates to an empty value
WARN: Environment variable `R_LIBS_SITE` evaluates to an empty value
WARN: Environment variable `R_LIBS_USER` evaluates to an empty value
WARN: Environment variable `R_LIBS_SITE` evaluates to an empty value

executor >  local (37)
[7e/27e83e] PRE_STAGE:PRE_STAGE_FILES      | 1 of 1 ✔
[ed/b8a12a] REA…SSING:FASTQC (ERR11435659) | 6 of 6 ✔
[05/470760] REA…CKSUM_VERIFY (ERR11435647) | 6 of 6 ✔
[29/4d7627] REA…:TRIM_GALORE (ERR11435659) | 6 of 6 ✔
[ce/a562fe] PAR…8.dna.primary_assembly.fa) | 1 of 1 ✔
[cb/c60b2e] PAR…S_FQ2BAMMETH (ERR11435661) | 6 of 6 ✔
[51/1bae99] PAR…MTOOLS_INDEX (ERR11435646) | 4 of 6
[3d/4e82d9] PAR…SIS:QUALIMAP (ERR11435647) | 0 of 4
[b0/5b699f] PAR…8.dna.primary_assembly.fa) | 1 of 1 ✔
[64/44b029] PAR…CKEL_EXTRACT (ERR11435647) | 0 of 4
[-        ] DIF…METHYLATION:EDGER_ANALYSIS -
[-        ] DIF…YLATION:METHYLKIT_ANALYSIS -
[-        ] DIF…L_METHYLATION:DSS_ANALYSIS -
[-        ] RES…SIS:ANNOTATE_RESULTS_EDGER -
[-        ] RES…YSIS:POST_PROCESSING_EDGER -
[-        ] RES…:ENRICHMENT_ANALYSIS_EDGER -
[-        ] RES…:POST_PROCESSING_METHYLKIT -
[-        ] RES…ICHMENT_ANALYSIS_METHYLKIT -
[-        ] RES…LYSIS:ANNOTATE_RESULTS_DSS -
[-        ] RES…ALYSIS:POST_PROCESSING_DSS -
Plus 11 more processes waiting for tasks…
WARN: Environment variable `R_LIBS_USER` evaluates to an empty value
WARN: Environment variable `R_LIBS_SITE` evaluates to an empty value
WARN: Environment variable `R_LIBS_USER` evaluates to an empty value
WARN: Environment variable `R_LIBS_SITE` evaluates to an empty value
WARN: Environment variable `R_LIBS_USER` evaluates to an empty value
WARN: Environment variable `R_LIBS_SITE` evaluates to an empty value
WARN: Environment variable `R_LIBS_USER` evaluates to an empty value
WARN: Environment variable `R_LIBS_SITE` evaluates to an empty value













executor >  local (37)
[7e/27e83e] PRE_STAGE:PRE_STAGE_FILES      | 1 of 1 ✔
[ed/b8a12a] REA…SSING:FASTQC (ERR11435659) | 6 of 6 ✔
[05/470760] REA…CKSUM_VERIFY (ERR11435647) | 6 of 6 ✔
[29/4d7627] REA…:TRIM_GALORE (ERR11435659) | 6 of 6 ✔
[ce/a562fe] PAR…8.dna.primary_assembly.fa) | 1 of 1 ✔
[cb/c60b2e] PAR…S_FQ2BAMMETH (ERR11435661) | 6 of 6 ✔
[5e/f5e670] PAR…MTOOLS_INDEX (ERR11435654) | 5 of 6
[3d/4e82d9] PAR…SIS:QUALIMAP (ERR11435647) | 0 of 5
[b0/5b699f] PAR…8.dna.primary_assembly.fa) | 1 of 1 ✔
[64/44b029] PAR…CKEL_EXTRACT (ERR11435647) | 0 of 5
[-        ] DIF…METHYLATION:EDGER_ANALYSIS -
[-        ] DIF…YLATION:METHYLKIT_ANALYSIS -
[-        ] DIF…L_METHYLATION:DSS_ANALYSIS -
[-        ] RES…SIS:ANNOTATE_RESULTS_EDGER -
[-        ] RES…YSIS:POST_PROCESSING_EDGER -
[-        ] RES…:ENRICHMENT_ANALYSIS_EDGER -
[-        ] RES…:POST_PROCESSING_METHYLKIT -
[-        ] RES…ICHMENT_ANALYSIS_METHYLKIT -
[-        ] RES…LYSIS:ANNOTATE_RESULTS_DSS -
[-        ] RES…ALYSIS:POST_PROCESSING_DSS -
Plus 11 more processes waiting for tasks…
WARN: Environment variable `R_LIBS_USER` evaluates to an empty value
WARN: Environment variable `R_LIBS_SITE` evaluates to an empty value
WARN: Environment variable `R_LIBS_USER` evaluates to an empty value
WARN: Environment variable `R_LIBS_SITE` evaluates to an empty value
WARN: Environment variable `R_LIBS_USER` evaluates to an empty value
WARN: Environment variable `R_LIBS_SITE` evaluates to an empty value
WARN: Environment variable `R_LIBS_USER` evaluates to an empty value
WARN: Environment variable `R_LIBS_SITE` evaluates to an empty value













executor >  local (38)
[7e/27e83e] PRE_STAGE:PRE_STAGE_FILES      | 1 of 1 ✔
[ed/b8a12a] REA…SSING:FASTQC (ERR11435659) | 6 of 6 ✔
[05/470760] REA…CKSUM_VERIFY (ERR11435647) | 6 of 6 ✔
[29/4d7627] REA…:TRIM_GALORE (ERR11435659) | 6 of 6 ✔
[ce/a562fe] PAR…8.dna.primary_assembly.fa) | 1 of 1 ✔
[cb/c60b2e] PAR…S_FQ2BAMMETH (ERR11435661) | 6 of 6 ✔
[69/fc0eb8] PAR…MTOOLS_INDEX (ERR11435652) | 6 of 6 ✔
[dd/36bb4d] PAR…SIS:QUALIMAP (ERR11435659) | 0 of 6
[b0/5b699f] PAR…8.dna.primary_assembly.fa) | 1 of 1 ✔
[64/44b029] PAR…CKEL_EXTRACT (ERR11435647) | 0 of 6
[-        ] DIF…METHYLATION:EDGER_ANALYSIS -
[-        ] DIF…YLATION:METHYLKIT_ANALYSIS -
[-        ] DIF…L_METHYLATION:DSS_ANALYSIS -
[-        ] RES…SIS:ANNOTATE_RESULTS_EDGER -
[-        ] RES…YSIS:POST_PROCESSING_EDGER -
[-        ] RES…:ENRICHMENT_ANALYSIS_EDGER -
[-        ] RES…:POST_PROCESSING_METHYLKIT -
[-        ] RES…ICHMENT_ANALYSIS_METHYLKIT -
[-        ] RES…LYSIS:ANNOTATE_RESULTS_DSS -
[-        ] RES…ALYSIS:POST_PROCESSING_DSS -
Plus 11 more processes waiting for tasks…
WARN: Environment variable `R_LIBS_USER` evaluates to an empty value
WARN: Environment variable `R_LIBS_SITE` evaluates to an empty value
WARN: Environment variable `R_LIBS_USER` evaluates to an empty value
WARN: Environment variable `R_LIBS_SITE` evaluates to an empty value
WARN: Environment variable `R_LIBS_USER` evaluates to an empty value
WARN: Environment variable `R_LIBS_SITE` evaluates to an empty value
WARN: Environment variable `R_LIBS_USER` evaluates to an empty value
WARN: Environment variable `R_LIBS_SITE` evaluates to an empty value
WARN: Environment variable `R_LIBS_USER` evaluates to an empty value
WARN: Environment variable `R_LIBS_SITE` evaluates to an empty value

executor >  local (39)
[7e/27e83e] PRE_STAGE:PRE_STAGE_FILES      | 1 of 1 ✔
[ed/b8a12a] REA…SSING:FASTQC (ERR11435659) | 6 of 6 ✔
[05/470760] REA…CKSUM_VERIFY (ERR11435647) | 6 of 6 ✔
[29/4d7627] REA…:TRIM_GALORE (ERR11435659) | 6 of 6 ✔
[ce/a562fe] PAR…8.dna.primary_assembly.fa) | 1 of 1 ✔
[cb/c60b2e] PAR…S_FQ2BAMMETH (ERR11435661) | 6 of 6 ✔
[69/fc0eb8] PAR…MTOOLS_INDEX (ERR11435652) | 6 of 6 ✔
[dd/36bb4d] PAR…SIS:QUALIMAP (ERR11435659) | 0 of 6
[b0/5b699f] PAR…8.dna.primary_assembly.fa) | 1 of 1 ✔
[8d/932cee] PAR…CKEL_EXTRACT (ERR11435659) | 1 of 6
[-        ] DIF…METHYLATION:EDGER_ANALYSIS -
[-        ] DIF…YLATION:METHYLKIT_ANALYSIS -
[-        ] DIF…L_METHYLATION:DSS_ANALYSIS -
[-        ] RES…SIS:ANNOTATE_RESULTS_EDGER -
[-        ] RES…YSIS:POST_PROCESSING_EDGER -
[-        ] RES…:ENRICHMENT_ANALYSIS_EDGER -
[-        ] RES…:POST_PROCESSING_METHYLKIT -
[-        ] RES…ICHMENT_ANALYSIS_METHYLKIT -
[-        ] RES…LYSIS:ANNOTATE_RESULTS_DSS -
[-        ] RES…ALYSIS:POST_PROCESSING_DSS -
Plus 11 more processes waiting for tasks…
WARN: Environment variable `R_LIBS_USER` evaluates to an empty value
WARN: Environment variable `R_LIBS_SITE` evaluates to an empty value











executor >  local (39)
[7e/27e83e] PRE_STAGE:PRE_STAGE_FILES      | 1 of 1 ✔
[ed/b8a12a] REA…SSING:FASTQC (ERR11435659) | 6 of 6 ✔
[05/470760] REA…CKSUM_VERIFY (ERR11435647) | 6 of 6 ✔
[29/4d7627] REA…:TRIM_GALORE (ERR11435659) | 6 of 6 ✔
[ce/a562fe] PAR…8.dna.primary_assembly.fa) | 1 of 1 ✔
[cb/c60b2e] PAR…S_FQ2BAMMETH (ERR11435661) | 6 of 6 ✔
[69/fc0eb8] PAR…MTOOLS_INDEX (ERR11435652) | 6 of 6 ✔
[dd/36bb4d] PAR…SIS:QUALIMAP (ERR11435659) | 0 of 6
[b0/5b699f] PAR…8.dna.primary_assembly.fa) | 1 of 1 ✔
[8d/932cee] PAR…CKEL_EXTRACT (ERR11435659) | 1 of 6
[-        ] DIF…METHYLATION:EDGER_ANALYSIS -
[-        ] DIF…YLATION:METHYLKIT_ANALYSIS -
[-        ] DIF…L_METHYLATION:DSS_ANALYSIS -
[-        ] RES…SIS:ANNOTATE_RESULTS_EDGER -
[-        ] RES…YSIS:POST_PROCESSING_EDGER -
[-        ] RES…:ENRICHMENT_ANALYSIS_EDGER -
[-        ] RES…:POST_PROCESSING_METHYLKIT -
[-        ] RES…ICHMENT_ANALYSIS_METHYLKIT -
[-        ] RES…LYSIS:ANNOTATE_RESULTS_DSS -
[-        ] RES…ALYSIS:POST_PROCESSING_DSS -
Plus 11 more processes waiting for tasks…
WARN: Environment variable `R_LIBS_USER` evaluates to an empty value
WARN: Environment variable `R_LIBS_SITE` evaluates to an empty value











executor >  local (41)
[7e/27e83e] PRE_STAGE:PRE_STAGE_FILES      | 1 of 1 ✔
[ed/b8a12a] REA…SSING:FASTQC (ERR11435659) | 6 of 6 ✔
[05/470760] REA…CKSUM_VERIFY (ERR11435647) | 6 of 6 ✔
[29/4d7627] REA…:TRIM_GALORE (ERR11435659) | 6 of 6 ✔
[ce/a562fe] PAR…8.dna.primary_assembly.fa) | 1 of 1 ✔
[cb/c60b2e] PAR…S_FQ2BAMMETH (ERR11435661) | 6 of 6 ✔
[69/fc0eb8] PAR…MTOOLS_INDEX (ERR11435652) | 6 of 6 ✔
[59/3cf841] PAR…SIS:QUALIMAP (ERR11435654) | 0 of 6
[b0/5b699f] PAR…8.dna.primary_assembly.fa) | 1 of 1 ✔
[64/44b029] PAR…CKEL_EXTRACT (ERR11435647) | 2 of 6
[-        ] DIF…METHYLATION:EDGER_ANALYSIS -
[-        ] DIF…YLATION:METHYLKIT_ANALYSIS -
[-        ] DIF…L_METHYLATION:DSS_ANALYSIS -
[-        ] RES…SIS:ANNOTATE_RESULTS_EDGER -
[-        ] RES…YSIS:POST_PROCESSING_EDGER -
[-        ] RES…:ENRICHMENT_ANALYSIS_EDGER -
[-        ] RES…:POST_PROCESSING_METHYLKIT -
[-        ] RES…ICHMENT_ANALYSIS_METHYLKIT -
[-        ] RES…LYSIS:ANNOTATE_RESULTS_DSS -
[-        ] RES…ALYSIS:POST_PROCESSING_DSS -
Plus 11 more processes waiting for tasks…
WARN: Environment variable `R_LIBS_USER` evaluates to an empty value
WARN: Environment variable `R_LIBS_SITE` evaluates to an empty value
WARN: Environment variable `R_LIBS_USER` evaluates to an empty value
WARN: Environment variable `R_LIBS_SITE` evaluates to an empty value



executor >  local (41)
[7e/27e83e] PRE_STAGE:PRE_STAGE_FILES      | 1 of 1 ✔
[ed/b8a12a] REA…SSING:FASTQC (ERR11435659) | 6 of 6 ✔
[05/470760] REA…CKSUM_VERIFY (ERR11435647) | 6 of 6 ✔
[29/4d7627] REA…:TRIM_GALORE (ERR11435659) | 6 of 6 ✔
[ce/a562fe] PAR…8.dna.primary_assembly.fa) | 1 of 1 ✔
[cb/c60b2e] PAR…S_FQ2BAMMETH (ERR11435661) | 6 of 6 ✔
[69/fc0eb8] PAR…MTOOLS_INDEX (ERR11435652) | 6 of 6 ✔
[59/3cf841] PAR…SIS:QUALIMAP (ERR11435654) | 0 of 6
[b0/5b699f] PAR…8.dna.primary_assembly.fa) | 1 of 1 ✔
[64/44b029] PAR…CKEL_EXTRACT (ERR11435647) | 2 of 6
[-        ] DIF…METHYLATION:EDGER_ANALYSIS -
[-        ] DIF…YLATION:METHYLKIT_ANALYSIS -
[-        ] DIF…L_METHYLATION:DSS_ANALYSIS -
[-        ] RES…SIS:ANNOTATE_RESULTS_EDGER -
[-        ] RES…YSIS:POST_PROCESSING_EDGER -
[-        ] RES…:ENRICHMENT_ANALYSIS_EDGER -
[-        ] RES…:POST_PROCESSING_METHYLKIT -
[-        ] RES…ICHMENT_ANALYSIS_METHYLKIT -
[-        ] RES…LYSIS:ANNOTATE_RESULTS_DSS -
[-        ] RES…ALYSIS:POST_PROCESSING_DSS -
Plus 11 more processes waiting for tasks…
WARN: Environment variable `R_LIBS_USER` evaluates to an empty value
WARN: Environment variable `R_LIBS_SITE` evaluates to an empty value
WARN: Environment variable `R_LIBS_USER` evaluates to an empty value
WARN: Environment variable `R_LIBS_SITE` evaluates to an empty value



executor >  local (42)
[7e/27e83e] PRE_STAGE:PRE_STAGE_FILES      | 1 of 1 ✔
[ed/b8a12a] REA…SSING:FASTQC (ERR11435659) | 6 of 6 ✔
[05/470760] REA…CKSUM_VERIFY (ERR11435647) | 6 of 6 ✔
[29/4d7627] REA…:TRIM_GALORE (ERR11435659) | 6 of 6 ✔
[ce/a562fe] PAR…8.dna.primary_assembly.fa) | 1 of 1 ✔
[cb/c60b2e] PAR…S_FQ2BAMMETH (ERR11435661) | 6 of 6 ✔
[69/fc0eb8] PAR…MTOOLS_INDEX (ERR11435652) | 6 of 6 ✔
[ca/365d24] PAR…SIS:QUALIMAP (ERR11435652) | 1 of 6
[b0/5b699f] PAR…8.dna.primary_assembly.fa) | 1 of 1 ✔
[64/44b029] PAR…CKEL_EXTRACT (ERR11435647) | 2 of 6
[-        ] DIF…METHYLATION:EDGER_ANALYSIS -
[-        ] DIF…YLATION:METHYLKIT_ANALYSIS -
[-        ] DIF…L_METHYLATION:DSS_ANALYSIS -
[-        ] RES…SIS:ANNOTATE_RESULTS_EDGER -
[-        ] RES…YSIS:POST_PROCESSING_EDGER -
[-        ] RES…:ENRICHMENT_ANALYSIS_EDGER -
[-        ] RES…:POST_PROCESSING_METHYLKIT -
[-        ] RES…ICHMENT_ANALYSIS_METHYLKIT -
[-        ] RES…LYSIS:ANNOTATE_RESULTS_DSS -
[-        ] RES…ALYSIS:POST_PROCESSING_DSS -
Plus 11 more processes waiting for tasks…
WARN: Environment variable `R_LIBS_USER` evaluates to an empty value
WARN: Environment variable `R_LIBS_SITE` evaluates to an empty value





executor >  local (42)
[7e/27e83e] PRE_STAGE:PRE_STAGE_FILES      | 1 of 1 ✔
[ed/b8a12a] REA…SSING:FASTQC (ERR11435659) | 6 of 6 ✔
[05/470760] REA…CKSUM_VERIFY (ERR11435647) | 6 of 6 ✔
[29/4d7627] REA…:TRIM_GALORE (ERR11435659) | 6 of 6 ✔
[ce/a562fe] PAR…8.dna.primary_assembly.fa) | 1 of 1 ✔
[cb/c60b2e] PAR…S_FQ2BAMMETH (ERR11435661) | 6 of 6 ✔
[69/fc0eb8] PAR…MTOOLS_INDEX (ERR11435652) | 6 of 6 ✔
[3d/4e82d9] PAR…SIS:QUALIMAP (ERR11435647) | 2 of 6
[b0/5b699f] PAR…8.dna.primary_assembly.fa) | 1 of 1 ✔
[64/44b029] PAR…CKEL_EXTRACT (ERR11435647) | 2 of 6
[-        ] DIF…METHYLATION:EDGER_ANALYSIS -
[-        ] DIF…YLATION:METHYLKIT_ANALYSIS -
[-        ] DIF…L_METHYLATION:DSS_ANALYSIS -
[-        ] RES…SIS:ANNOTATE_RESULTS_EDGER -
[-        ] RES…YSIS:POST_PROCESSING_EDGER -
[-        ] RES…:ENRICHMENT_ANALYSIS_EDGER -
[-        ] RES…:POST_PROCESSING_METHYLKIT -
[-        ] RES…ICHMENT_ANALYSIS_METHYLKIT -
[-        ] RES…LYSIS:ANNOTATE_RESULTS_DSS -
[-        ] RES…ALYSIS:POST_PROCESSING_DSS -
Plus 11 more processes waiting for tasks…







executor >  local (43)
[7e/27e83e] PRE_STAGE:PRE_STAGE_FILES      | 1 of 1 ✔
[ed/b8a12a] REA…SSING:FASTQC (ERR11435659) | 6 of 6 ✔
[05/470760] REA…CKSUM_VERIFY (ERR11435647) | 6 of 6 ✔
[29/4d7627] REA…:TRIM_GALORE (ERR11435659) | 6 of 6 ✔
[ce/a562fe] PAR…8.dna.primary_assembly.fa) | 1 of 1 ✔
[cb/c60b2e] PAR…S_FQ2BAMMETH (ERR11435661) | 6 of 6 ✔
[69/fc0eb8] PAR…MTOOLS_INDEX (ERR11435652) | 6 of 6 ✔
[3d/4e82d9] PAR…SIS:QUALIMAP (ERR11435647) | 2 of 6
[b0/5b699f] PAR…8.dna.primary_assembly.fa) | 1 of 1 ✔
[d7/e91142] PAR…CKEL_EXTRACT (ERR11435646) | 3 of 6
[-        ] DIF…METHYLATION:EDGER_ANALYSIS -
[-        ] DIF…YLATION:METHYLKIT_ANALYSIS -
[-        ] DIF…L_METHYLATION:DSS_ANALYSIS -
[-        ] RES…SIS:ANNOTATE_RESULTS_EDGER -
[-        ] RES…YSIS:POST_PROCESSING_EDGER -
[-        ] RES…:ENRICHMENT_ANALYSIS_EDGER -
[-        ] RES…:POST_PROCESSING_METHYLKIT -
[-        ] RES…ICHMENT_ANALYSIS_METHYLKIT -
[-        ] RES…LYSIS:ANNOTATE_RESULTS_DSS -
[-        ] RES…ALYSIS:POST_PROCESSING_DSS -
Plus 11 more processes waiting for tasks…
WARN: Environment variable `R_LIBS_USER` evaluates to an empty value
WARN: Environment variable `R_LIBS_SITE` evaluates to an empty value

executor >  local (44)
[7e/27e83e] PRE_STAGE:PRE_STAGE_FILES      | 1 of 1 ✔
[ed/b8a12a] REA…SSING:FASTQC (ERR11435659) | 6 of 6 ✔
[05/470760] REA…CKSUM_VERIFY (ERR11435647) | 6 of 6 ✔
[29/4d7627] REA…:TRIM_GALORE (ERR11435659) | 6 of 6 ✔
[ce/a562fe] PAR…8.dna.primary_assembly.fa) | 1 of 1 ✔
[cb/c60b2e] PAR…S_FQ2BAMMETH (ERR11435661) | 6 of 6 ✔
[69/fc0eb8] PAR…MTOOLS_INDEX (ERR11435652) | 6 of 6 ✔
[dd/36bb4d] PAR…SIS:QUALIMAP (ERR11435659) | 3 of 6
[b0/5b699f] PAR…8.dna.primary_assembly.fa) | 1 of 1 ✔
[bb/eef244] PAR…CKEL_EXTRACT (ERR11435654) | 3 of 6
[-        ] DIF…METHYLATION:EDGER_ANALYSIS -
[-        ] DIF…YLATION:METHYLKIT_ANALYSIS -
[-        ] DIF…L_METHYLATION:DSS_ANALYSIS -
[-        ] RES…SIS:ANNOTATE_RESULTS_EDGER -
[-        ] RES…YSIS:POST_PROCESSING_EDGER -
[-        ] RES…:ENRICHMENT_ANALYSIS_EDGER -
[-        ] RES…:POST_PROCESSING_METHYLKIT -
[-        ] RES…ICHMENT_ANALYSIS_METHYLKIT -
[-        ] RES…LYSIS:ANNOTATE_RESULTS_DSS -
[-        ] RES…ALYSIS:POST_PROCESSING_DSS -
Plus 11 more processes waiting for tasks…
WARN: Environment variable `R_LIBS_USER` evaluates to an empty value
WARN: Environment variable `R_LIBS_SITE` evaluates to an empty value



executor >  local (45)
[7e/27e83e] PRE_STAGE:PRE_STAGE_FILES      | 1 of 1 ✔
[ed/b8a12a] REA…SSING:FASTQC (ERR11435659) | 6 of 6 ✔
[05/470760] REA…CKSUM_VERIFY (ERR11435647) | 6 of 6 ✔
[29/4d7627] REA…:TRIM_GALORE (ERR11435659) | 6 of 6 ✔
[ce/a562fe] PAR…8.dna.primary_assembly.fa) | 1 of 1 ✔
[cb/c60b2e] PAR…S_FQ2BAMMETH (ERR11435661) | 6 of 6 ✔
[69/fc0eb8] PAR…MTOOLS_INDEX (ERR11435652) | 6 of 6 ✔
[dd/36bb4d] PAR…SIS:QUALIMAP (ERR11435659) | 3 of 6
[b0/5b699f] PAR…8.dna.primary_assembly.fa) | 1 of 1 ✔
[de/58ceb8] PAR…CKEL_EXTRACT (ERR11435652) | 4 of 6
[-        ] DIF…METHYLATION:EDGER_ANALYSIS -
[-        ] DIF…YLATION:METHYLKIT_ANALYSIS -
[-        ] DIF…L_METHYLATION:DSS_ANALYSIS -
[-        ] RES…SIS:ANNOTATE_RESULTS_EDGER -
[-        ] RES…YSIS:POST_PROCESSING_EDGER -
[-        ] RES…:ENRICHMENT_ANALYSIS_EDGER -
[-        ] RES…:POST_PROCESSING_METHYLKIT -
[-        ] RES…ICHMENT_ANALYSIS_METHYLKIT -
[-        ] RES…LYSIS:ANNOTATE_RESULTS_DSS -
[-        ] RES…ALYSIS:POST_PROCESSING_DSS -
Plus 11 more processes waiting for tasks…
WARN: Environment variable `R_LIBS_USER` evaluates to an empty value
WARN: Environment variable `R_LIBS_SITE` evaluates to an empty value



executor >  local (45)
[7e/27e83e] PRE_STAGE:PRE_STAGE_FILES      | 1 of 1 ✔
[ed/b8a12a] REA…SSING:FASTQC (ERR11435659) | 6 of 6 ✔
[05/470760] REA…CKSUM_VERIFY (ERR11435647) | 6 of 6 ✔
[29/4d7627] REA…:TRIM_GALORE (ERR11435659) | 6 of 6 ✔
[ce/a562fe] PAR…8.dna.primary_assembly.fa) | 1 of 1 ✔
[cb/c60b2e] PAR…S_FQ2BAMMETH (ERR11435661) | 6 of 6 ✔
[69/fc0eb8] PAR…MTOOLS_INDEX (ERR11435652) | 6 of 6 ✔
[dd/36bb4d] PAR…SIS:QUALIMAP (ERR11435659) | 3 of 6
[b0/5b699f] PAR…8.dna.primary_assembly.fa) | 1 of 1 ✔
[de/58ceb8] PAR…CKEL_EXTRACT (ERR11435652) | 4 of 6
[-        ] DIF…METHYLATION:EDGER_ANALYSIS -
[-        ] DIF…YLATION:METHYLKIT_ANALYSIS -
[-        ] DIF…L_METHYLATION:DSS_ANALYSIS -
[-        ] RES…SIS:ANNOTATE_RESULTS_EDGER -
[-        ] RES…YSIS:POST_PROCESSING_EDGER -
[-        ] RES…:ENRICHMENT_ANALYSIS_EDGER -
[-        ] RES…:POST_PROCESSING_METHYLKIT -
[-        ] RES…ICHMENT_ANALYSIS_METHYLKIT -
[-        ] RES…LYSIS:ANNOTATE_RESULTS_DSS -
[-        ] RES…ALYSIS:POST_PROCESSING_DSS -
Plus 11 more processes waiting for tasks…
WARN: Environment variable `R_LIBS_USER` evaluates to an empty value
WARN: Environment variable `R_LIBS_SITE` evaluates to an empty value



executor >  local (45)
[7e/27e83e] PRE_STAGE:PRE_STAGE_FILES      | 1 of 1 ✔
[ed/b8a12a] REA…SSING:FASTQC (ERR11435659) | 6 of 6 ✔
[05/470760] REA…CKSUM_VERIFY (ERR11435647) | 6 of 6 ✔
[29/4d7627] REA…:TRIM_GALORE (ERR11435659) | 6 of 6 ✔
[ce/a562fe] PAR…8.dna.primary_assembly.fa) | 1 of 1 ✔
[cb/c60b2e] PAR…S_FQ2BAMMETH (ERR11435661) | 6 of 6 ✔
[69/fc0eb8] PAR…MTOOLS_INDEX (ERR11435652) | 6 of 6 ✔
[29/a7e5f0] PAR…SIS:QUALIMAP (ERR11435646) | 4 of 6
[b0/5b699f] PAR…8.dna.primary_assembly.fa) | 1 of 1 ✔
[de/58ceb8] PAR…CKEL_EXTRACT (ERR11435652) | 4 of 6
[-        ] DIF…METHYLATION:EDGER_ANALYSIS -
[-        ] DIF…YLATION:METHYLKIT_ANALYSIS -
[-        ] DIF…L_METHYLATION:DSS_ANALYSIS -
[-        ] RES…SIS:ANNOTATE_RESULTS_EDGER -
[-        ] RES…YSIS:POST_PROCESSING_EDGER -
[-        ] RES…:ENRICHMENT_ANALYSIS_EDGER -
[-        ] RES…:POST_PROCESSING_METHYLKIT -
[-        ] RES…ICHMENT_ANALYSIS_METHYLKIT -
[-        ] RES…LYSIS:ANNOTATE_RESULTS_DSS -
[-        ] RES…ALYSIS:POST_PROCESSING_DSS -
Plus 11 more processes waiting for tasks…
WARN: Environment variable `R_LIBS_USER` evaluates to an empty value
WARN: Environment variable `R_LIBS_SITE` evaluates to an empty value

executor >  local (45)
[7e/27e83e] PRE_STAGE:PRE_STAGE_FILES      | 1 of 1 ✔
[ed/b8a12a] REA…SSING:FASTQC (ERR11435659) | 6 of 6 ✔
[05/470760] REA…CKSUM_VERIFY (ERR11435647) | 6 of 6 ✔
[29/4d7627] REA…:TRIM_GALORE (ERR11435659) | 6 of 6 ✔
[ce/a562fe] PAR…8.dna.primary_assembly.fa) | 1 of 1 ✔
[cb/c60b2e] PAR…S_FQ2BAMMETH (ERR11435661) | 6 of 6 ✔
[69/fc0eb8] PAR…MTOOLS_INDEX (ERR11435652) | 6 of 6 ✔
[59/3cf841] PAR…SIS:QUALIMAP (ERR11435654) | 5 of 6
[b0/5b699f] PAR…8.dna.primary_assembly.fa) | 1 of 1 ✔
[de/58ceb8] PAR…CKEL_EXTRACT (ERR11435652) | 4 of 6
[-        ] DIF…METHYLATION:EDGER_ANALYSIS -
[-        ] DIF…YLATION:METHYLKIT_ANALYSIS -
[-        ] DIF…L_METHYLATION:DSS_ANALYSIS -
[-        ] RES…SIS:ANNOTATE_RESULTS_EDGER -
[-        ] RES…YSIS:POST_PROCESSING_EDGER -
[-        ] RES…:ENRICHMENT_ANALYSIS_EDGER -
[-        ] RES…:POST_PROCESSING_METHYLKIT -
[-        ] RES…ICHMENT_ANALYSIS_METHYLKIT -
[-        ] RES…LYSIS:ANNOTATE_RESULTS_DSS -
[-        ] RES…ALYSIS:POST_PROCESSING_DSS -
Plus 11 more processes waiting for tasks…



executor >  local (45)
[7e/27e83e] PRE_STAGE:PRE_STAGE_FILES      | 1 of 1 ✔
[ed/b8a12a] REA…SSING:FASTQC (ERR11435659) | 6 of 6 ✔
[05/470760] REA…CKSUM_VERIFY (ERR11435647) | 6 of 6 ✔
[29/4d7627] REA…:TRIM_GALORE (ERR11435659) | 6 of 6 ✔
[ce/a562fe] PAR…8.dna.primary_assembly.fa) | 1 of 1 ✔
[cb/c60b2e] PAR…S_FQ2BAMMETH (ERR11435661) | 6 of 6 ✔
[69/fc0eb8] PAR…MTOOLS_INDEX (ERR11435652) | 6 of 6 ✔
[59/3cf841] PAR…SIS:QUALIMAP (ERR11435654) | 5 of 6
[b0/5b699f] PAR…8.dna.primary_assembly.fa) | 1 of 1 ✔
[bb/eef244] PAR…CKEL_EXTRACT (ERR11435654) | 5 of 6
[-        ] DIF…METHYLATION:EDGER_ANALYSIS -
[-        ] DIF…YLATION:METHYLKIT_ANALYSIS -
[-        ] DIF…L_METHYLATION:DSS_ANALYSIS -
[-        ] RES…SIS:ANNOTATE_RESULTS_EDGER -
[-        ] RES…YSIS:POST_PROCESSING_EDGER -
[-        ] RES…:ENRICHMENT_ANALYSIS_EDGER -
[-        ] RES…:POST_PROCESSING_METHYLKIT -
[-        ] RES…ICHMENT_ANALYSIS_METHYLKIT -
[-        ] RES…LYSIS:ANNOTATE_RESULTS_DSS -
[-        ] RES…ALYSIS:POST_PROCESSING_DSS -
Plus 11 more processes waiting for tasks…



executor >  local (45)
[7e/27e83e] PRE_STAGE:PRE_STAGE_FILES      | 1 of 1 ✔
[ed/b8a12a] REA…SSING:FASTQC (ERR11435659) | 6 of 6 ✔
[05/470760] REA…CKSUM_VERIFY (ERR11435647) | 6 of 6 ✔
[29/4d7627] REA…:TRIM_GALORE (ERR11435659) | 6 of 6 ✔
[ce/a562fe] PAR…8.dna.primary_assembly.fa) | 1 of 1 ✔
[cb/c60b2e] PAR…S_FQ2BAMMETH (ERR11435661) | 6 of 6 ✔
[69/fc0eb8] PAR…MTOOLS_INDEX (ERR11435652) | 6 of 6 ✔
[ca/365d24] PAR…SIS:QUALIMAP (ERR11435652) | 6 of 6 ✔
[b0/5b699f] PAR…8.dna.primary_assembly.fa) | 1 of 1 ✔
[bb/eef244] PAR…CKEL_EXTRACT (ERR11435654) | 5 of 6
[-        ] DIF…METHYLATION:EDGER_ANALYSIS -
[-        ] DIF…YLATION:METHYLKIT_ANALYSIS -
[-        ] DIF…L_METHYLATION:DSS_ANALYSIS -
[-        ] RES…SIS:ANNOTATE_RESULTS_EDGER -
[-        ] RES…YSIS:POST_PROCESSING_EDGER -
[-        ] RES…:ENRICHMENT_ANALYSIS_EDGER -
[-        ] RES…:POST_PROCESSING_METHYLKIT -
[-        ] RES…ICHMENT_ANALYSIS_METHYLKIT -
[-        ] RES…LYSIS:ANNOTATE_RESULTS_DSS -
[-        ] RES…ALYSIS:POST_PROCESSING_DSS -
Plus 11 more processes waiting for tasks…

executor >  local (46)
[7e/27e83e] PRE_STAGE:PRE_STAGE_FILES      | 1 of 1 ✔
[ed/b8a12a] REA…SSING:FASTQC (ERR11435659) | 6 of 6 ✔
[05/470760] REA…CKSUM_VERIFY (ERR11435647) | 6 of 6 ✔
[29/4d7627] REA…:TRIM_GALORE (ERR11435659) | 6 of 6 ✔
[ce/a562fe] PAR…8.dna.primary_assembly.fa) | 1 of 1 ✔
[cb/c60b2e] PAR…S_FQ2BAMMETH (ERR11435661) | 6 of 6 ✔
[69/fc0eb8] PAR…MTOOLS_INDEX (ERR11435652) | 6 of 6 ✔
[ca/365d24] PAR…SIS:QUALIMAP (ERR11435652) | 6 of 6 ✔
[b0/5b699f] PAR…8.dna.primary_assembly.fa) | 1 of 1 ✔
[de/58ceb8] PAR…CKEL_EXTRACT (ERR11435652) | 6 of 6 ✔
[d1/75ce9a] DIF…METHYLATION:EDGER_ANALYSIS | 0 of 1
[-        ] DIF…YLATION:METHYLKIT_ANALYSIS | 0 of 1
[-        ] DIF…L_METHYLATION:DSS_ANALYSIS | 0 of 1
[-        ] RES…SIS:ANNOTATE_RESULTS_EDGER -
[-        ] RES…YSIS:POST_PROCESSING_EDGER -
[-        ] RES…:ENRICHMENT_ANALYSIS_EDGER -
[-        ] RES…:POST_PROCESSING_METHYLKIT -
[-        ] RES…ICHMENT_ANALYSIS_METHYLKIT -
[-        ] RES…LYSIS:ANNOTATE_RESULTS_DSS -
[-        ] RES…ALYSIS:POST_PROCESSING_DSS -
Plus 11 more processes waiting for tasks…
WARN: Environment variable `R_LIBS_USER` evaluates to an empty value
WARN: Environment variable `R_LIBS_SITE` evaluates to an empty value

executor >  local (47)
[7e/27e83e] PRE_STAGE:PRE_STAGE_FILES      | 1 of 1 ✔
[ed/b8a12a] REA…SSING:FASTQC (ERR11435659) | 6 of 6 ✔
[05/470760] REA…CKSUM_VERIFY (ERR11435647) | 6 of 6 ✔
[29/4d7627] REA…:TRIM_GALORE (ERR11435659) | 6 of 6 ✔
[ce/a562fe] PAR…8.dna.primary_assembly.fa) | 1 of 1 ✔
[cb/c60b2e] PAR…S_FQ2BAMMETH (ERR11435661) | 6 of 6 ✔
[69/fc0eb8] PAR…MTOOLS_INDEX (ERR11435652) | 6 of 6 ✔
[ca/365d24] PAR…SIS:QUALIMAP (ERR11435652) | 6 of 6 ✔
[b0/5b699f] PAR…8.dna.primary_assembly.fa) | 1 of 1 ✔
[de/58ceb8] PAR…CKEL_EXTRACT (ERR11435652) | 6 of 6 ✔
[d1/75ce9a] DIF…METHYLATION:EDGER_ANALYSIS | 1 of 1 ✔
[a6/072305] DIF…e_sheet_twist_minimal.csv) | 0 of 1
[-        ] DIF…L_METHYLATION:DSS_ANALYSIS | 0 of 1
[-        ] RES…SIS:ANNOTATE_RESULTS_EDGER | 0 of 1
[-        ] RES…YSIS:POST_PROCESSING_EDGER -
[-        ] RES…:ENRICHMENT_ANALYSIS_EDGER -
[-        ] RES…:POST_PROCESSING_METHYLKIT -
[-        ] RES…ICHMENT_ANALYSIS_METHYLKIT -
[-        ] RES…LYSIS:ANNOTATE_RESULTS_DSS -
[-        ] RES…ALYSIS:POST_PROCESSING_DSS -
Plus 11 more processes waiting for tasks…
SUBMITTING TO ANALYSIS: [edger] /data/Jyotirmoy/JD/TwistMethylFlow-devel/MethylFlow/work/d1/75ce9a0e25c64c0d0f069f5da6d1d8/EdgeR_group_CS_vs_VD_sig.csv
WARN: Environment variable `R_LIBS_USER` evaluates to an empty value
WARN: Environment variable `R_LIBS_SITE` evaluates to an empty value



executor >  local (48)
[7e/27e83e] PRE_STAGE:PRE_STAGE_FILES      | 1 of 1 ✔
[ed/b8a12a] REA…SSING:FASTQC (ERR11435659) | 6 of 6 ✔
[05/470760] REA…CKSUM_VERIFY (ERR11435647) | 6 of 6 ✔
[29/4d7627] REA…:TRIM_GALORE (ERR11435659) | 6 of 6 ✔
[ce/a562fe] PAR…8.dna.primary_assembly.fa) | 1 of 1 ✔
[cb/c60b2e] PAR…S_FQ2BAMMETH (ERR11435661) | 6 of 6 ✔
[69/fc0eb8] PAR…MTOOLS_INDEX (ERR11435652) | 6 of 6 ✔
[ca/365d24] PAR…SIS:QUALIMAP (ERR11435652) | 6 of 6 ✔
[b0/5b699f] PAR…8.dna.primary_assembly.fa) | 1 of 1 ✔
[de/58ceb8] PAR…CKEL_EXTRACT (ERR11435652) | 6 of 6 ✔
[d1/75ce9a] DIF…METHYLATION:EDGER_ANALYSIS | 1 of 1 ✔
[a6/072305] DIF…e_sheet_twist_minimal.csv) | 1 of 1 ✔
[18/b146b5] DIF…L_METHYLATION:DSS_ANALYSIS | 0 of 1
[-        ] RES…SIS:ANNOTATE_RESULTS_EDGER | 0 of 1
[-        ] RES…YSIS:POST_PROCESSING_EDGER -
[-        ] RES…:ENRICHMENT_ANALYSIS_EDGER -
[-        ] RES…:POST_PROCESSING_METHYLKIT | 0 of 1
[-        ] RES…ICHMENT_ANALYSIS_METHYLKIT | 0 of 1
[-        ] RES…LYSIS:ANNOTATE_RESULTS_DSS -
[-        ] RES…ALYSIS:POST_PROCESSING_DSS -
[-        ] CLI…AL_REPORTING:GO_ENRICHMENT | 0 of 1
[-        ] CLI…_REPORTING:KEGG_ENRICHMENT | 0 of 1
[-        ] CLI…PORTING:DISEASE_ENRICHMENT | 0 of 1
[-        ] CLI…ORTING:CLINICAL_ANNOTATION | 0 of 1
Plus 7 more processes waiting for tasks…
SUBMITTING TO ANALYSIS: [methylkit] /data/Jyotirmoy/JD/TwistMethylFlow-devel/MethylFlow/work/a6/072305729b56788a264d3434136816/MethylKit_CS_vs_VD.csv

WARN: Environment variable `R_LIBS_USER` evaluates to an empty value
WARN: Environment variable `R_LIBS_SITE` evaluates to an empty value



executor >  local (56)
[7e/27e83e] PRE_STAGE:PRE_STAGE_FILES      | 1 of 1 ✔
[ed/b8a12a] REA…SSING:FASTQC (ERR11435659) | 6 of 6 ✔
[05/470760] REA…CKSUM_VERIFY (ERR11435647) | 6 of 6 ✔
[29/4d7627] REA…:TRIM_GALORE (ERR11435659) | 6 of 6 ✔
[ce/a562fe] PAR…8.dna.primary_assembly.fa) | 1 of 1 ✔
[cb/c60b2e] PAR…S_FQ2BAMMETH (ERR11435661) | 6 of 6 ✔
[69/fc0eb8] PAR…MTOOLS_INDEX (ERR11435652) | 6 of 6 ✔
[ca/365d24] PAR…SIS:QUALIMAP (ERR11435652) | 6 of 6 ✔
[b0/5b699f] PAR…8.dna.primary_assembly.fa) | 1 of 1 ✔
[de/58ceb8] PAR…CKEL_EXTRACT (ERR11435652) | 6 of 6 ✔
[d1/75ce9a] DIF…METHYLATION:EDGER_ANALYSIS | 1 of 1 ✔
[a6/072305] DIF…e_sheet_twist_minimal.csv) | 1 of 1 ✔
[18/b146b5] DIF…L_METHYLATION:DSS_ANALYSIS | 1 of 1 ✔
[b1/629abd] RES…ANNOTATE_RESULTS_EDGER (1) | 0 of 1
[-        ] RES…YSIS:POST_PROCESSING_EDGER -
[-        ] RES…:ENRICHMENT_ANALYSIS_EDGER -
[bd/731cdf] RES…T_PROCESSING_METHYLKIT (1) | 0 of 1
[00/e2a03c] RES…ENT_ANALYSIS_METHYLKIT (1) | 0 of 1
[a6/7b952d] RES…S:ANNOTATE_RESULTS_DSS (1) | 0 of 1
[-        ] RES…ALYSIS:POST_PROCESSING_DSS -
[87/3d49f4] CLI…it-MethylKit_CS_vs_VD.csv) | 0 of 1
[67/979fbf] CLI…it-MethylKit_CS_vs_VD.csv) | 0 of 1
[2c/49b8e0] CLI…it-MethylKit_CS_vs_VD.csv) | 0 of 1
[fa/187c7c] CLI…it-MethylKit_CS_vs_VD.csv) | 0 of 1
Plus 7 more processes waiting for tasks…
SUBMITTING TO ANALYSIS: [dss] /data/Jyotirmoy/JD/TwistMethylFlow-devel/MethylFlow/work/18/b146b5525bb6d958246568114c1fac/DSS_group_CS_vs_VD_dmr.csv
SUBMITTING TO ANALYSIS: [dss] /data/Jyotirmoy/JD/TwistMethylFlow-devel/MethylFlow/work/18/b146b5525bb6d958246568114c1fac/DSS_group_CS_vs_VD_sig.csv

WARN: Environment variable `R_LIBS_USER` evaluates to an empty value
WARN: Environment variable `R_LIBS_SITE` evaluates to an empty value
WARN: Environment variable `R_LIBS_USER` evaluates to an empty value
WARN: Environment variable `R_LIBS_SITE` evaluates to an empty value
WARN: Environment variable `R_LIBS_USER` evaluates to an empty value
WARN: Environment variable `R_LIBS_SITE` evaluates to an empty value
WARN: Environment variable `R_LIBS_USER` evaluates to an empty value
WARN: Environment variable `R_LIBS_SITE` evaluates to an empty value
WARN: Environment variable `R_LIBS_USER` evaluates to an empty value
WARN: Environment variable `R_LIBS_SITE` evaluates to an empty value
WARN: Environment variable `R_LIBS_USER` evaluates to an empty value
WARN: Environment variable `R_LIBS_SITE` evaluates to an empty value
WARN: Environment variable `R_LIBS_USER` evaluates to an empty value
WARN: Environment variable `R_LIBS_SITE` evaluates to an empty value
WARN: Environment variable `R_LIBS_USER` evaluates to an empty value
WARN: Environment variable `R_LIBS_SITE` evaluates to an empty value



executor >  local (60)
[7e/27e83e] PRE_STAGE:PRE_STAGE_FILES      | 1 of 1 ✔
[ed/b8a12a] REA…SSING:FASTQC (ERR11435659) | 6 of 6 ✔
[05/470760] REA…CKSUM_VERIFY (ERR11435647) | 6 of 6 ✔
[29/4d7627] REA…:TRIM_GALORE (ERR11435659) | 6 of 6 ✔
[ce/a562fe] PAR…8.dna.primary_assembly.fa) | 1 of 1 ✔
[cb/c60b2e] PAR…S_FQ2BAMMETH (ERR11435661) | 6 of 6 ✔
[69/fc0eb8] PAR…MTOOLS_INDEX (ERR11435652) | 6 of 6 ✔
[ca/365d24] PAR…SIS:QUALIMAP (ERR11435652) | 6 of 6 ✔
[b0/5b699f] PAR…8.dna.primary_assembly.fa) | 1 of 1 ✔
[de/58ceb8] PAR…CKEL_EXTRACT (ERR11435652) | 6 of 6 ✔
[d1/75ce9a] DIF…METHYLATION:EDGER_ANALYSIS | 1 of 1 ✔
[a6/072305] DIF…e_sheet_twist_minimal.csv) | 1 of 1 ✔
[18/b146b5] DIF…L_METHYLATION:DSS_ANALYSIS | 1 of 1 ✔
[b1/629abd] RES…ANNOTATE_RESULTS_EDGER (1) | 1 of 1 ✔
[-        ] RES…YSIS:POST_PROCESSING_EDGER | 0 of 1
[-        ] RES…:ENRICHMENT_ANALYSIS_EDGER | 0 of 1
[bd/731cdf] RES…T_PROCESSING_METHYLKIT (1) | 0 of 1
[00/e2a03c] RES…ENT_ANALYSIS_METHYLKIT (1) | 0 of 1
[a6/7b952d] RES…S:ANNOTATE_RESULTS_DSS (1) | 0 of 1
[-        ] RES…ALYSIS:POST_PROCESSING_DSS -
[9b/0cd9b4] CLI…S_vs_VD_sig_annotated.csv) | 1 of 2
[72/d67e66] CLI…S_vs_VD_sig_annotated.csv) | 1 of 2
[b2/14d8ff] CLI…S_vs_VD_sig_annotated.csv) | 1 of 2
[f9/92bfaf] CLI…S_vs_VD_sig_annotated.csv) | 0 of 2
Plus 7 more processes waiting for tasks…
SUBMITTING TO ANALYSIS: [dss] /data/Jyotirmoy/JD/TwistMethylFlow-devel/MethylFlow/work/18/b146b5525bb6d958246568114c1fac/DSS_group_CS_vs_VD_dmr.csv
SUBMITTING TO ANALYSIS: [dss] /data/Jyotirmoy/JD/TwistMethylFlow-devel/MethylFlow/work/18/b146b5525bb6d958246568114c1fac/DSS_group_CS_vs_VD_sig.csv
WARN: Environment variable `R_LIBS_USER` evaluates to an empty value
WARN: Environment variable `R_LIBS_SITE` evaluates to an empty value
WARN: Environment variable `R_LIBS_USER` evaluates to an empty value
WARN: Environment variable `R_LIBS_SITE` evaluates to an empty value
WARN: Environment variable `R_LIBS_USER` evaluates to an empty value
WARN: Environment variable `R_LIBS_SITE` evaluates to an empty value
WARN: Environment variable `R_LIBS_USER` evaluates to an empty value
WARN: Environment variable `R_LIBS_SITE` evaluates to an empty value
WARN: Environment variable `R_LIBS_USER` evaluates to an empty value
WARN: Environment variable `R_LIBS_SITE` evaluates to an empty value
WARN: Environment variable `R_LIBS_USER` evaluates to an empty value
WARN: Environment variable `R_LIBS_SITE` evaluates to an empty value
WARN: Environment variable `R_LIBS_USER` evaluates to an empty value
WARN: Environment variable `R_LIBS_SITE` evaluates to an empty value
WARN: Environment variable `R_LIBS_USER` evaluates to an empty value
WARN: Environment variable `R_LIBS_SITE` evaluates to an empty value
WARN: Environment variable `R_LIBS_USER` evaluates to an empty value
WARN: Environment variable `R_LIBS_SITE` evaluates to an empty value
WARN: Environment variable `R_LIBS_USER` evaluates to an empty value
WARN: Environment variable `R_LIBS_SITE` evaluates to an empty value
WARN: Environment variable `R_LIBS_USER` evaluates to an empty value
WARN: Environment variable `R_LIBS_SITE` evaluates to an empty value
WARN: Environment variable `R_LIBS_USER` evaluates to an empty value
WARN: Environment variable `R_LIBS_SITE` evaluates to an empty value

executor >  local (62)
[7e/27e83e] PRE_STAGE:PRE_STAGE_FILES      | 1 of 1 ✔
[ed/b8a12a] REA…SSING:FASTQC (ERR11435659) | 6 of 6 ✔
[05/470760] REA…CKSUM_VERIFY (ERR11435647) | 6 of 6 ✔
[29/4d7627] REA…:TRIM_GALORE (ERR11435659) | 6 of 6 ✔
[ce/a562fe] PAR…8.dna.primary_assembly.fa) | 1 of 1 ✔
[cb/c60b2e] PAR…S_FQ2BAMMETH (ERR11435661) | 6 of 6 ✔
[69/fc0eb8] PAR…MTOOLS_INDEX (ERR11435652) | 6 of 6 ✔
[ca/365d24] PAR…SIS:QUALIMAP (ERR11435652) | 6 of 6 ✔
[b0/5b699f] PAR…8.dna.primary_assembly.fa) | 1 of 1 ✔
[de/58ceb8] PAR…CKEL_EXTRACT (ERR11435652) | 6 of 6 ✔
[d1/75ce9a] DIF…METHYLATION:EDGER_ANALYSIS | 1 of 1 ✔
[a6/072305] DIF…e_sheet_twist_minimal.csv) | 1 of 1 ✔
[18/b146b5] DIF…L_METHYLATION:DSS_ANALYSIS | 1 of 1 ✔
[b1/629abd] RES…ANNOTATE_RESULTS_EDGER (1) | 1 of 1 ✔
[b3/7bd11f] RES…:POST_PROCESSING_EDGER (1) | 0 of 1
[5c/a4d0f9] RES…ICHMENT_ANALYSIS_EDGER (1) | 0 of 1
[bd/731cdf] RES…T_PROCESSING_METHYLKIT (1) | 1 of 1 ✔
[00/e2a03c] RES…ENT_ANALYSIS_METHYLKIT (1) | 0 of 1
[a6/7b952d] RES…S:ANNOTATE_RESULTS_DSS (1) | 0 of 1
[-        ] RES…ALYSIS:POST_PROCESSING_DSS -
[9b/0cd9b4] CLI…S_vs_VD_sig_annotated.csv) | 1 of 2
[72/d67e66] CLI…S_vs_VD_sig_annotated.csv) | 1 of 2
[b2/14d8ff] CLI…S_vs_VD_sig_annotated.csv) | 1 of 2
[fa/187c7c] CLI…it-MethylKit_CS_vs_VD.csv) | 1 of 2
[-        ] CLI…_REPORTING:DMR_DETAIL_PLOT | 0 of 1
[-        ] CLINICAL_REPORTING:PCA_PLOT    | 0 of 1
[-        ] CLI…AL_REPORTING:PATHVIEW_PLOT | 0 of 1
Plus 4 more processes waiting for tasks…
SUBMITTING TO ANALYSIS: [dss] /data/Jyotirmoy/JD/TwistMethylFlow-devel/MethylFlow/work/18/b146b5525bb6d958246568114c1fac/DSS_group_CS_vs_VD_dmr.csv
SUBMITTING TO ANALYSIS: [dss] /data/Jyotirmoy/JD/TwistMethylFlow-devel/MethylFlow/work/18/b146b5525bb6d958246568114c1fac/DSS_group_CS_vs_VD_sig.csv
WARN: Environment variable `R_LIBS_USER` evaluates to an empty value
WARN: Environment variable `R_LIBS_SITE` evaluates to an empty value
WARN: Environment variable `R_LIBS_USER` evaluates to an empty value
WARN: Environment variable `R_LIBS_SITE` evaluates to an empty value
WARN: Environment variable `R_LIBS_USER` evaluates to an empty value
WARN: Environment variable `R_LIBS_SITE` evaluates to an empty value
WARN: Environment variable `R_LIBS_USER` evaluates to an empty value
WARN: Environment variable `R_LIBS_SITE` evaluates to an empty value
WARN: Environment variable `R_LIBS_USER` evaluates to an empty value
WARN: Environment variable `R_LIBS_SITE` evaluates to an empty value
WARN: Environment variable `R_LIBS_USER` evaluates to an empty value
WARN: Environment variable `R_LIBS_SITE` evaluates to an empty value
WARN: Environment variable `R_LIBS_USER` evaluates to an empty value
WARN: Environment variable `R_LIBS_SITE` evaluates to an empty value
WARN: Environment variable `R_LIBS_USER` evaluates to an empty value
WARN: Environment variable `R_LIBS_SITE` evaluates to an empty value
WARN: Environment variable `R_LIBS_USER` evaluates to an empty value
WARN: Environment variable `R_LIBS_SITE` evaluates to an empty value
WARN: Environment variable `R_LIBS_USER` evaluates to an empty value
WARN: Environment variable `R_LIBS_SITE` evaluates to an empty value
WARN: Environment variable `R_LIBS_USER` evaluates to an empty value
WARN: Environment variable `R_LIBS_SITE` evaluates to an empty value
WARN: Environment variable `R_LIBS_USER` evaluates to an empty value
WARN: Environment variable `R_LIBS_SITE` evaluates to an empty value
WARN: Environment variable `R_LIBS_USER` evaluates to an empty value
WARN: Environment variable `R_LIBS_SITE` evaluates to an empty value
WARN: Environment variable `R_LIBS_USER` evaluates to an empty value
WARN: Environment variable `R_LIBS_SITE` evaluates to an empty value

executor >  local (62)
[7e/27e83e] PRE_STAGE:PRE_STAGE_FILES      | 1 of 1 ✔
[ed/b8a12a] REA…SSING:FASTQC (ERR11435659) | 6 of 6 ✔
[05/470760] REA…CKSUM_VERIFY (ERR11435647) | 6 of 6 ✔
[29/4d7627] REA…:TRIM_GALORE (ERR11435659) | 6 of 6 ✔
[ce/a562fe] PAR…8.dna.primary_assembly.fa) | 1 of 1 ✔
[cb/c60b2e] PAR…S_FQ2BAMMETH (ERR11435661) | 6 of 6 ✔
[69/fc0eb8] PAR…MTOOLS_INDEX (ERR11435652) | 6 of 6 ✔
[ca/365d24] PAR…SIS:QUALIMAP (ERR11435652) | 6 of 6 ✔
[b0/5b699f] PAR…8.dna.primary_assembly.fa) | 1 of 1 ✔
[de/58ceb8] PAR…CKEL_EXTRACT (ERR11435652) | 6 of 6 ✔
[d1/75ce9a] DIF…METHYLATION:EDGER_ANALYSIS | 1 of 1 ✔
[a6/072305] DIF…e_sheet_twist_minimal.csv) | 1 of 1 ✔
[18/b146b5] DIF…L_METHYLATION:DSS_ANALYSIS | 1 of 1 ✔
[b1/629abd] RES…ANNOTATE_RESULTS_EDGER (1) | 1 of 1 ✔
[b3/7bd11f] RES…:POST_PROCESSING_EDGER (1) | 0 of 1
[5c/a4d0f9] RES…ICHMENT_ANALYSIS_EDGER (1) | 0 of 1
[bd/731cdf] RES…T_PROCESSING_METHYLKIT (1) | 1 of 1 ✔
[00/e2a03c] RES…ENT_ANALYSIS_METHYLKIT (1) | 0 of 1
[a6/7b952d] RES…S:ANNOTATE_RESULTS_DSS (1) | 0 of 1
[-        ] RES…ALYSIS:POST_PROCESSING_DSS -
[9b/0cd9b4] CLI…S_vs_VD_sig_annotated.csv) | 1 of 2
[72/d67e66] CLI…S_vs_VD_sig_annotated.csv) | 1 of 2
[b2/14d8ff] CLI…S_vs_VD_sig_annotated.csv) | 1 of 2
[fa/187c7c] CLI…it-MethylKit_CS_vs_VD.csv) | 1 of 2
[-        ] CLI…_REPORTING:DMR_DETAIL_PLOT | 0 of 1
[-        ] CLINICAL_REPORTING:PCA_PLOT    | 0 of 1
[-        ] CLI…AL_REPORTING:PATHVIEW_PLOT | 0 of 1
Plus 4 more processes waiting for tasks…
SUBMITTING TO ANALYSIS: [dss] /data/Jyotirmoy/JD/TwistMethylFlow-devel/MethylFlow/work/18/b146b5525bb6d958246568114c1fac/DSS_group_CS_vs_VD_dmr.csv
SUBMITTING TO ANALYSIS: [dss] /data/Jyotirmoy/JD/TwistMethylFlow-devel/MethylFlow/work/18/b146b5525bb6d958246568114c1fac/DSS_group_CS_vs_VD_sig.csv
WARN: Environment variable `R_LIBS_USER` evaluates to an empty value
WARN: Environment variable `R_LIBS_SITE` evaluates to an empty value
WARN: Environment variable `R_LIBS_USER` evaluates to an empty value
WARN: Environment variable `R_LIBS_SITE` evaluates to an empty value
WARN: Environment variable `R_LIBS_USER` evaluates to an empty value
WARN: Environment variable `R_LIBS_SITE` evaluates to an empty value
WARN: Environment variable `R_LIBS_USER` evaluates to an empty value
WARN: Environment variable `R_LIBS_SITE` evaluates to an empty value
WARN: Environment variable `R_LIBS_USER` evaluates to an empty value
WARN: Environment variable `R_LIBS_SITE` evaluates to an empty value
WARN: Environment variable `R_LIBS_USER` evaluates to an empty value
WARN: Environment variable `R_LIBS_SITE` evaluates to an empty value
WARN: Environment variable `R_LIBS_USER` evaluates to an empty value
WARN: Environment variable `R_LIBS_SITE` evaluates to an empty value
WARN: Environment variable `R_LIBS_USER` evaluates to an empty value
WARN: Environment variable `R_LIBS_SITE` evaluates to an empty value
WARN: Environment variable `R_LIBS_USER` evaluates to an empty value
WARN: Environment variable `R_LIBS_SITE` evaluates to an empty value
WARN: Environment variable `R_LIBS_USER` evaluates to an empty value
WARN: Environment variable `R_LIBS_SITE` evaluates to an empty value
WARN: Environment variable `R_LIBS_USER` evaluates to an empty value
WARN: Environment variable `R_LIBS_SITE` evaluates to an empty value
WARN: Environment variable `R_LIBS_USER` evaluates to an empty value
WARN: Environment variable `R_LIBS_SITE` evaluates to an empty value
WARN: Environment variable `R_LIBS_USER` evaluates to an empty value
WARN: Environment variable `R_LIBS_SITE` evaluates to an empty value
WARN: Environment variable `R_LIBS_USER` evaluates to an empty value
WARN: Environment variable `R_LIBS_SITE` evaluates to an empty value

executor >  local (63)
[7e/27e83e] PRE_STAGE:PRE_STAGE_FILES      | 1 of 1 ✔
[ed/b8a12a] REA…SSING:FASTQC (ERR11435659) | 6 of 6 ✔
[05/470760] REA…CKSUM_VERIFY (ERR11435647) | 6 of 6 ✔
[29/4d7627] REA…:TRIM_GALORE (ERR11435659) | 6 of 6 ✔
[ce/a562fe] PAR…8.dna.primary_assembly.fa) | 1 of 1 ✔
[cb/c60b2e] PAR…S_FQ2BAMMETH (ERR11435661) | 6 of 6 ✔
[69/fc0eb8] PAR…MTOOLS_INDEX (ERR11435652) | 6 of 6 ✔
[ca/365d24] PAR…SIS:QUALIMAP (ERR11435652) | 6 of 6 ✔
[b0/5b699f] PAR…8.dna.primary_assembly.fa) | 1 of 1 ✔
[de/58ceb8] PAR…CKEL_EXTRACT (ERR11435652) | 6 of 6 ✔
[d1/75ce9a] DIF…METHYLATION:EDGER_ANALYSIS | 1 of 1 ✔
[a6/072305] DIF…e_sheet_twist_minimal.csv) | 1 of 1 ✔
[18/b146b5] DIF…L_METHYLATION:DSS_ANALYSIS | 1 of 1 ✔
[b1/629abd] RES…ANNOTATE_RESULTS_EDGER (1) | 1 of 1 ✔
[b3/7bd11f] RES…:POST_PROCESSING_EDGER (1) | 0 of 1
[5c/a4d0f9] RES…ICHMENT_ANALYSIS_EDGER (1) | 0 of 1
[bd/731cdf] RES…T_PROCESSING_METHYLKIT (1) | 1 of 1 ✔
[00/e2a03c] RES…ENT_ANALYSIS_METHYLKIT (1) | 0 of 1
[a6/7b952d] RES…S:ANNOTATE_RESULTS_DSS (1) | 1 of 1 ✔
[-        ] RES…ALYSIS:POST_PROCESSING_DSS | 0 of 1
[-        ] RES…IS:ENRICHMENT_ANALYSIS_DSS | 0 of 1
[9b/0cd9b4] CLI…S_vs_VD_sig_annotated.csv) | 1 of 3
[72/d67e66] CLI…S_vs_VD_sig_annotated.csv) | 1 of 3
[b2/14d8ff] CLI…S_vs_VD_sig_annotated.csv) | 1 of 3
[fa/187c7c] CLI…it-MethylKit_CS_vs_VD.csv) | 1 of 3
[-        ] CLI…_REPORTING:DMR_DETAIL_PLOT | 0 of 1
[-        ] CLINICAL_REPORTING:PCA_PLOT    | 0 of 1
[10/b19882] CLI…:PATHVIEW_PLOT (methylkit) | 0 of 1
Plus 3 more processes waiting for tasks…
SUBMITTING TO ANALYSIS: [dss] /data/Jyotirmoy/JD/TwistMethylFlow-devel/MethylFlow/work/18/b146b5525bb6d958246568114c1fac/DSS_group_CS_vs_VD_dmr.csv
SUBMITTING TO ANALYSIS: [dss] /data/Jyotirmoy/JD/TwistMethylFlow-devel/MethylFlow/work/18/b146b5525bb6d958246568114c1fac/DSS_group_CS_vs_VD_sig.csv
WARN: Environment variable `R_LIBS_USER` evaluates to an empty value
WARN: Environment variable `R_LIBS_SITE` evaluates to an empty value
WARN: Environment variable `R_LIBS_USER` evaluates to an empty value
WARN: Environment variable `R_LIBS_SITE` evaluates to an empty value
WARN: Environment variable `R_LIBS_USER` evaluates to an empty value
WARN: Environment variable `R_LIBS_SITE` evaluates to an empty value
WARN: Environment variable `R_LIBS_USER` evaluates to an empty value
WARN: Environment variable `R_LIBS_SITE` evaluates to an empty value
WARN: Environment variable `R_LIBS_USER` evaluates to an empty value
WARN: Environment variable `R_LIBS_SITE` evaluates to an empty value
WARN: Environment variable `R_LIBS_USER` evaluates to an empty value
WARN: Environment variable `R_LIBS_SITE` evaluates to an empty value
WARN: Environment variable `R_LIBS_USER` evaluates to an empty value
WARN: Environment variable `R_LIBS_SITE` evaluates to an empty value
WARN: Environment variable `R_LIBS_USER` evaluates to an empty value
WARN: Environment variable `R_LIBS_SITE` evaluates to an empty value
WARN: Environment variable `R_LIBS_USER` evaluates to an empty value
WARN: Environment variable `R_LIBS_SITE` evaluates to an empty value
WARN: Environment variable `R_LIBS_USER` evaluates to an empty value
WARN: Environment variable `R_LIBS_SITE` evaluates to an empty value
WARN: Environment variable `R_LIBS_USER` evaluates to an empty value
WARN: Environment variable `R_LIBS_SITE` evaluates to an empty value
WARN: Environment variable `R_LIBS_USER` evaluates to an empty value
WARN: Environment variable `R_LIBS_SITE` evaluates to an empty value
WARN: Environment variable `R_LIBS_USER` evaluates to an empty value
WARN: Environment variable `R_LIBS_SITE` evaluates to an empty value
WARN: Environment variable `R_LIBS_USER` evaluates to an empty value
WARN: Environment variable `R_LIBS_SITE` evaluates to an empty value
WARN: Environment variable `R_LIBS_USER` evaluates to an empty value
WARN: Environment variable `R_LIBS_SITE` evaluates to an empty value

executor >  local (63)
[7e/27e83e] PRE_STAGE:PRE_STAGE_FILES      | 1 of 1 ✔
[ed/b8a12a] REA…SSING:FASTQC (ERR11435659) | 6 of 6 ✔
[05/470760] REA…CKSUM_VERIFY (ERR11435647) | 6 of 6 ✔
[29/4d7627] REA…:TRIM_GALORE (ERR11435659) | 6 of 6 ✔
[ce/a562fe] PAR…8.dna.primary_assembly.fa) | 1 of 1 ✔
[cb/c60b2e] PAR…S_FQ2BAMMETH (ERR11435661) | 6 of 6 ✔
[69/fc0eb8] PAR…MTOOLS_INDEX (ERR11435652) | 6 of 6 ✔
[ca/365d24] PAR…SIS:QUALIMAP (ERR11435652) | 6 of 6 ✔
[b0/5b699f] PAR…8.dna.primary_assembly.fa) | 1 of 1 ✔
[de/58ceb8] PAR…CKEL_EXTRACT (ERR11435652) | 6 of 6 ✔
[d1/75ce9a] DIF…METHYLATION:EDGER_ANALYSIS | 1 of 1 ✔
[a6/072305] DIF…e_sheet_twist_minimal.csv) | 1 of 1 ✔
[18/b146b5] DIF…L_METHYLATION:DSS_ANALYSIS | 1 of 1 ✔
[b1/629abd] RES…ANNOTATE_RESULTS_EDGER (1) | 1 of 1 ✔
[b3/7bd11f] RES…:POST_PROCESSING_EDGER (1) | 0 of 1
[5c/a4d0f9] RES…ICHMENT_ANALYSIS_EDGER (1) | 0 of 1
[bd/731cdf] RES…T_PROCESSING_METHYLKIT (1) | 1 of 1 ✔
[00/e2a03c] RES…ENT_ANALYSIS_METHYLKIT (1) | 0 of 1
[a6/7b952d] RES…S:ANNOTATE_RESULTS_DSS (1) | 1 of 1 ✔
[-        ] RES…ALYSIS:POST_PROCESSING_DSS | 0 of 1
[-        ] RES…IS:ENRICHMENT_ANALYSIS_DSS | 0 of 1
[9b/0cd9b4] CLI…S_vs_VD_sig_annotated.csv) | 1 of 3
[72/d67e66] CLI…S_vs_VD_sig_annotated.csv) | 1 of 3
[b2/14d8ff] CLI…S_vs_VD_sig_annotated.csv) | 1 of 3
[fa/187c7c] CLI…it-MethylKit_CS_vs_VD.csv) | 1 of 3
[-        ] CLI…_REPORTING:DMR_DETAIL_PLOT | 0 of 1
[-        ] CLINICAL_REPORTING:PCA_PLOT    | 0 of 1
[10/b19882] CLI…:PATHVIEW_PLOT (methylkit) | 0 of 1
Plus 3 more processes waiting for tasks…
SUBMITTING TO ANALYSIS: [dss] /data/Jyotirmoy/JD/TwistMethylFlow-devel/MethylFlow/work/18/b146b5525bb6d958246568114c1fac/DSS_group_CS_vs_VD_dmr.csv
SUBMITTING TO ANALYSIS: [dss] /data/Jyotirmoy/JD/TwistMethylFlow-devel/MethylFlow/work/18/b146b5525bb6d958246568114c1fac/DSS_group_CS_vs_VD_sig.csv
WARN: Environment variable `R_LIBS_USER` evaluates to an empty value
WARN: Environment variable `R_LIBS_SITE` evaluates to an empty value
WARN: Environment variable `R_LIBS_USER` evaluates to an empty value
WARN: Environment variable `R_LIBS_SITE` evaluates to an empty value
WARN: Environment variable `R_LIBS_USER` evaluates to an empty value
WARN: Environment variable `R_LIBS_SITE` evaluates to an empty value
WARN: Environment variable `R_LIBS_USER` evaluates to an empty value
WARN: Environment variable `R_LIBS_SITE` evaluates to an empty value
WARN: Environment variable `R_LIBS_USER` evaluates to an empty value
WARN: Environment variable `R_LIBS_SITE` evaluates to an empty value
WARN: Environment variable `R_LIBS_USER` evaluates to an empty value
WARN: Environment variable `R_LIBS_SITE` evaluates to an empty value
WARN: Environment variable `R_LIBS_USER` evaluates to an empty value
WARN: Environment variable `R_LIBS_SITE` evaluates to an empty value
WARN: Environment variable `R_LIBS_USER` evaluates to an empty value
WARN: Environment variable `R_LIBS_SITE` evaluates to an empty value
WARN: Environment variable `R_LIBS_USER` evaluates to an empty value
WARN: Environment variable `R_LIBS_SITE` evaluates to an empty value
WARN: Environment variable `R_LIBS_USER` evaluates to an empty value
WARN: Environment variable `R_LIBS_SITE` evaluates to an empty value
WARN: Environment variable `R_LIBS_USER` evaluates to an empty value
WARN: Environment variable `R_LIBS_SITE` evaluates to an empty value
WARN: Environment variable `R_LIBS_USER` evaluates to an empty value
WARN: Environment variable `R_LIBS_SITE` evaluates to an empty value
WARN: Environment variable `R_LIBS_USER` evaluates to an empty value
WARN: Environment variable `R_LIBS_SITE` evaluates to an empty value
WARN: Environment variable `R_LIBS_USER` evaluates to an empty value
WARN: Environment variable `R_LIBS_SITE` evaluates to an empty value
WARN: Environment variable `R_LIBS_USER` evaluates to an empty value
WARN: Environment variable `R_LIBS_SITE` evaluates to an empty value

executor >  local (65)
[7e/27e83e] PRE_STAGE:PRE_STAGE_FILES      | 1 of 1 ✔
[ed/b8a12a] REA…SSING:FASTQC (ERR11435659) | 6 of 6 ✔
[05/470760] REA…CKSUM_VERIFY (ERR11435647) | 6 of 6 ✔
[29/4d7627] REA…:TRIM_GALORE (ERR11435659) | 6 of 6 ✔
[ce/a562fe] PAR…8.dna.primary_assembly.fa) | 1 of 1 ✔
[cb/c60b2e] PAR…S_FQ2BAMMETH (ERR11435661) | 6 of 6 ✔
[69/fc0eb8] PAR…MTOOLS_INDEX (ERR11435652) | 6 of 6 ✔
[ca/365d24] PAR…SIS:QUALIMAP (ERR11435652) | 6 of 6 ✔
[b0/5b699f] PAR…8.dna.primary_assembly.fa) | 1 of 1 ✔
[de/58ceb8] PAR…CKEL_EXTRACT (ERR11435652) | 6 of 6 ✔
[d1/75ce9a] DIF…METHYLATION:EDGER_ANALYSIS | 1 of 1 ✔
[a6/072305] DIF…e_sheet_twist_minimal.csv) | 1 of 1 ✔
[18/b146b5] DIF…L_METHYLATION:DSS_ANALYSIS | 1 of 1 ✔
[b1/629abd] RES…ANNOTATE_RESULTS_EDGER (1) | 1 of 1 ✔
[b3/7bd11f] RES…:POST_PROCESSING_EDGER (1) | 0 of 1
[5c/a4d0f9] RES…ICHMENT_ANALYSIS_EDGER (1) | 0 of 1
[bd/731cdf] RES…T_PROCESSING_METHYLKIT (1) | 1 of 1 ✔
[00/e2a03c] RES…ENT_ANALYSIS_METHYLKIT (1) | 0 of 1
[a6/7b952d] RES…S:ANNOTATE_RESULTS_DSS (1) | 1 of 1 ✔
[-        ] RES…ALYSIS:POST_PROCESSING_DSS | 0 of 1
[-        ] RES…IS:ENRICHMENT_ANALYSIS_DSS | 0 of 1
[9b/0cd9b4] CLI…S_vs_VD_sig_annotated.csv) | 1 of 3
[72/d67e66] CLI…S_vs_VD_sig_annotated.csv) | 1 of 3
[b2/14d8ff] CLI…S_vs_VD_sig_annotated.csv) | 2 of 3
[88/61852a] CLI…S_vs_VD_sig_annotated.csv) | 2 of 3
[-        ] CLI…_REPORTING:DMR_DETAIL_PLOT | 0 of 1
[7a/e746f4] CLI…RTING:PCA_PLOT (methylkit) | 0 of 1
[10/b19882] CLI…:PATHVIEW_PLOT (methylkit) | 0 of 1
Plus 3 more processes waiting for tasks…
SUBMITTING TO ANALYSIS: [dss] /data/Jyotirmoy/JD/TwistMethylFlow-devel/MethylFlow/work/18/b146b5525bb6d958246568114c1fac/DSS_group_CS_vs_VD_dmr.csv
SUBMITTING TO ANALYSIS: [dss] /data/Jyotirmoy/JD/TwistMethylFlow-devel/MethylFlow/work/18/b146b5525bb6d958246568114c1fac/DSS_group_CS_vs_VD_sig.csv
WARN: Environment variable `R_LIBS_USER` evaluates to an empty value
WARN: Environment variable `R_LIBS_SITE` evaluates to an empty value
WARN: Environment variable `R_LIBS_USER` evaluates to an empty value
WARN: Environment variable `R_LIBS_SITE` evaluates to an empty value
WARN: Environment variable `R_LIBS_USER` evaluates to an empty value
WARN: Environment variable `R_LIBS_SITE` evaluates to an empty value
WARN: Environment variable `R_LIBS_USER` evaluates to an empty value
WARN: Environment variable `R_LIBS_SITE` evaluates to an empty value
WARN: Environment variable `R_LIBS_USER` evaluates to an empty value
WARN: Environment variable `R_LIBS_SITE` evaluates to an empty value
WARN: Environment variable `R_LIBS_USER` evaluates to an empty value
WARN: Environment variable `R_LIBS_SITE` evaluates to an empty value
WARN: Environment variable `R_LIBS_USER` evaluates to an empty value
WARN: Environment variable `R_LIBS_SITE` evaluates to an empty value
WARN: Environment variable `R_LIBS_USER` evaluates to an empty value
WARN: Environment variable `R_LIBS_SITE` evaluates to an empty value
WARN: Environment variable `R_LIBS_USER` evaluates to an empty value
WARN: Environment variable `R_LIBS_SITE` evaluates to an empty value
WARN: Environment variable `R_LIBS_USER` evaluates to an empty value
WARN: Environment variable `R_LIBS_SITE` evaluates to an empty value
WARN: Environment variable `R_LIBS_USER` evaluates to an empty value
WARN: Environment variable `R_LIBS_SITE` evaluates to an empty value
WARN: Environment variable `R_LIBS_USER` evaluates to an empty value
WARN: Environment variable `R_LIBS_SITE` evaluates to an empty value
WARN: Environment variable `R_LIBS_USER` evaluates to an empty value
WARN: Environment variable `R_LIBS_SITE` evaluates to an empty value
WARN: Environment variable `R_LIBS_USER` evaluates to an empty value
WARN: Environment variable `R_LIBS_SITE` evaluates to an empty value
WARN: Environment variable `R_LIBS_USER` evaluates to an empty value
WARN: Environment variable `R_LIBS_SITE` evaluates to an empty value
WARN: Environment variable `R_LIBS_USER` evaluates to an empty value
WARN: Environment variable `R_LIBS_SITE` evaluates to an empty value
WARN: Environment variable `R_LIBS_USER` evaluates to an empty value
WARN: Environment variable `R_LIBS_SITE` evaluates to an empty value

executor >  local (67)
[7e/27e83e] PRE_STAGE:PRE_STAGE_FILES      | 1 of 1 ✔
[ed/b8a12a] REA…SSING:FASTQC (ERR11435659) | 6 of 6 ✔
[05/470760] REA…CKSUM_VERIFY (ERR11435647) | 6 of 6 ✔
[29/4d7627] REA…:TRIM_GALORE (ERR11435659) | 6 of 6 ✔
[ce/a562fe] PAR…8.dna.primary_assembly.fa) | 1 of 1 ✔
[cb/c60b2e] PAR…S_FQ2BAMMETH (ERR11435661) | 6 of 6 ✔
[69/fc0eb8] PAR…MTOOLS_INDEX (ERR11435652) | 6 of 6 ✔
[ca/365d24] PAR…SIS:QUALIMAP (ERR11435652) | 6 of 6 ✔
[b0/5b699f] PAR…8.dna.primary_assembly.fa) | 1 of 1 ✔
[de/58ceb8] PAR…CKEL_EXTRACT (ERR11435652) | 6 of 6 ✔
[d1/75ce9a] DIF…METHYLATION:EDGER_ANALYSIS | 1 of 1 ✔
[a6/072305] DIF…e_sheet_twist_minimal.csv) | 1 of 1 ✔
[18/b146b5] DIF…L_METHYLATION:DSS_ANALYSIS | 1 of 1 ✔
[b1/629abd] RES…ANNOTATE_RESULTS_EDGER (1) | 1 of 1 ✔
[b3/7bd11f] RES…:POST_PROCESSING_EDGER (1) | 0 of 1
[5c/a4d0f9] RES…ICHMENT_ANALYSIS_EDGER (1) | 0 of 1
[bd/731cdf] RES…T_PROCESSING_METHYLKIT (1) | 1 of 1 ✔
[00/e2a03c] RES…ENT_ANALYSIS_METHYLKIT (1) | 0 of 1
[a6/7b952d] RES…S:ANNOTATE_RESULTS_DSS (1) | 1 of 1 ✔
[-        ] RES…ALYSIS:POST_PROCESSING_DSS | 0 of 1
[-        ] RES…IS:ENRICHMENT_ANALYSIS_DSS | 0 of 1
[9b/0cd9b4] CLI…S_vs_VD_sig_annotated.csv) | 2 of 3
[72/d67e66] CLI…S_vs_VD_sig_annotated.csv) | 2 of 3
[b2/14d8ff] CLI…S_vs_VD_sig_annotated.csv) | 2 of 3
[88/61852a] CLI…S_vs_VD_sig_annotated.csv) | 2 of 3
[d5/98c507] CLI…:DMR_DETAIL_PLOT (SLC17A1) | 0 of 1
[7a/e746f4] CLI…RTING:PCA_PLOT (methylkit) | 0 of 1
[10/b19882] CLI…:PATHVIEW_PLOT (methylkit) | 0 of 1
Plus 3 more processes waiting for tasks…
SUBMITTING TO ANALYSIS: [dss] /data/Jyotirmoy/JD/TwistMethylFlow-devel/MethylFlow/work/18/b146b5525bb6d958246568114c1fac/DSS_group_CS_vs_VD_dmr.csv
SUBMITTING TO ANALYSIS: [dss] /data/Jyotirmoy/JD/TwistMethylFlow-devel/MethylFlow/work/18/b146b5525bb6d958246568114c1fac/DSS_group_CS_vs_VD_sig.csv
WARN: Environment variable `R_LIBS_USER` evaluates to an empty value
WARN: Environment variable `R_LIBS_SITE` evaluates to an empty value
WARN: Environment variable `R_LIBS_USER` evaluates to an empty value
WARN: Environment variable `R_LIBS_SITE` evaluates to an empty value
WARN: Environment variable `R_LIBS_USER` evaluates to an empty value
WARN: Environment variable `R_LIBS_SITE` evaluates to an empty value
WARN: Environment variable `R_LIBS_USER` evaluates to an empty value
WARN: Environment variable `R_LIBS_SITE` evaluates to an empty value
WARN: Environment variable `R_LIBS_USER` evaluates to an empty value
WARN: Environment variable `R_LIBS_SITE` evaluates to an empty value
WARN: Environment variable `R_LIBS_USER` evaluates to an empty value
WARN: Environment variable `R_LIBS_SITE` evaluates to an empty value
WARN: Environment variable `R_LIBS_USER` evaluates to an empty value
WARN: Environment variable `R_LIBS_SITE` evaluates to an empty value
WARN: Environment variable `R_LIBS_USER` evaluates to an empty value
WARN: Environment variable `R_LIBS_SITE` evaluates to an empty value
WARN: Environment variable `R_LIBS_USER` evaluates to an empty value
WARN: Environment variable `R_LIBS_SITE` evaluates to an empty value
WARN: Environment variable `R_LIBS_USER` evaluates to an empty value
WARN: Environment variable `R_LIBS_SITE` evaluates to an empty value
WARN: Environment variable `R_LIBS_USER` evaluates to an empty value
WARN: Environment variable `R_LIBS_SITE` evaluates to an empty value
WARN: Environment variable `R_LIBS_USER` evaluates to an empty value
WARN: Environment variable `R_LIBS_SITE` evaluates to an empty value
WARN: Environment variable `R_LIBS_USER` evaluates to an empty value
WARN: Environment variable `R_LIBS_SITE` evaluates to an empty value
WARN: Environment variable `R_LIBS_USER` evaluates to an empty value
WARN: Environment variable `R_LIBS_SITE` evaluates to an empty value
WARN: Environment variable `R_LIBS_USER` evaluates to an empty value
WARN: Environment variable `R_LIBS_SITE` evaluates to an empty value
WARN: Environment variable `R_LIBS_USER` evaluates to an empty value
WARN: Environment variable `R_LIBS_SITE` evaluates to an empty value
WARN: Environment variable `R_LIBS_USER` evaluates to an empty value
WARN: Environment variable `R_LIBS_SITE` evaluates to an empty value
WARN: Environment variable `R_LIBS_USER` evaluates to an empty value
WARN: Environment variable `R_LIBS_SITE` evaluates to an empty value
WARN: Environment variable `R_LIBS_USER` evaluates to an empty value
WARN: Environment variable `R_LIBS_SITE` evaluates to an empty value

executor >  local (67)
[7e/27e83e] PRE_STAGE:PRE_STAGE_FILES      | 1 of 1 ✔
[ed/b8a12a] REA…SSING:FASTQC (ERR11435659) | 6 of 6 ✔
[05/470760] REA…CKSUM_VERIFY (ERR11435647) | 6 of 6 ✔
[29/4d7627] REA…:TRIM_GALORE (ERR11435659) | 6 of 6 ✔
[ce/a562fe] PAR…8.dna.primary_assembly.fa) | 1 of 1 ✔
[cb/c60b2e] PAR…S_FQ2BAMMETH (ERR11435661) | 6 of 6 ✔
[69/fc0eb8] PAR…MTOOLS_INDEX (ERR11435652) | 6 of 6 ✔
[ca/365d24] PAR…SIS:QUALIMAP (ERR11435652) | 6 of 6 ✔
[b0/5b699f] PAR…8.dna.primary_assembly.fa) | 1 of 1 ✔
[de/58ceb8] PAR…CKEL_EXTRACT (ERR11435652) | 6 of 6 ✔
[d1/75ce9a] DIF…METHYLATION:EDGER_ANALYSIS | 1 of 1 ✔
[a6/072305] DIF…e_sheet_twist_minimal.csv) | 1 of 1 ✔
[18/b146b5] DIF…L_METHYLATION:DSS_ANALYSIS | 1 of 1 ✔
[b1/629abd] RES…ANNOTATE_RESULTS_EDGER (1) | 1 of 1 ✔
[b3/7bd11f] RES…:POST_PROCESSING_EDGER (1) | 0 of 1
[5c/a4d0f9] RES…ICHMENT_ANALYSIS_EDGER (1) | 0 of 1
[bd/731cdf] RES…T_PROCESSING_METHYLKIT (1) | 1 of 1 ✔
[00/e2a03c] RES…ENT_ANALYSIS_METHYLKIT (1) | 0 of 1
[a6/7b952d] RES…S:ANNOTATE_RESULTS_DSS (1) | 1 of 1 ✔
[-        ] RES…ALYSIS:POST_PROCESSING_DSS | 0 of 1
[-        ] RES…IS:ENRICHMENT_ANALYSIS_DSS | 0 of 1
[9b/0cd9b4] CLI…S_vs_VD_sig_annotated.csv) | 2 of 3
[72/d67e66] CLI…S_vs_VD_sig_annotated.csv) | 2 of 3
[b2/14d8ff] CLI…S_vs_VD_sig_annotated.csv) | 2 of 3
[88/61852a] CLI…S_vs_VD_sig_annotated.csv) | 2 of 3
[d5/98c507] CLI…:DMR_DETAIL_PLOT (SLC17A1) | 0 of 1
[7a/e746f4] CLI…RTING:PCA_PLOT (methylkit) | 0 of 1
[10/b19882] CLI…:PATHVIEW_PLOT (methylkit) | 0 of 1
Plus 3 more processes waiting for tasks…
SUBMITTING TO ANALYSIS: [dss] /data/Jyotirmoy/JD/TwistMethylFlow-devel/MethylFlow/work/18/b146b5525bb6d958246568114c1fac/DSS_group_CS_vs_VD_dmr.csv
SUBMITTING TO ANALYSIS: [dss] /data/Jyotirmoy/JD/TwistMethylFlow-devel/MethylFlow/work/18/b146b5525bb6d958246568114c1fac/DSS_group_CS_vs_VD_sig.csv
WARN: Environment variable `R_LIBS_USER` evaluates to an empty value
WARN: Environment variable `R_LIBS_SITE` evaluates to an empty value
WARN: Environment variable `R_LIBS_USER` evaluates to an empty value
WARN: Environment variable `R_LIBS_SITE` evaluates to an empty value
WARN: Environment variable `R_LIBS_USER` evaluates to an empty value
WARN: Environment variable `R_LIBS_SITE` evaluates to an empty value
WARN: Environment variable `R_LIBS_USER` evaluates to an empty value
WARN: Environment variable `R_LIBS_SITE` evaluates to an empty value
WARN: Environment variable `R_LIBS_USER` evaluates to an empty value
WARN: Environment variable `R_LIBS_SITE` evaluates to an empty value
WARN: Environment variable `R_LIBS_USER` evaluates to an empty value
WARN: Environment variable `R_LIBS_SITE` evaluates to an empty value
WARN: Environment variable `R_LIBS_USER` evaluates to an empty value
WARN: Environment variable `R_LIBS_SITE` evaluates to an empty value
WARN: Environment variable `R_LIBS_USER` evaluates to an empty value
WARN: Environment variable `R_LIBS_SITE` evaluates to an empty value
WARN: Environment variable `R_LIBS_USER` evaluates to an empty value
WARN: Environment variable `R_LIBS_SITE` evaluates to an empty value
WARN: Environment variable `R_LIBS_USER` evaluates to an empty value
WARN: Environment variable `R_LIBS_SITE` evaluates to an empty value
WARN: Environment variable `R_LIBS_USER` evaluates to an empty value
WARN: Environment variable `R_LIBS_SITE` evaluates to an empty value
WARN: Environment variable `R_LIBS_USER` evaluates to an empty value
WARN: Environment variable `R_LIBS_SITE` evaluates to an empty value
WARN: Environment variable `R_LIBS_USER` evaluates to an empty value
WARN: Environment variable `R_LIBS_SITE` evaluates to an empty value
WARN: Environment variable `R_LIBS_USER` evaluates to an empty value
WARN: Environment variable `R_LIBS_SITE` evaluates to an empty value
WARN: Environment variable `R_LIBS_USER` evaluates to an empty value
WARN: Environment variable `R_LIBS_SITE` evaluates to an empty value
WARN: Environment variable `R_LIBS_USER` evaluates to an empty value
WARN: Environment variable `R_LIBS_SITE` evaluates to an empty value
WARN: Environment variable `R_LIBS_USER` evaluates to an empty value
WARN: Environment variable `R_LIBS_SITE` evaluates to an empty value
WARN: Environment variable `R_LIBS_USER` evaluates to an empty value
WARN: Environment variable `R_LIBS_SITE` evaluates to an empty value
WARN: Environment variable `R_LIBS_USER` evaluates to an empty value
WARN: Environment variable `R_LIBS_SITE` evaluates to an empty value

executor >  local (68)
[7e/27e83e] PRE_STAGE:PRE_STAGE_FILES      | 1 of 1 ✔
[ed/b8a12a] REA…SSING:FASTQC (ERR11435659) | 6 of 6 ✔
[05/470760] REA…CKSUM_VERIFY (ERR11435647) | 6 of 6 ✔
[29/4d7627] REA…:TRIM_GALORE (ERR11435659) | 6 of 6 ✔
[ce/a562fe] PAR…8.dna.primary_assembly.fa) | 1 of 1 ✔
[cb/c60b2e] PAR…S_FQ2BAMMETH (ERR11435661) | 6 of 6 ✔
[69/fc0eb8] PAR…MTOOLS_INDEX (ERR11435652) | 6 of 6 ✔
[ca/365d24] PAR…SIS:QUALIMAP (ERR11435652) | 6 of 6 ✔
[b0/5b699f] PAR…8.dna.primary_assembly.fa) | 1 of 1 ✔
[de/58ceb8] PAR…CKEL_EXTRACT (ERR11435652) | 6 of 6 ✔
[d1/75ce9a] DIF…METHYLATION:EDGER_ANALYSIS | 1 of 1 ✔
[a6/072305] DIF…e_sheet_twist_minimal.csv) | 1 of 1 ✔
[18/b146b5] DIF…L_METHYLATION:DSS_ANALYSIS | 1 of 1 ✔
[b1/629abd] RES…ANNOTATE_RESULTS_EDGER (1) | 1 of 1 ✔
[b3/7bd11f] RES…:POST_PROCESSING_EDGER (1) | 1 of 1 ✔
[5c/a4d0f9] RES…ICHMENT_ANALYSIS_EDGER (1) | 0 of 1
[bd/731cdf] RES…T_PROCESSING_METHYLKIT (1) | 1 of 1 ✔
[00/e2a03c] RES…ENT_ANALYSIS_METHYLKIT (1) | 0 of 1
[a6/7b952d] RES…S:ANNOTATE_RESULTS_DSS (1) | 1 of 1 ✔
[-        ] RES…ALYSIS:POST_PROCESSING_DSS | 0 of 1
[-        ] RES…IS:ENRICHMENT_ANALYSIS_DSS | 0 of 1
[df/ca622d] CLI…S_vs_VD_sig_annotated.csv) | 2 of 3
[72/d67e66] CLI…S_vs_VD_sig_annotated.csv) | 2 of 3
[b2/14d8ff] CLI…S_vs_VD_sig_annotated.csv) | 2 of 3
[88/61852a] CLI…S_vs_VD_sig_annotated.csv) | 2 of 3
[d5/98c507] CLI…:DMR_DETAIL_PLOT (SLC17A1) | 0 of 1
[7a/e746f4] CLI…RTING:PCA_PLOT (methylkit) | 0 of 1
[10/b19882] CLI…:PATHVIEW_PLOT (methylkit) | 0 of 1
Plus 3 more processes waiting for tasks…
SUBMITTING TO ANALYSIS: [dss] /data/Jyotirmoy/JD/TwistMethylFlow-devel/MethylFlow/work/18/b146b5525bb6d958246568114c1fac/DSS_group_CS_vs_VD_dmr.csv
SUBMITTING TO ANALYSIS: [dss] /data/Jyotirmoy/JD/TwistMethylFlow-devel/MethylFlow/work/18/b146b5525bb6d958246568114c1fac/DSS_group_CS_vs_VD_sig.csv
WARN: Environment variable `R_LIBS_USER` evaluates to an empty value
WARN: Environment variable `R_LIBS_SITE` evaluates to an empty value
WARN: Environment variable `R_LIBS_USER` evaluates to an empty value
WARN: Environment variable `R_LIBS_SITE` evaluates to an empty value
WARN: Environment variable `R_LIBS_USER` evaluates to an empty value
WARN: Environment variable `R_LIBS_SITE` evaluates to an empty value
WARN: Environment variable `R_LIBS_USER` evaluates to an empty value
WARN: Environment variable `R_LIBS_SITE` evaluates to an empty value
WARN: Environment variable `R_LIBS_USER` evaluates to an empty value
WARN: Environment variable `R_LIBS_SITE` evaluates to an empty value
WARN: Environment variable `R_LIBS_USER` evaluates to an empty value
WARN: Environment variable `R_LIBS_SITE` evaluates to an empty value
WARN: Environment variable `R_LIBS_USER` evaluates to an empty value
WARN: Environment variable `R_LIBS_SITE` evaluates to an empty value
WARN: Environment variable `R_LIBS_USER` evaluates to an empty value
WARN: Environment variable `R_LIBS_SITE` evaluates to an empty value
WARN: Environment variable `R_LIBS_USER` evaluates to an empty value
WARN: Environment variable `R_LIBS_SITE` evaluates to an empty value
WARN: Environment variable `R_LIBS_USER` evaluates to an empty value
WARN: Environment variable `R_LIBS_SITE` evaluates to an empty value
WARN: Environment variable `R_LIBS_USER` evaluates to an empty value
WARN: Environment variable `R_LIBS_SITE` evaluates to an empty value
WARN: Environment variable `R_LIBS_USER` evaluates to an empty value
WARN: Environment variable `R_LIBS_SITE` evaluates to an empty value
WARN: Environment variable `R_LIBS_USER` evaluates to an empty value
WARN: Environment variable `R_LIBS_SITE` evaluates to an empty value
WARN: Environment variable `R_LIBS_USER` evaluates to an empty value
WARN: Environment variable `R_LIBS_SITE` evaluates to an empty value
WARN: Environment variable `R_LIBS_USER` evaluates to an empty value
WARN: Environment variable `R_LIBS_SITE` evaluates to an empty value
WARN: Environment variable `R_LIBS_USER` evaluates to an empty value
WARN: Environment variable `R_LIBS_SITE` evaluates to an empty value
WARN: Environment variable `R_LIBS_USER` evaluates to an empty value
WARN: Environment variable `R_LIBS_SITE` evaluates to an empty value
WARN: Environment variable `R_LIBS_USER` evaluates to an empty value
WARN: Environment variable `R_LIBS_SITE` evaluates to an empty value
WARN: Environment variable `R_LIBS_USER` evaluates to an empty value
WARN: Environment variable `R_LIBS_SITE` evaluates to an empty value
WARN: Environment variable `R_LIBS_USER` evaluates to an empty value
WARN: Environment variable `R_LIBS_SITE` evaluates to an empty value

executor >  local (68)
[7e/27e83e] PRE_STAGE:PRE_STAGE_FILES      | 1 of 1 ✔
[ed/b8a12a] REA…SSING:FASTQC (ERR11435659) | 6 of 6 ✔
[05/470760] REA…CKSUM_VERIFY (ERR11435647) | 6 of 6 ✔
[29/4d7627] REA…:TRIM_GALORE (ERR11435659) | 6 of 6 ✔
[ce/a562fe] PAR…8.dna.primary_assembly.fa) | 1 of 1 ✔
[cb/c60b2e] PAR…S_FQ2BAMMETH (ERR11435661) | 6 of 6 ✔
[69/fc0eb8] PAR…MTOOLS_INDEX (ERR11435652) | 6 of 6 ✔
[ca/365d24] PAR…SIS:QUALIMAP (ERR11435652) | 6 of 6 ✔
[b0/5b699f] PAR…8.dna.primary_assembly.fa) | 1 of 1 ✔
[de/58ceb8] PAR…CKEL_EXTRACT (ERR11435652) | 6 of 6 ✔
[d1/75ce9a] DIF…METHYLATION:EDGER_ANALYSIS | 1 of 1 ✔
[a6/072305] DIF…e_sheet_twist_minimal.csv) | 1 of 1 ✔
[18/b146b5] DIF…L_METHYLATION:DSS_ANALYSIS | 1 of 1 ✔
[b1/629abd] RES…ANNOTATE_RESULTS_EDGER (1) | 1 of 1 ✔
[b3/7bd11f] RES…:POST_PROCESSING_EDGER (1) | 1 of 1 ✔
[5c/a4d0f9] RES…ICHMENT_ANALYSIS_EDGER (1) | 0 of 1
[bd/731cdf] RES…T_PROCESSING_METHYLKIT (1) | 1 of 1 ✔
[00/e2a03c] RES…ENT_ANALYSIS_METHYLKIT (1) | 0 of 1
[a6/7b952d] RES…S:ANNOTATE_RESULTS_DSS (1) | 1 of 1 ✔
[-        ] RES…ALYSIS:POST_PROCESSING_DSS | 0 of 1
[-        ] RES…IS:ENRICHMENT_ANALYSIS_DSS | 0 of 1
[df/ca622d] CLI…S_vs_VD_sig_annotated.csv) | 2 of 3
[72/d67e66] CLI…S_vs_VD_sig_annotated.csv) | 2 of 3
[b2/14d8ff] CLI…S_vs_VD_sig_annotated.csv) | 2 of 3
[88/61852a] CLI…S_vs_VD_sig_annotated.csv) | 2 of 3
[d5/98c507] CLI…:DMR_DETAIL_PLOT (SLC17A1) | 0 of 1
[7a/e746f4] CLI…RTING:PCA_PLOT (methylkit) | 0 of 1
[10/b19882] CLI…:PATHVIEW_PLOT (methylkit) | 0 of 1
Plus 3 more processes waiting for tasks…
SUBMITTING TO ANALYSIS: [dss] /data/Jyotirmoy/JD/TwistMethylFlow-devel/MethylFlow/work/18/b146b5525bb6d958246568114c1fac/DSS_group_CS_vs_VD_dmr.csv
SUBMITTING TO ANALYSIS: [dss] /data/Jyotirmoy/JD/TwistMethylFlow-devel/MethylFlow/work/18/b146b5525bb6d958246568114c1fac/DSS_group_CS_vs_VD_sig.csv
WARN: Environment variable `R_LIBS_USER` evaluates to an empty value
WARN: Environment variable `R_LIBS_SITE` evaluates to an empty value
WARN: Environment variable `R_LIBS_USER` evaluates to an empty value
WARN: Environment variable `R_LIBS_SITE` evaluates to an empty value
WARN: Environment variable `R_LIBS_USER` evaluates to an empty value
WARN: Environment variable `R_LIBS_SITE` evaluates to an empty value
WARN: Environment variable `R_LIBS_USER` evaluates to an empty value
WARN: Environment variable `R_LIBS_SITE` evaluates to an empty value
WARN: Environment variable `R_LIBS_USER` evaluates to an empty value
WARN: Environment variable `R_LIBS_SITE` evaluates to an empty value
WARN: Environment variable `R_LIBS_USER` evaluates to an empty value
WARN: Environment variable `R_LIBS_SITE` evaluates to an empty value
WARN: Environment variable `R_LIBS_USER` evaluates to an empty value
WARN: Environment variable `R_LIBS_SITE` evaluates to an empty value
WARN: Environment variable `R_LIBS_USER` evaluates to an empty value
WARN: Environment variable `R_LIBS_SITE` evaluates to an empty value
WARN: Environment variable `R_LIBS_USER` evaluates to an empty value
WARN: Environment variable `R_LIBS_SITE` evaluates to an empty value
WARN: Environment variable `R_LIBS_USER` evaluates to an empty value
WARN: Environment variable `R_LIBS_SITE` evaluates to an empty value
WARN: Environment variable `R_LIBS_USER` evaluates to an empty value
WARN: Environment variable `R_LIBS_SITE` evaluates to an empty value
WARN: Environment variable `R_LIBS_USER` evaluates to an empty value
WARN: Environment variable `R_LIBS_SITE` evaluates to an empty value
WARN: Environment variable `R_LIBS_USER` evaluates to an empty value
WARN: Environment variable `R_LIBS_SITE` evaluates to an empty value
WARN: Environment variable `R_LIBS_USER` evaluates to an empty value
WARN: Environment variable `R_LIBS_SITE` evaluates to an empty value
WARN: Environment variable `R_LIBS_USER` evaluates to an empty value
WARN: Environment variable `R_LIBS_SITE` evaluates to an empty value
WARN: Environment variable `R_LIBS_USER` evaluates to an empty value
WARN: Environment variable `R_LIBS_SITE` evaluates to an empty value
WARN: Environment variable `R_LIBS_USER` evaluates to an empty value
WARN: Environment variable `R_LIBS_SITE` evaluates to an empty value
WARN: Environment variable `R_LIBS_USER` evaluates to an empty value
WARN: Environment variable `R_LIBS_SITE` evaluates to an empty value
WARN: Environment variable `R_LIBS_USER` evaluates to an empty value
WARN: Environment variable `R_LIBS_SITE` evaluates to an empty value
WARN: Environment variable `R_LIBS_USER` evaluates to an empty value
WARN: Environment variable `R_LIBS_SITE` evaluates to an empty value

executor >  local (69)
[7e/27e83e] PRE_STAGE:PRE_STAGE_FILES      | 1 of 1 ✔
[ed/b8a12a] REA…SSING:FASTQC (ERR11435659) | 6 of 6 ✔
[05/470760] REA…CKSUM_VERIFY (ERR11435647) | 6 of 6 ✔
[29/4d7627] REA…:TRIM_GALORE (ERR11435659) | 6 of 6 ✔
[ce/a562fe] PAR…8.dna.primary_assembly.fa) | 1 of 1 ✔
[cb/c60b2e] PAR…S_FQ2BAMMETH (ERR11435661) | 6 of 6 ✔
[69/fc0eb8] PAR…MTOOLS_INDEX (ERR11435652) | 6 of 6 ✔
[ca/365d24] PAR…SIS:QUALIMAP (ERR11435652) | 6 of 6 ✔
[b0/5b699f] PAR…8.dna.primary_assembly.fa) | 1 of 1 ✔
[de/58ceb8] PAR…CKEL_EXTRACT (ERR11435652) | 6 of 6 ✔
[d1/75ce9a] DIF…METHYLATION:EDGER_ANALYSIS | 1 of 1 ✔
[a6/072305] DIF…e_sheet_twist_minimal.csv) | 1 of 1 ✔
[18/b146b5] DIF…L_METHYLATION:DSS_ANALYSIS | 1 of 1 ✔
[b1/629abd] RES…ANNOTATE_RESULTS_EDGER (1) | 1 of 1 ✔
[b3/7bd11f] RES…:POST_PROCESSING_EDGER (1) | 1 of 1 ✔
[5c/a4d0f9] RES…ICHMENT_ANALYSIS_EDGER (1) | 0 of 1
[bd/731cdf] RES…T_PROCESSING_METHYLKIT (1) | 1 of 1 ✔
[00/e2a03c] RES…ENT_ANALYSIS_METHYLKIT (1) | 0 of 1
[a6/7b952d] RES…S:ANNOTATE_RESULTS_DSS (1) | 1 of 1 ✔
[-        ] RES…ALYSIS:POST_PROCESSING_DSS | 0 of 1
[-        ] RES…IS:ENRICHMENT_ANALYSIS_DSS | 0 of 1
[df/ca622d] CLI…S_vs_VD_sig_annotated.csv) | 2 of 3
[72/d67e66] CLI…S_vs_VD_sig_annotated.csv) | 2 of 3
[e9/4652f4] CLI…S_vs_VD_sig_annotated.csv) | 2 of 3
[88/61852a] CLI…S_vs_VD_sig_annotated.csv) | 2 of 3
[d5/98c507] CLI…:DMR_DETAIL_PLOT (SLC17A1) | 0 of 1
[7a/e746f4] CLI…RTING:PCA_PLOT (methylkit) | 0 of 1
[10/b19882] CLI…:PATHVIEW_PLOT (methylkit) | 1 of 1 ✔
Plus 3 more processes waiting for tasks…
SUBMITTING TO ANALYSIS: [dss] /data/Jyotirmoy/JD/TwistMethylFlow-devel/MethylFlow/work/18/b146b5525bb6d958246568114c1fac/DSS_group_CS_vs_VD_dmr.csv
SUBMITTING TO ANALYSIS: [dss] /data/Jyotirmoy/JD/TwistMethylFlow-devel/MethylFlow/work/18/b146b5525bb6d958246568114c1fac/DSS_group_CS_vs_VD_sig.csv
WARN: Environment variable `R_LIBS_USER` evaluates to an empty value
WARN: Environment variable `R_LIBS_SITE` evaluates to an empty value
WARN: Environment variable `R_LIBS_USER` evaluates to an empty value
WARN: Environment variable `R_LIBS_SITE` evaluates to an empty value
WARN: Environment variable `R_LIBS_USER` evaluates to an empty value
WARN: Environment variable `R_LIBS_SITE` evaluates to an empty value
WARN: Environment variable `R_LIBS_USER` evaluates to an empty value
WARN: Environment variable `R_LIBS_SITE` evaluates to an empty value
WARN: Environment variable `R_LIBS_USER` evaluates to an empty value
WARN: Environment variable `R_LIBS_SITE` evaluates to an empty value
WARN: Environment variable `R_LIBS_USER` evaluates to an empty value
WARN: Environment variable `R_LIBS_SITE` evaluates to an empty value
WARN: Environment variable `R_LIBS_USER` evaluates to an empty value
WARN: Environment variable `R_LIBS_SITE` evaluates to an empty value
WARN: Environment variable `R_LIBS_USER` evaluates to an empty value
WARN: Environment variable `R_LIBS_SITE` evaluates to an empty value
WARN: Environment variable `R_LIBS_USER` evaluates to an empty value
WARN: Environment variable `R_LIBS_SITE` evaluates to an empty value
WARN: Environment variable `R_LIBS_USER` evaluates to an empty value
WARN: Environment variable `R_LIBS_SITE` evaluates to an empty value
WARN: Environment variable `R_LIBS_USER` evaluates to an empty value
WARN: Environment variable `R_LIBS_SITE` evaluates to an empty value
WARN: Environment variable `R_LIBS_USER` evaluates to an empty value
WARN: Environment variable `R_LIBS_SITE` evaluates to an empty value
WARN: Environment variable `R_LIBS_USER` evaluates to an empty value
WARN: Environment variable `R_LIBS_SITE` evaluates to an empty value
WARN: Environment variable `R_LIBS_USER` evaluates to an empty value
WARN: Environment variable `R_LIBS_SITE` evaluates to an empty value
WARN: Environment variable `R_LIBS_USER` evaluates to an empty value
WARN: Environment variable `R_LIBS_SITE` evaluates to an empty value
WARN: Environment variable `R_LIBS_USER` evaluates to an empty value
WARN: Environment variable `R_LIBS_SITE` evaluates to an empty value
WARN: Environment variable `R_LIBS_USER` evaluates to an empty value
WARN: Environment variable `R_LIBS_SITE` evaluates to an empty value
WARN: Environment variable `R_LIBS_USER` evaluates to an empty value
WARN: Environment variable `R_LIBS_SITE` evaluates to an empty value
WARN: Environment variable `R_LIBS_USER` evaluates to an empty value
WARN: Environment variable `R_LIBS_SITE` evaluates to an empty value
WARN: Environment variable `R_LIBS_USER` evaluates to an empty value
WARN: Environment variable `R_LIBS_SITE` evaluates to an empty value
WARN: Environment variable `R_LIBS_USER` evaluates to an empty value
WARN: Environment variable `R_LIBS_SITE` evaluates to an empty value

executor >  local (70)
[7e/27e83e] PRE_STAGE:PRE_STAGE_FILES      | 1 of 1 ✔
[ed/b8a12a] REA…SSING:FASTQC (ERR11435659) | 6 of 6 ✔
[05/470760] REA…CKSUM_VERIFY (ERR11435647) | 6 of 6 ✔
[29/4d7627] REA…:TRIM_GALORE (ERR11435659) | 6 of 6 ✔
[ce/a562fe] PAR…8.dna.primary_assembly.fa) | 1 of 1 ✔
[cb/c60b2e] PAR…S_FQ2BAMMETH (ERR11435661) | 6 of 6 ✔
[69/fc0eb8] PAR…MTOOLS_INDEX (ERR11435652) | 6 of 6 ✔
[ca/365d24] PAR…SIS:QUALIMAP (ERR11435652) | 6 of 6 ✔
[b0/5b699f] PAR…8.dna.primary_assembly.fa) | 1 of 1 ✔
[de/58ceb8] PAR…CKEL_EXTRACT (ERR11435652) | 6 of 6 ✔
[d1/75ce9a] DIF…METHYLATION:EDGER_ANALYSIS | 1 of 1 ✔
[a6/072305] DIF…e_sheet_twist_minimal.csv) | 1 of 1 ✔
[18/b146b5] DIF…L_METHYLATION:DSS_ANALYSIS | 1 of 1 ✔
[b1/629abd] RES…ANNOTATE_RESULTS_EDGER (1) | 1 of 1 ✔
[b3/7bd11f] RES…:POST_PROCESSING_EDGER (1) | 1 of 1 ✔
[5c/a4d0f9] RES…ICHMENT_ANALYSIS_EDGER (1) | 0 of 1
[bd/731cdf] RES…T_PROCESSING_METHYLKIT (1) | 1 of 1 ✔
[00/e2a03c] RES…ENT_ANALYSIS_METHYLKIT (1) | 1 of 1 ✔
[a6/7b952d] RES…S:ANNOTATE_RESULTS_DSS (1) | 1 of 1 ✔
[-        ] RES…ALYSIS:POST_PROCESSING_DSS | 0 of 1
[e6/85093e] RES…NRICHMENT_ANALYSIS_DSS (1) | 0 of 1
[df/ca622d] CLI…S_vs_VD_sig_annotated.csv) | 2 of 3
[72/d67e66] CLI…S_vs_VD_sig_annotated.csv) | 2 of 3
[e9/4652f4] CLI…S_vs_VD_sig_annotated.csv) | 2 of 3
[88/61852a] CLI…S_vs_VD_sig_annotated.csv) | 2 of 3
[d5/98c507] CLI…:DMR_DETAIL_PLOT (SLC17A1) | 0 of 1
[7a/e746f4] CLI…RTING:PCA_PLOT (methylkit) | 0 of 1
[10/b19882] CLI…:PATHVIEW_PLOT (methylkit) | 1 of 1 ✔
Plus 3 more processes waiting for tasks…
SUBMITTING TO ANALYSIS: [dss] /data/Jyotirmoy/JD/TwistMethylFlow-devel/MethylFlow/work/18/b146b5525bb6d958246568114c1fac/DSS_group_CS_vs_VD_dmr.csv
SUBMITTING TO ANALYSIS: [dss] /data/Jyotirmoy/JD/TwistMethylFlow-devel/MethylFlow/work/18/b146b5525bb6d958246568114c1fac/DSS_group_CS_vs_VD_sig.csv
WARN: Environment variable `R_LIBS_USER` evaluates to an empty value
WARN: Environment variable `R_LIBS_SITE` evaluates to an empty value
WARN: Environment variable `R_LIBS_USER` evaluates to an empty value
WARN: Environment variable `R_LIBS_SITE` evaluates to an empty value
WARN: Environment variable `R_LIBS_USER` evaluates to an empty value
WARN: Environment variable `R_LIBS_SITE` evaluates to an empty value
WARN: Environment variable `R_LIBS_USER` evaluates to an empty value
WARN: Environment variable `R_LIBS_SITE` evaluates to an empty value
WARN: Environment variable `R_LIBS_USER` evaluates to an empty value
WARN: Environment variable `R_LIBS_SITE` evaluates to an empty value
WARN: Environment variable `R_LIBS_USER` evaluates to an empty value
WARN: Environment variable `R_LIBS_SITE` evaluates to an empty value
WARN: Environment variable `R_LIBS_USER` evaluates to an empty value
WARN: Environment variable `R_LIBS_SITE` evaluates to an empty value
WARN: Environment variable `R_LIBS_USER` evaluates to an empty value
WARN: Environment variable `R_LIBS_SITE` evaluates to an empty value
WARN: Environment variable `R_LIBS_USER` evaluates to an empty value
WARN: Environment variable `R_LIBS_SITE` evaluates to an empty value
WARN: Environment variable `R_LIBS_USER` evaluates to an empty value
WARN: Environment variable `R_LIBS_SITE` evaluates to an empty value
WARN: Environment variable `R_LIBS_USER` evaluates to an empty value
WARN: Environment variable `R_LIBS_SITE` evaluates to an empty value
WARN: Environment variable `R_LIBS_USER` evaluates to an empty value
WARN: Environment variable `R_LIBS_SITE` evaluates to an empty value
WARN: Environment variable `R_LIBS_USER` evaluates to an empty value
WARN: Environment variable `R_LIBS_SITE` evaluates to an empty value
WARN: Environment variable `R_LIBS_USER` evaluates to an empty value
WARN: Environment variable `R_LIBS_SITE` evaluates to an empty value
WARN: Environment variable `R_LIBS_USER` evaluates to an empty value
WARN: Environment variable `R_LIBS_SITE` evaluates to an empty value
WARN: Environment variable `R_LIBS_USER` evaluates to an empty value
WARN: Environment variable `R_LIBS_SITE` evaluates to an empty value
WARN: Environment variable `R_LIBS_USER` evaluates to an empty value
WARN: Environment variable `R_LIBS_SITE` evaluates to an empty value
WARN: Environment variable `R_LIBS_USER` evaluates to an empty value
WARN: Environment variable `R_LIBS_SITE` evaluates to an empty value
WARN: Environment variable `R_LIBS_USER` evaluates to an empty value
WARN: Environment variable `R_LIBS_SITE` evaluates to an empty value
WARN: Environment variable `R_LIBS_USER` evaluates to an empty value
WARN: Environment variable `R_LIBS_SITE` evaluates to an empty value
WARN: Environment variable `R_LIBS_USER` evaluates to an empty value
WARN: Environment variable `R_LIBS_SITE` evaluates to an empty value
WARN: Environment variable `R_LIBS_USER` evaluates to an empty value
WARN: Environment variable `R_LIBS_SITE` evaluates to an empty value

executor >  local (71)
[7e/27e83e] PRE_STAGE:PRE_STAGE_FILES      | 1 of 1 ✔
[ed/b8a12a] REA…SSING:FASTQC (ERR11435659) | 6 of 6 ✔
[05/470760] REA…CKSUM_VERIFY (ERR11435647) | 6 of 6 ✔
[29/4d7627] REA…:TRIM_GALORE (ERR11435659) | 6 of 6 ✔
[ce/a562fe] PAR…8.dna.primary_assembly.fa) | 1 of 1 ✔
[cb/c60b2e] PAR…S_FQ2BAMMETH (ERR11435661) | 6 of 6 ✔
[69/fc0eb8] PAR…MTOOLS_INDEX (ERR11435652) | 6 of 6 ✔
[ca/365d24] PAR…SIS:QUALIMAP (ERR11435652) | 6 of 6 ✔
[b0/5b699f] PAR…8.dna.primary_assembly.fa) | 1 of 1 ✔
[de/58ceb8] PAR…CKEL_EXTRACT (ERR11435652) | 6 of 6 ✔
[d1/75ce9a] DIF…METHYLATION:EDGER_ANALYSIS | 1 of 1 ✔
[a6/072305] DIF…e_sheet_twist_minimal.csv) | 1 of 1 ✔
[18/b146b5] DIF…L_METHYLATION:DSS_ANALYSIS | 1 of 1 ✔
[b1/629abd] RES…ANNOTATE_RESULTS_EDGER (1) | 1 of 1 ✔
[b3/7bd11f] RES…:POST_PROCESSING_EDGER (1) | 1 of 1 ✔
[5c/a4d0f9] RES…ICHMENT_ANALYSIS_EDGER (1) | 0 of 1
[bd/731cdf] RES…T_PROCESSING_METHYLKIT (1) | 1 of 1 ✔
[00/e2a03c] RES…ENT_ANALYSIS_METHYLKIT (1) | 1 of 1 ✔
[a6/7b952d] RES…S:ANNOTATE_RESULTS_DSS (1) | 1 of 1 ✔
[fe/8ef107] RES…IS:POST_PROCESSING_DSS (1) | 0 of 1
[e6/85093e] RES…NRICHMENT_ANALYSIS_DSS (1) | 0 of 1
[df/ca622d] CLI…S_vs_VD_sig_annotated.csv) | 2 of 3
[c5/ec76b2] CLI…S_vs_VD_sig_annotated.csv) | 3 of 3 ✔
[e9/4652f4] CLI…S_vs_VD_sig_annotated.csv) | 2 of 3
[88/61852a] CLI…S_vs_VD_sig_annotated.csv) | 2 of 3
[d5/98c507] CLI…:DMR_DETAIL_PLOT (SLC17A1) | 0 of 1
[7a/e746f4] CLI…RTING:PCA_PLOT (methylkit) | 0 of 1
[10/b19882] CLI…:PATHVIEW_PLOT (methylkit) | 1 of 1 ✔
Plus 3 more processes waiting for tasks…
SUBMITTING TO ANALYSIS: [dss] /data/Jyotirmoy/JD/TwistMethylFlow-devel/MethylFlow/work/18/b146b5525bb6d958246568114c1fac/DSS_group_CS_vs_VD_dmr.csv
SUBMITTING TO ANALYSIS: [dss] /data/Jyotirmoy/JD/TwistMethylFlow-devel/MethylFlow/work/18/b146b5525bb6d958246568114c1fac/DSS_group_CS_vs_VD_sig.csv
WARN: Environment variable `R_LIBS_USER` evaluates to an empty value
WARN: Environment variable `R_LIBS_SITE` evaluates to an empty value
WARN: Environment variable `R_LIBS_USER` evaluates to an empty value
WARN: Environment variable `R_LIBS_SITE` evaluates to an empty value
WARN: Environment variable `R_LIBS_USER` evaluates to an empty value
WARN: Environment variable `R_LIBS_SITE` evaluates to an empty value
WARN: Environment variable `R_LIBS_USER` evaluates to an empty value
WARN: Environment variable `R_LIBS_SITE` evaluates to an empty value
WARN: Environment variable `R_LIBS_USER` evaluates to an empty value
WARN: Environment variable `R_LIBS_SITE` evaluates to an empty value
WARN: Environment variable `R_LIBS_USER` evaluates to an empty value
WARN: Environment variable `R_LIBS_SITE` evaluates to an empty value
WARN: Environment variable `R_LIBS_USER` evaluates to an empty value
WARN: Environment variable `R_LIBS_SITE` evaluates to an empty value
WARN: Environment variable `R_LIBS_USER` evaluates to an empty value
WARN: Environment variable `R_LIBS_SITE` evaluates to an empty value
WARN: Environment variable `R_LIBS_USER` evaluates to an empty value
WARN: Environment variable `R_LIBS_SITE` evaluates to an empty value
WARN: Environment variable `R_LIBS_USER` evaluates to an empty value
WARN: Environment variable `R_LIBS_SITE` evaluates to an empty value
WARN: Environment variable `R_LIBS_USER` evaluates to an empty value
WARN: Environment variable `R_LIBS_SITE` evaluates to an empty value
WARN: Environment variable `R_LIBS_USER` evaluates to an empty value
WARN: Environment variable `R_LIBS_SITE` evaluates to an empty value
WARN: Environment variable `R_LIBS_USER` evaluates to an empty value
WARN: Environment variable `R_LIBS_SITE` evaluates to an empty value
WARN: Environment variable `R_LIBS_USER` evaluates to an empty value
WARN: Environment variable `R_LIBS_SITE` evaluates to an empty value
WARN: Environment variable `R_LIBS_USER` evaluates to an empty value
WARN: Environment variable `R_LIBS_SITE` evaluates to an empty value
WARN: Environment variable `R_LIBS_USER` evaluates to an empty value
WARN: Environment variable `R_LIBS_SITE` evaluates to an empty value
WARN: Environment variable `R_LIBS_USER` evaluates to an empty value
WARN: Environment variable `R_LIBS_SITE` evaluates to an empty value
WARN: Environment variable `R_LIBS_USER` evaluates to an empty value
WARN: Environment variable `R_LIBS_SITE` evaluates to an empty value
WARN: Environment variable `R_LIBS_USER` evaluates to an empty value
WARN: Environment variable `R_LIBS_SITE` evaluates to an empty value
WARN: Environment variable `R_LIBS_USER` evaluates to an empty value
WARN: Environment variable `R_LIBS_SITE` evaluates to an empty value
WARN: Environment variable `R_LIBS_USER` evaluates to an empty value
WARN: Environment variable `R_LIBS_SITE` evaluates to an empty value
WARN: Environment variable `R_LIBS_USER` evaluates to an empty value
WARN: Environment variable `R_LIBS_SITE` evaluates to an empty value
WARN: Environment variable `R_LIBS_USER` evaluates to an empty value
WARN: Environment variable `R_LIBS_SITE` evaluates to an empty value

executor >  local (71)
[7e/27e83e] PRE_STAGE:PRE_STAGE_FILES      | 1 of 1 ✔
[ed/b8a12a] REA…SSING:FASTQC (ERR11435659) | 6 of 6 ✔
[05/470760] REA…CKSUM_VERIFY (ERR11435647) | 6 of 6 ✔
[29/4d7627] REA…:TRIM_GALORE (ERR11435659) | 6 of 6 ✔
[ce/a562fe] PAR…8.dna.primary_assembly.fa) | 1 of 1 ✔
[cb/c60b2e] PAR…S_FQ2BAMMETH (ERR11435661) | 6 of 6 ✔
[69/fc0eb8] PAR…MTOOLS_INDEX (ERR11435652) | 6 of 6 ✔
[ca/365d24] PAR…SIS:QUALIMAP (ERR11435652) | 6 of 6 ✔
[b0/5b699f] PAR…8.dna.primary_assembly.fa) | 1 of 1 ✔
[de/58ceb8] PAR…CKEL_EXTRACT (ERR11435652) | 6 of 6 ✔
[d1/75ce9a] DIF…METHYLATION:EDGER_ANALYSIS | 1 of 1 ✔
[a6/072305] DIF…e_sheet_twist_minimal.csv) | 1 of 1 ✔
[18/b146b5] DIF…L_METHYLATION:DSS_ANALYSIS | 1 of 1 ✔
[b1/629abd] RES…ANNOTATE_RESULTS_EDGER (1) | 1 of 1 ✔
[b3/7bd11f] RES…:POST_PROCESSING_EDGER (1) | 1 of 1 ✔
[5c/a4d0f9] RES…ICHMENT_ANALYSIS_EDGER (1) | 0 of 1
[bd/731cdf] RES…T_PROCESSING_METHYLKIT (1) | 1 of 1 ✔
[00/e2a03c] RES…ENT_ANALYSIS_METHYLKIT (1) | 1 of 1 ✔
[a6/7b952d] RES…S:ANNOTATE_RESULTS_DSS (1) | 1 of 1 ✔
[fe/8ef107] RES…IS:POST_PROCESSING_DSS (1) | 0 of 1
[e6/85093e] RES…NRICHMENT_ANALYSIS_DSS (1) | 0 of 1
[df/ca622d] CLI…S_vs_VD_sig_annotated.csv) | 3 of 3 ✔
[c5/ec76b2] CLI…S_vs_VD_sig_annotated.csv) | 3 of 3 ✔
[e9/4652f4] CLI…S_vs_VD_sig_annotated.csv) | 2 of 3
[88/61852a] CLI…S_vs_VD_sig_annotated.csv) | 2 of 3
[d5/98c507] CLI…:DMR_DETAIL_PLOT (SLC17A1) | 0 of 1
[7a/e746f4] CLI…RTING:PCA_PLOT (methylkit) | 0 of 1
[10/b19882] CLI…:PATHVIEW_PLOT (methylkit) | 1 of 1 ✔
Plus 3 more processes waiting for tasks…
SUBMITTING TO ANALYSIS: [dss] /data/Jyotirmoy/JD/TwistMethylFlow-devel/MethylFlow/work/18/b146b5525bb6d958246568114c1fac/DSS_group_CS_vs_VD_dmr.csv
SUBMITTING TO ANALYSIS: [dss] /data/Jyotirmoy/JD/TwistMethylFlow-devel/MethylFlow/work/18/b146b5525bb6d958246568114c1fac/DSS_group_CS_vs_VD_sig.csv
WARN: Environment variable `R_LIBS_USER` evaluates to an empty value
WARN: Environment variable `R_LIBS_SITE` evaluates to an empty value
WARN: Environment variable `R_LIBS_USER` evaluates to an empty value
WARN: Environment variable `R_LIBS_SITE` evaluates to an empty value
WARN: Environment variable `R_LIBS_USER` evaluates to an empty value
WARN: Environment variable `R_LIBS_SITE` evaluates to an empty value
WARN: Environment variable `R_LIBS_USER` evaluates to an empty value
WARN: Environment variable `R_LIBS_SITE` evaluates to an empty value
WARN: Environment variable `R_LIBS_USER` evaluates to an empty value
WARN: Environment variable `R_LIBS_SITE` evaluates to an empty value
WARN: Environment variable `R_LIBS_USER` evaluates to an empty value
WARN: Environment variable `R_LIBS_SITE` evaluates to an empty value
WARN: Environment variable `R_LIBS_USER` evaluates to an empty value
WARN: Environment variable `R_LIBS_SITE` evaluates to an empty value
WARN: Environment variable `R_LIBS_USER` evaluates to an empty value
WARN: Environment variable `R_LIBS_SITE` evaluates to an empty value
WARN: Environment variable `R_LIBS_USER` evaluates to an empty value
WARN: Environment variable `R_LIBS_SITE` evaluates to an empty value
WARN: Environment variable `R_LIBS_USER` evaluates to an empty value
WARN: Environment variable `R_LIBS_SITE` evaluates to an empty value
WARN: Environment variable `R_LIBS_USER` evaluates to an empty value
WARN: Environment variable `R_LIBS_SITE` evaluates to an empty value
WARN: Environment variable `R_LIBS_USER` evaluates to an empty value
WARN: Environment variable `R_LIBS_SITE` evaluates to an empty value
WARN: Environment variable `R_LIBS_USER` evaluates to an empty value
WARN: Environment variable `R_LIBS_SITE` evaluates to an empty value
WARN: Environment variable `R_LIBS_USER` evaluates to an empty value
WARN: Environment variable `R_LIBS_SITE` evaluates to an empty value
WARN: Environment variable `R_LIBS_USER` evaluates to an empty value
WARN: Environment variable `R_LIBS_SITE` evaluates to an empty value
WARN: Environment variable `R_LIBS_USER` evaluates to an empty value
WARN: Environment variable `R_LIBS_SITE` evaluates to an empty value
WARN: Environment variable `R_LIBS_USER` evaluates to an empty value
WARN: Environment variable `R_LIBS_SITE` evaluates to an empty value
WARN: Environment variable `R_LIBS_USER` evaluates to an empty value
WARN: Environment variable `R_LIBS_SITE` evaluates to an empty value
WARN: Environment variable `R_LIBS_USER` evaluates to an empty value
WARN: Environment variable `R_LIBS_SITE` evaluates to an empty value
WARN: Environment variable `R_LIBS_USER` evaluates to an empty value
WARN: Environment variable `R_LIBS_SITE` evaluates to an empty value
WARN: Environment variable `R_LIBS_USER` evaluates to an empty value
WARN: Environment variable `R_LIBS_SITE` evaluates to an empty value
WARN: Environment variable `R_LIBS_USER` evaluates to an empty value
WARN: Environment variable `R_LIBS_SITE` evaluates to an empty value
WARN: Environment variable `R_LIBS_USER` evaluates to an empty value
WARN: Environment variable `R_LIBS_SITE` evaluates to an empty value

executor >  local (71)
[7e/27e83e] PRE_STAGE:PRE_STAGE_FILES      | 1 of 1 ✔
[ed/b8a12a] REA…SSING:FASTQC (ERR11435659) | 6 of 6 ✔
[05/470760] REA…CKSUM_VERIFY (ERR11435647) | 6 of 6 ✔
[29/4d7627] REA…:TRIM_GALORE (ERR11435659) | 6 of 6 ✔
[ce/a562fe] PAR…8.dna.primary_assembly.fa) | 1 of 1 ✔
[cb/c60b2e] PAR…S_FQ2BAMMETH (ERR11435661) | 6 of 6 ✔
[69/fc0eb8] PAR…MTOOLS_INDEX (ERR11435652) | 6 of 6 ✔
[ca/365d24] PAR…SIS:QUALIMAP (ERR11435652) | 6 of 6 ✔
[b0/5b699f] PAR…8.dna.primary_assembly.fa) | 1 of 1 ✔
[de/58ceb8] PAR…CKEL_EXTRACT (ERR11435652) | 6 of 6 ✔
[d1/75ce9a] DIF…METHYLATION:EDGER_ANALYSIS | 1 of 1 ✔
[a6/072305] DIF…e_sheet_twist_minimal.csv) | 1 of 1 ✔
[18/b146b5] DIF…L_METHYLATION:DSS_ANALYSIS | 1 of 1 ✔
[b1/629abd] RES…ANNOTATE_RESULTS_EDGER (1) | 1 of 1 ✔
[b3/7bd11f] RES…:POST_PROCESSING_EDGER (1) | 1 of 1 ✔
[5c/a4d0f9] RES…ICHMENT_ANALYSIS_EDGER (1) | 0 of 1
[bd/731cdf] RES…T_PROCESSING_METHYLKIT (1) | 1 of 1 ✔
[00/e2a03c] RES…ENT_ANALYSIS_METHYLKIT (1) | 1 of 1 ✔
[a6/7b952d] RES…S:ANNOTATE_RESULTS_DSS (1) | 1 of 1 ✔
[fe/8ef107] RES…IS:POST_PROCESSING_DSS (1) | 0 of 1
[e6/85093e] RES…NRICHMENT_ANALYSIS_DSS (1) | 0 of 1
[df/ca622d] CLI…S_vs_VD_sig_annotated.csv) | 3 of 3 ✔
[c5/ec76b2] CLI…S_vs_VD_sig_annotated.csv) | 3 of 3 ✔
[e9/4652f4] CLI…S_vs_VD_sig_annotated.csv) | 3 of 3 ✔
[88/61852a] CLI…S_vs_VD_sig_annotated.csv) | 2 of 3
[d5/98c507] CLI…:DMR_DETAIL_PLOT (SLC17A1) | 0 of 1
[7a/e746f4] CLI…RTING:PCA_PLOT (methylkit) | 0 of 1
[10/b19882] CLI…:PATHVIEW_PLOT (methylkit) | 1 of 1 ✔
Plus 3 more processes waiting for tasks…
SUBMITTING TO ANALYSIS: [dss] /data/Jyotirmoy/JD/TwistMethylFlow-devel/MethylFlow/work/18/b146b5525bb6d958246568114c1fac/DSS_group_CS_vs_VD_dmr.csv
SUBMITTING TO ANALYSIS: [dss] /data/Jyotirmoy/JD/TwistMethylFlow-devel/MethylFlow/work/18/b146b5525bb6d958246568114c1fac/DSS_group_CS_vs_VD_sig.csv
WARN: Environment variable `R_LIBS_USER` evaluates to an empty value
WARN: Environment variable `R_LIBS_SITE` evaluates to an empty value
WARN: Environment variable `R_LIBS_USER` evaluates to an empty value
WARN: Environment variable `R_LIBS_SITE` evaluates to an empty value
WARN: Environment variable `R_LIBS_USER` evaluates to an empty value
WARN: Environment variable `R_LIBS_SITE` evaluates to an empty value
WARN: Environment variable `R_LIBS_USER` evaluates to an empty value
WARN: Environment variable `R_LIBS_SITE` evaluates to an empty value
WARN: Environment variable `R_LIBS_USER` evaluates to an empty value
WARN: Environment variable `R_LIBS_SITE` evaluates to an empty value
WARN: Environment variable `R_LIBS_USER` evaluates to an empty value
WARN: Environment variable `R_LIBS_SITE` evaluates to an empty value
WARN: Environment variable `R_LIBS_USER` evaluates to an empty value
WARN: Environment variable `R_LIBS_SITE` evaluates to an empty value
WARN: Environment variable `R_LIBS_USER` evaluates to an empty value
WARN: Environment variable `R_LIBS_SITE` evaluates to an empty value
WARN: Environment variable `R_LIBS_USER` evaluates to an empty value
WARN: Environment variable `R_LIBS_SITE` evaluates to an empty value
WARN: Environment variable `R_LIBS_USER` evaluates to an empty value
WARN: Environment variable `R_LIBS_SITE` evaluates to an empty value
WARN: Environment variable `R_LIBS_USER` evaluates to an empty value
WARN: Environment variable `R_LIBS_SITE` evaluates to an empty value
WARN: Environment variable `R_LIBS_USER` evaluates to an empty value
WARN: Environment variable `R_LIBS_SITE` evaluates to an empty value
WARN: Environment variable `R_LIBS_USER` evaluates to an empty value
WARN: Environment variable `R_LIBS_SITE` evaluates to an empty value
WARN: Environment variable `R_LIBS_USER` evaluates to an empty value
WARN: Environment variable `R_LIBS_SITE` evaluates to an empty value
WARN: Environment variable `R_LIBS_USER` evaluates to an empty value
WARN: Environment variable `R_LIBS_SITE` evaluates to an empty value
WARN: Environment variable `R_LIBS_USER` evaluates to an empty value
WARN: Environment variable `R_LIBS_SITE` evaluates to an empty value
WARN: Environment variable `R_LIBS_USER` evaluates to an empty value
WARN: Environment variable `R_LIBS_SITE` evaluates to an empty value
WARN: Environment variable `R_LIBS_USER` evaluates to an empty value
WARN: Environment variable `R_LIBS_SITE` evaluates to an empty value
WARN: Environment variable `R_LIBS_USER` evaluates to an empty value
WARN: Environment variable `R_LIBS_SITE` evaluates to an empty value
WARN: Environment variable `R_LIBS_USER` evaluates to an empty value
WARN: Environment variable `R_LIBS_SITE` evaluates to an empty value
WARN: Environment variable `R_LIBS_USER` evaluates to an empty value
WARN: Environment variable `R_LIBS_SITE` evaluates to an empty value
WARN: Environment variable `R_LIBS_USER` evaluates to an empty value
WARN: Environment variable `R_LIBS_SITE` evaluates to an empty value
WARN: Environment variable `R_LIBS_USER` evaluates to an empty value
WARN: Environment variable `R_LIBS_SITE` evaluates to an empty value

executor >  local (71)
[7e/27e83e] PRE_STAGE:PRE_STAGE_FILES      | 1 of 1 ✔
[ed/b8a12a] REA…SSING:FASTQC (ERR11435659) | 6 of 6 ✔
[05/470760] REA…CKSUM_VERIFY (ERR11435647) | 6 of 6 ✔
[29/4d7627] REA…:TRIM_GALORE (ERR11435659) | 6 of 6 ✔
[ce/a562fe] PAR…8.dna.primary_assembly.fa) | 1 of 1 ✔
[cb/c60b2e] PAR…S_FQ2BAMMETH (ERR11435661) | 6 of 6 ✔
[69/fc0eb8] PAR…MTOOLS_INDEX (ERR11435652) | 6 of 6 ✔
[ca/365d24] PAR…SIS:QUALIMAP (ERR11435652) | 6 of 6 ✔
[b0/5b699f] PAR…8.dna.primary_assembly.fa) | 1 of 1 ✔
[de/58ceb8] PAR…CKEL_EXTRACT (ERR11435652) | 6 of 6 ✔
[d1/75ce9a] DIF…METHYLATION:EDGER_ANALYSIS | 1 of 1 ✔
[a6/072305] DIF…e_sheet_twist_minimal.csv) | 1 of 1 ✔
[18/b146b5] DIF…L_METHYLATION:DSS_ANALYSIS | 1 of 1 ✔
[b1/629abd] RES…ANNOTATE_RESULTS_EDGER (1) | 1 of 1 ✔
[b3/7bd11f] RES…:POST_PROCESSING_EDGER (1) | 1 of 1 ✔
[5c/a4d0f9] RES…ICHMENT_ANALYSIS_EDGER (1) | 0 of 1
[bd/731cdf] RES…T_PROCESSING_METHYLKIT (1) | 1 of 1 ✔
[00/e2a03c] RES…ENT_ANALYSIS_METHYLKIT (1) | 1 of 1 ✔
[a6/7b952d] RES…S:ANNOTATE_RESULTS_DSS (1) | 1 of 1 ✔
[fe/8ef107] RES…IS:POST_PROCESSING_DSS (1) | 0 of 1
[e6/85093e] RES…NRICHMENT_ANALYSIS_DSS (1) | 0 of 1
[df/ca622d] CLI…S_vs_VD_sig_annotated.csv) | 3 of 3 ✔
[c5/ec76b2] CLI…S_vs_VD_sig_annotated.csv) | 3 of 3 ✔
[e9/4652f4] CLI…S_vs_VD_sig_annotated.csv) | 3 of 3 ✔
[88/61852a] CLI…S_vs_VD_sig_annotated.csv) | 3 of 3 ✔
[d5/98c507] CLI…:DMR_DETAIL_PLOT (SLC17A1) | 0 of 1
[7a/e746f4] CLI…RTING:PCA_PLOT (methylkit) | 0 of 1
[10/b19882] CLI…:PATHVIEW_PLOT (methylkit) | 1 of 1 ✔
Plus 3 more processes waiting for tasks…
SUBMITTING TO ANALYSIS: [dss] /data/Jyotirmoy/JD/TwistMethylFlow-devel/MethylFlow/work/18/b146b5525bb6d958246568114c1fac/DSS_group_CS_vs_VD_dmr.csv
SUBMITTING TO ANALYSIS: [dss] /data/Jyotirmoy/JD/TwistMethylFlow-devel/MethylFlow/work/18/b146b5525bb6d958246568114c1fac/DSS_group_CS_vs_VD_sig.csv
WARN: Environment variable `R_LIBS_USER` evaluates to an empty value
WARN: Environment variable `R_LIBS_SITE` evaluates to an empty value
WARN: Environment variable `R_LIBS_USER` evaluates to an empty value
WARN: Environment variable `R_LIBS_SITE` evaluates to an empty value
WARN: Environment variable `R_LIBS_USER` evaluates to an empty value
WARN: Environment variable `R_LIBS_SITE` evaluates to an empty value
WARN: Environment variable `R_LIBS_USER` evaluates to an empty value
WARN: Environment variable `R_LIBS_SITE` evaluates to an empty value
WARN: Environment variable `R_LIBS_USER` evaluates to an empty value
WARN: Environment variable `R_LIBS_SITE` evaluates to an empty value
WARN: Environment variable `R_LIBS_USER` evaluates to an empty value
WARN: Environment variable `R_LIBS_SITE` evaluates to an empty value
WARN: Environment variable `R_LIBS_USER` evaluates to an empty value
WARN: Environment variable `R_LIBS_SITE` evaluates to an empty value
WARN: Environment variable `R_LIBS_USER` evaluates to an empty value
WARN: Environment variable `R_LIBS_SITE` evaluates to an empty value
WARN: Environment variable `R_LIBS_USER` evaluates to an empty value
WARN: Environment variable `R_LIBS_SITE` evaluates to an empty value
WARN: Environment variable `R_LIBS_USER` evaluates to an empty value
WARN: Environment variable `R_LIBS_SITE` evaluates to an empty value
WARN: Environment variable `R_LIBS_USER` evaluates to an empty value
WARN: Environment variable `R_LIBS_SITE` evaluates to an empty value
WARN: Environment variable `R_LIBS_USER` evaluates to an empty value
WARN: Environment variable `R_LIBS_SITE` evaluates to an empty value
WARN: Environment variable `R_LIBS_USER` evaluates to an empty value
WARN: Environment variable `R_LIBS_SITE` evaluates to an empty value
WARN: Environment variable `R_LIBS_USER` evaluates to an empty value
WARN: Environment variable `R_LIBS_SITE` evaluates to an empty value
WARN: Environment variable `R_LIBS_USER` evaluates to an empty value
WARN: Environment variable `R_LIBS_SITE` evaluates to an empty value
WARN: Environment variable `R_LIBS_USER` evaluates to an empty value
WARN: Environment variable `R_LIBS_SITE` evaluates to an empty value
WARN: Environment variable `R_LIBS_USER` evaluates to an empty value
WARN: Environment variable `R_LIBS_SITE` evaluates to an empty value
WARN: Environment variable `R_LIBS_USER` evaluates to an empty value
WARN: Environment variable `R_LIBS_SITE` evaluates to an empty value
WARN: Environment variable `R_LIBS_USER` evaluates to an empty value
WARN: Environment variable `R_LIBS_SITE` evaluates to an empty value
WARN: Environment variable `R_LIBS_USER` evaluates to an empty value
WARN: Environment variable `R_LIBS_SITE` evaluates to an empty value
WARN: Environment variable `R_LIBS_USER` evaluates to an empty value
WARN: Environment variable `R_LIBS_SITE` evaluates to an empty value
WARN: Environment variable `R_LIBS_USER` evaluates to an empty value
WARN: Environment variable `R_LIBS_SITE` evaluates to an empty value
WARN: Environment variable `R_LIBS_USER` evaluates to an empty value
WARN: Environment variable `R_LIBS_SITE` evaluates to an empty value

executor >  local (71)
[7e/27e83e] PRE_STAGE:PRE_STAGE_FILES      | 1 of 1 ✔
[ed/b8a12a] REA…SSING:FASTQC (ERR11435659) | 6 of 6 ✔
[05/470760] REA…CKSUM_VERIFY (ERR11435647) | 6 of 6 ✔
[29/4d7627] REA…:TRIM_GALORE (ERR11435659) | 6 of 6 ✔
[ce/a562fe] PAR…8.dna.primary_assembly.fa) | 1 of 1 ✔
[cb/c60b2e] PAR…S_FQ2BAMMETH (ERR11435661) | 6 of 6 ✔
[69/fc0eb8] PAR…MTOOLS_INDEX (ERR11435652) | 6 of 6 ✔
[ca/365d24] PAR…SIS:QUALIMAP (ERR11435652) | 6 of 6 ✔
[b0/5b699f] PAR…8.dna.primary_assembly.fa) | 1 of 1 ✔
[de/58ceb8] PAR…CKEL_EXTRACT (ERR11435652) | 6 of 6 ✔
[d1/75ce9a] DIF…METHYLATION:EDGER_ANALYSIS | 1 of 1 ✔
[a6/072305] DIF…e_sheet_twist_minimal.csv) | 1 of 1 ✔
[18/b146b5] DIF…L_METHYLATION:DSS_ANALYSIS | 1 of 1 ✔
[b1/629abd] RES…ANNOTATE_RESULTS_EDGER (1) | 1 of 1 ✔
[b3/7bd11f] RES…:POST_PROCESSING_EDGER (1) | 1 of 1 ✔
[5c/a4d0f9] RES…ICHMENT_ANALYSIS_EDGER (1) | 1 of 1 ✔
[bd/731cdf] RES…T_PROCESSING_METHYLKIT (1) | 1 of 1 ✔
[00/e2a03c] RES…ENT_ANALYSIS_METHYLKIT (1) | 1 of 1 ✔
[a6/7b952d] RES…S:ANNOTATE_RESULTS_DSS (1) | 1 of 1 ✔
[fe/8ef107] RES…IS:POST_PROCESSING_DSS (1) | 0 of 1
[e6/85093e] RES…NRICHMENT_ANALYSIS_DSS (1) | 0 of 1
[df/ca622d] CLI…S_vs_VD_sig_annotated.csv) | 3 of 3 ✔
[c5/ec76b2] CLI…S_vs_VD_sig_annotated.csv) | 3 of 3 ✔
[e9/4652f4] CLI…S_vs_VD_sig_annotated.csv) | 3 of 3 ✔
[88/61852a] CLI…S_vs_VD_sig_annotated.csv) | 3 of 3 ✔
[d5/98c507] CLI…:DMR_DETAIL_PLOT (SLC17A1) | 0 of 1
[7a/e746f4] CLI…RTING:PCA_PLOT (methylkit) | 0 of 1
[10/b19882] CLI…:PATHVIEW_PLOT (methylkit) | 1 of 1 ✔
Plus 3 more processes waiting for tasks…
SUBMITTING TO ANALYSIS: [dss] /data/Jyotirmoy/JD/TwistMethylFlow-devel/MethylFlow/work/18/b146b5525bb6d958246568114c1fac/DSS_group_CS_vs_VD_dmr.csv
SUBMITTING TO ANALYSIS: [dss] /data/Jyotirmoy/JD/TwistMethylFlow-devel/MethylFlow/work/18/b146b5525bb6d958246568114c1fac/DSS_group_CS_vs_VD_sig.csv
WARN: Environment variable `R_LIBS_USER` evaluates to an empty value
WARN: Environment variable `R_LIBS_SITE` evaluates to an empty value
WARN: Environment variable `R_LIBS_USER` evaluates to an empty value
WARN: Environment variable `R_LIBS_SITE` evaluates to an empty value
WARN: Environment variable `R_LIBS_USER` evaluates to an empty value
WARN: Environment variable `R_LIBS_SITE` evaluates to an empty value
WARN: Environment variable `R_LIBS_USER` evaluates to an empty value
WARN: Environment variable `R_LIBS_SITE` evaluates to an empty value
WARN: Environment variable `R_LIBS_USER` evaluates to an empty value
WARN: Environment variable `R_LIBS_SITE` evaluates to an empty value
WARN: Environment variable `R_LIBS_USER` evaluates to an empty value
WARN: Environment variable `R_LIBS_SITE` evaluates to an empty value
WARN: Environment variable `R_LIBS_USER` evaluates to an empty value
WARN: Environment variable `R_LIBS_SITE` evaluates to an empty value
WARN: Environment variable `R_LIBS_USER` evaluates to an empty value
WARN: Environment variable `R_LIBS_SITE` evaluates to an empty value
WARN: Environment variable `R_LIBS_USER` evaluates to an empty value
WARN: Environment variable `R_LIBS_SITE` evaluates to an empty value
WARN: Environment variable `R_LIBS_USER` evaluates to an empty value
WARN: Environment variable `R_LIBS_SITE` evaluates to an empty value
WARN: Environment variable `R_LIBS_USER` evaluates to an empty value
WARN: Environment variable `R_LIBS_SITE` evaluates to an empty value
WARN: Environment variable `R_LIBS_USER` evaluates to an empty value
WARN: Environment variable `R_LIBS_SITE` evaluates to an empty value
WARN: Environment variable `R_LIBS_USER` evaluates to an empty value
WARN: Environment variable `R_LIBS_SITE` evaluates to an empty value
WARN: Environment variable `R_LIBS_USER` evaluates to an empty value
WARN: Environment variable `R_LIBS_SITE` evaluates to an empty value
WARN: Environment variable `R_LIBS_USER` evaluates to an empty value
WARN: Environment variable `R_LIBS_SITE` evaluates to an empty value
WARN: Environment variable `R_LIBS_USER` evaluates to an empty value
WARN: Environment variable `R_LIBS_SITE` evaluates to an empty value
WARN: Environment variable `R_LIBS_USER` evaluates to an empty value
WARN: Environment variable `R_LIBS_SITE` evaluates to an empty value
WARN: Environment variable `R_LIBS_USER` evaluates to an empty value
WARN: Environment variable `R_LIBS_SITE` evaluates to an empty value
WARN: Environment variable `R_LIBS_USER` evaluates to an empty value
WARN: Environment variable `R_LIBS_SITE` evaluates to an empty value
WARN: Environment variable `R_LIBS_USER` evaluates to an empty value
WARN: Environment variable `R_LIBS_SITE` evaluates to an empty value
WARN: Environment variable `R_LIBS_USER` evaluates to an empty value
WARN: Environment variable `R_LIBS_SITE` evaluates to an empty value
WARN: Environment variable `R_LIBS_USER` evaluates to an empty value
WARN: Environment variable `R_LIBS_SITE` evaluates to an empty value
WARN: Environment variable `R_LIBS_USER` evaluates to an empty value
WARN: Environment variable `R_LIBS_SITE` evaluates to an empty value

executor >  local (71)
[7e/27e83e] PRE_STAGE:PRE_STAGE_FILES      | 1 of 1 ✔
[ed/b8a12a] REA…SSING:FASTQC (ERR11435659) | 6 of 6 ✔
[05/470760] REA…CKSUM_VERIFY (ERR11435647) | 6 of 6 ✔
[29/4d7627] REA…:TRIM_GALORE (ERR11435659) | 6 of 6 ✔
[ce/a562fe] PAR…8.dna.primary_assembly.fa) | 1 of 1 ✔
[cb/c60b2e] PAR…S_FQ2BAMMETH (ERR11435661) | 6 of 6 ✔
[69/fc0eb8] PAR…MTOOLS_INDEX (ERR11435652) | 6 of 6 ✔
[ca/365d24] PAR…SIS:QUALIMAP (ERR11435652) | 6 of 6 ✔
[b0/5b699f] PAR…8.dna.primary_assembly.fa) | 1 of 1 ✔
[de/58ceb8] PAR…CKEL_EXTRACT (ERR11435652) | 6 of 6 ✔
[d1/75ce9a] DIF…METHYLATION:EDGER_ANALYSIS | 1 of 1 ✔
[a6/072305] DIF…e_sheet_twist_minimal.csv) | 1 of 1 ✔
[18/b146b5] DIF…L_METHYLATION:DSS_ANALYSIS | 1 of 1 ✔
[b1/629abd] RES…ANNOTATE_RESULTS_EDGER (1) | 1 of 1 ✔
[b3/7bd11f] RES…:POST_PROCESSING_EDGER (1) | 1 of 1 ✔
[5c/a4d0f9] RES…ICHMENT_ANALYSIS_EDGER (1) | 1 of 1 ✔
[bd/731cdf] RES…T_PROCESSING_METHYLKIT (1) | 1 of 1 ✔
[00/e2a03c] RES…ENT_ANALYSIS_METHYLKIT (1) | 1 of 1 ✔
[a6/7b952d] RES…S:ANNOTATE_RESULTS_DSS (1) | 1 of 1 ✔
[fe/8ef107] RES…IS:POST_PROCESSING_DSS (1) | 1 of 1 ✔
[e6/85093e] RES…NRICHMENT_ANALYSIS_DSS (1) | 0 of 1
[df/ca622d] CLI…S_vs_VD_sig_annotated.csv) | 3 of 3 ✔
[c5/ec76b2] CLI…S_vs_VD_sig_annotated.csv) | 3 of 3 ✔
[e9/4652f4] CLI…S_vs_VD_sig_annotated.csv) | 3 of 3 ✔
[88/61852a] CLI…S_vs_VD_sig_annotated.csv) | 3 of 3 ✔
[d5/98c507] CLI…:DMR_DETAIL_PLOT (SLC17A1) | 0 of 1
[7a/e746f4] CLI…RTING:PCA_PLOT (methylkit) | 0 of 1
[10/b19882] CLI…:PATHVIEW_PLOT (methylkit) | 1 of 1 ✔
Plus 3 more processes waiting for tasks…
SUBMITTING TO ANALYSIS: [dss] /data/Jyotirmoy/JD/TwistMethylFlow-devel/MethylFlow/work/18/b146b5525bb6d958246568114c1fac/DSS_group_CS_vs_VD_dmr.csv
SUBMITTING TO ANALYSIS: [dss] /data/Jyotirmoy/JD/TwistMethylFlow-devel/MethylFlow/work/18/b146b5525bb6d958246568114c1fac/DSS_group_CS_vs_VD_sig.csv
WARN: Environment variable `R_LIBS_USER` evaluates to an empty value
WARN: Environment variable `R_LIBS_SITE` evaluates to an empty value
WARN: Environment variable `R_LIBS_USER` evaluates to an empty value
WARN: Environment variable `R_LIBS_SITE` evaluates to an empty value
WARN: Environment variable `R_LIBS_USER` evaluates to an empty value
WARN: Environment variable `R_LIBS_SITE` evaluates to an empty value
WARN: Environment variable `R_LIBS_USER` evaluates to an empty value
WARN: Environment variable `R_LIBS_SITE` evaluates to an empty value
WARN: Environment variable `R_LIBS_USER` evaluates to an empty value
WARN: Environment variable `R_LIBS_SITE` evaluates to an empty value
WARN: Environment variable `R_LIBS_USER` evaluates to an empty value
WARN: Environment variable `R_LIBS_SITE` evaluates to an empty value
WARN: Environment variable `R_LIBS_USER` evaluates to an empty value
WARN: Environment variable `R_LIBS_SITE` evaluates to an empty value
WARN: Environment variable `R_LIBS_USER` evaluates to an empty value
WARN: Environment variable `R_LIBS_SITE` evaluates to an empty value
WARN: Environment variable `R_LIBS_USER` evaluates to an empty value
WARN: Environment variable `R_LIBS_SITE` evaluates to an empty value
WARN: Environment variable `R_LIBS_USER` evaluates to an empty value
WARN: Environment variable `R_LIBS_SITE` evaluates to an empty value
WARN: Environment variable `R_LIBS_USER` evaluates to an empty value
WARN: Environment variable `R_LIBS_SITE` evaluates to an empty value
WARN: Environment variable `R_LIBS_USER` evaluates to an empty value
WARN: Environment variable `R_LIBS_SITE` evaluates to an empty value
WARN: Environment variable `R_LIBS_USER` evaluates to an empty value
WARN: Environment variable `R_LIBS_SITE` evaluates to an empty value
WARN: Environment variable `R_LIBS_USER` evaluates to an empty value
WARN: Environment variable `R_LIBS_SITE` evaluates to an empty value
WARN: Environment variable `R_LIBS_USER` evaluates to an empty value
WARN: Environment variable `R_LIBS_SITE` evaluates to an empty value
WARN: Environment variable `R_LIBS_USER` evaluates to an empty value
WARN: Environment variable `R_LIBS_SITE` evaluates to an empty value
WARN: Environment variable `R_LIBS_USER` evaluates to an empty value
WARN: Environment variable `R_LIBS_SITE` evaluates to an empty value
WARN: Environment variable `R_LIBS_USER` evaluates to an empty value
WARN: Environment variable `R_LIBS_SITE` evaluates to an empty value
WARN: Environment variable `R_LIBS_USER` evaluates to an empty value
WARN: Environment variable `R_LIBS_SITE` evaluates to an empty value
WARN: Environment variable `R_LIBS_USER` evaluates to an empty value
WARN: Environment variable `R_LIBS_SITE` evaluates to an empty value
WARN: Environment variable `R_LIBS_USER` evaluates to an empty value
WARN: Environment variable `R_LIBS_SITE` evaluates to an empty value
WARN: Environment variable `R_LIBS_USER` evaluates to an empty value
WARN: Environment variable `R_LIBS_SITE` evaluates to an empty value
WARN: Environment variable `R_LIBS_USER` evaluates to an empty value
WARN: Environment variable `R_LIBS_SITE` evaluates to an empty value

executor >  local (71)
[7e/27e83e] PRE_STAGE:PRE_STAGE_FILES      | 1 of 1 ✔
[ed/b8a12a] REA…SSING:FASTQC (ERR11435659) | 6 of 6 ✔
[05/470760] REA…CKSUM_VERIFY (ERR11435647) | 6 of 6 ✔
[29/4d7627] REA…:TRIM_GALORE (ERR11435659) | 6 of 6 ✔
[ce/a562fe] PAR…8.dna.primary_assembly.fa) | 1 of 1 ✔
[cb/c60b2e] PAR…S_FQ2BAMMETH (ERR11435661) | 6 of 6 ✔
[69/fc0eb8] PAR…MTOOLS_INDEX (ERR11435652) | 6 of 6 ✔
[ca/365d24] PAR…SIS:QUALIMAP (ERR11435652) | 6 of 6 ✔
[b0/5b699f] PAR…8.dna.primary_assembly.fa) | 1 of 1 ✔
[de/58ceb8] PAR…CKEL_EXTRACT (ERR11435652) | 6 of 6 ✔
[d1/75ce9a] DIF…METHYLATION:EDGER_ANALYSIS | 1 of 1 ✔
[a6/072305] DIF…e_sheet_twist_minimal.csv) | 1 of 1 ✔
[18/b146b5] DIF…L_METHYLATION:DSS_ANALYSIS | 1 of 1 ✔
[b1/629abd] RES…ANNOTATE_RESULTS_EDGER (1) | 1 of 1 ✔
[b3/7bd11f] RES…:POST_PROCESSING_EDGER (1) | 1 of 1 ✔
[5c/a4d0f9] RES…ICHMENT_ANALYSIS_EDGER (1) | 1 of 1 ✔
[bd/731cdf] RES…T_PROCESSING_METHYLKIT (1) | 1 of 1 ✔
[00/e2a03c] RES…ENT_ANALYSIS_METHYLKIT (1) | 1 of 1 ✔
[a6/7b952d] RES…S:ANNOTATE_RESULTS_DSS (1) | 1 of 1 ✔
[fe/8ef107] RES…IS:POST_PROCESSING_DSS (1) | 1 of 1 ✔
[e6/85093e] RES…NRICHMENT_ANALYSIS_DSS (1) | 1 of 1 ✔
[df/ca622d] CLI…S_vs_VD_sig_annotated.csv) | 3 of 3 ✔
[c5/ec76b2] CLI…S_vs_VD_sig_annotated.csv) | 3 of 3 ✔
[e9/4652f4] CLI…S_vs_VD_sig_annotated.csv) | 3 of 3 ✔
[88/61852a] CLI…S_vs_VD_sig_annotated.csv) | 3 of 3 ✔
[d5/98c507] CLI…:DMR_DETAIL_PLOT (SLC17A1) | 0 of 1
[7a/e746f4] CLI…RTING:PCA_PLOT (methylkit) | 0 of 1
[10/b19882] CLI…:PATHVIEW_PLOT (methylkit) | 1 of 1 ✔
Plus 3 more processes waiting for tasks…
SUBMITTING TO ANALYSIS: [dss] /data/Jyotirmoy/JD/TwistMethylFlow-devel/MethylFlow/work/18/b146b5525bb6d958246568114c1fac/DSS_group_CS_vs_VD_dmr.csv
SUBMITTING TO ANALYSIS: [dss] /data/Jyotirmoy/JD/TwistMethylFlow-devel/MethylFlow/work/18/b146b5525bb6d958246568114c1fac/DSS_group_CS_vs_VD_sig.csv
WARN: Environment variable `R_LIBS_USER` evaluates to an empty value
WARN: Environment variable `R_LIBS_SITE` evaluates to an empty value
WARN: Environment variable `R_LIBS_USER` evaluates to an empty value
WARN: Environment variable `R_LIBS_SITE` evaluates to an empty value
WARN: Environment variable `R_LIBS_USER` evaluates to an empty value
WARN: Environment variable `R_LIBS_SITE` evaluates to an empty value
WARN: Environment variable `R_LIBS_USER` evaluates to an empty value
WARN: Environment variable `R_LIBS_SITE` evaluates to an empty value
WARN: Environment variable `R_LIBS_USER` evaluates to an empty value
WARN: Environment variable `R_LIBS_SITE` evaluates to an empty value
WARN: Environment variable `R_LIBS_USER` evaluates to an empty value
WARN: Environment variable `R_LIBS_SITE` evaluates to an empty value
WARN: Environment variable `R_LIBS_USER` evaluates to an empty value
WARN: Environment variable `R_LIBS_SITE` evaluates to an empty value
WARN: Environment variable `R_LIBS_USER` evaluates to an empty value
WARN: Environment variable `R_LIBS_SITE` evaluates to an empty value
WARN: Environment variable `R_LIBS_USER` evaluates to an empty value
WARN: Environment variable `R_LIBS_SITE` evaluates to an empty value
WARN: Environment variable `R_LIBS_USER` evaluates to an empty value
WARN: Environment variable `R_LIBS_SITE` evaluates to an empty value
WARN: Environment variable `R_LIBS_USER` evaluates to an empty value
WARN: Environment variable `R_LIBS_SITE` evaluates to an empty value
WARN: Environment variable `R_LIBS_USER` evaluates to an empty value
WARN: Environment variable `R_LIBS_SITE` evaluates to an empty value
WARN: Environment variable `R_LIBS_USER` evaluates to an empty value
WARN: Environment variable `R_LIBS_SITE` evaluates to an empty value
WARN: Environment variable `R_LIBS_USER` evaluates to an empty value
WARN: Environment variable `R_LIBS_SITE` evaluates to an empty value
WARN: Environment variable `R_LIBS_USER` evaluates to an empty value
WARN: Environment variable `R_LIBS_SITE` evaluates to an empty value
WARN: Environment variable `R_LIBS_USER` evaluates to an empty value
WARN: Environment variable `R_LIBS_SITE` evaluates to an empty value
WARN: Environment variable `R_LIBS_USER` evaluates to an empty value
WARN: Environment variable `R_LIBS_SITE` evaluates to an empty value
WARN: Environment variable `R_LIBS_USER` evaluates to an empty value
WARN: Environment variable `R_LIBS_SITE` evaluates to an empty value
WARN: Environment variable `R_LIBS_USER` evaluates to an empty value
WARN: Environment variable `R_LIBS_SITE` evaluates to an empty value
WARN: Environment variable `R_LIBS_USER` evaluates to an empty value
WARN: Environment variable `R_LIBS_SITE` evaluates to an empty value
WARN: Environment variable `R_LIBS_USER` evaluates to an empty value
WARN: Environment variable `R_LIBS_SITE` evaluates to an empty value
WARN: Environment variable `R_LIBS_USER` evaluates to an empty value
WARN: Environment variable `R_LIBS_SITE` evaluates to an empty value
WARN: Environment variable `R_LIBS_USER` evaluates to an empty value
WARN: Environment variable `R_LIBS_SITE` evaluates to an empty value

executor >  local (71)
[7e/27e83e] PRE_STAGE:PRE_STAGE_FILES      | 1 of 1 ✔
[ed/b8a12a] REA…SSING:FASTQC (ERR11435659) | 6 of 6 ✔
[05/470760] REA…CKSUM_VERIFY (ERR11435647) | 6 of 6 ✔
[29/4d7627] REA…:TRIM_GALORE (ERR11435659) | 6 of 6 ✔
[ce/a562fe] PAR…8.dna.primary_assembly.fa) | 1 of 1 ✔
[cb/c60b2e] PAR…S_FQ2BAMMETH (ERR11435661) | 6 of 6 ✔
[69/fc0eb8] PAR…MTOOLS_INDEX (ERR11435652) | 6 of 6 ✔
[ca/365d24] PAR…SIS:QUALIMAP (ERR11435652) | 6 of 6 ✔
[b0/5b699f] PAR…8.dna.primary_assembly.fa) | 1 of 1 ✔
[de/58ceb8] PAR…CKEL_EXTRACT (ERR11435652) | 6 of 6 ✔
[d1/75ce9a] DIF…METHYLATION:EDGER_ANALYSIS | 1 of 1 ✔
[a6/072305] DIF…e_sheet_twist_minimal.csv) | 1 of 1 ✔
[18/b146b5] DIF…L_METHYLATION:DSS_ANALYSIS | 1 of 1 ✔
[b1/629abd] RES…ANNOTATE_RESULTS_EDGER (1) | 1 of 1 ✔
[b3/7bd11f] RES…:POST_PROCESSING_EDGER (1) | 1 of 1 ✔
[5c/a4d0f9] RES…ICHMENT_ANALYSIS_EDGER (1) | 1 of 1 ✔
[bd/731cdf] RES…T_PROCESSING_METHYLKIT (1) | 1 of 1 ✔
[00/e2a03c] RES…ENT_ANALYSIS_METHYLKIT (1) | 1 of 1 ✔
[a6/7b952d] RES…S:ANNOTATE_RESULTS_DSS (1) | 1 of 1 ✔
[fe/8ef107] RES…IS:POST_PROCESSING_DSS (1) | 1 of 1 ✔
[e6/85093e] RES…NRICHMENT_ANALYSIS_DSS (1) | 1 of 1 ✔
[df/ca622d] CLI…S_vs_VD_sig_annotated.csv) | 3 of 3 ✔
[c5/ec76b2] CLI…S_vs_VD_sig_annotated.csv) | 3 of 3 ✔
[e9/4652f4] CLI…S_vs_VD_sig_annotated.csv) | 3 of 3 ✔
[88/61852a] CLI…S_vs_VD_sig_annotated.csv) | 3 of 3 ✔
[d5/98c507] CLI…:DMR_DETAIL_PLOT (SLC17A1) | 0 of 1
[7a/e746f4] CLI…RTING:PCA_PLOT (methylkit) | 1 of 1 ✔
[10/b19882] CLI…:PATHVIEW_PLOT (methylkit) | 1 of 1 ✔
Plus 3 more processes waiting for tasks…

















































executor >  local (71)
[7e/27e83e] PRE_STAGE:PRE_STAGE_FILES      | 1 of 1 ✔
[ed/b8a12a] REA…SSING:FASTQC (ERR11435659) | 6 of 6 ✔
[05/470760] REA…CKSUM_VERIFY (ERR11435647) | 6 of 6 ✔
[29/4d7627] REA…:TRIM_GALORE (ERR11435659) | 6 of 6 ✔
[ce/a562fe] PAR…8.dna.primary_assembly.fa) | 1 of 1 ✔
[cb/c60b2e] PAR…S_FQ2BAMMETH (ERR11435661) | 6 of 6 ✔
[69/fc0eb8] PAR…MTOOLS_INDEX (ERR11435652) | 6 of 6 ✔
[ca/365d24] PAR…SIS:QUALIMAP (ERR11435652) | 6 of 6 ✔
[b0/5b699f] PAR…8.dna.primary_assembly.fa) | 1 of 1 ✔
[de/58ceb8] PAR…CKEL_EXTRACT (ERR11435652) | 6 of 6 ✔
[d1/75ce9a] DIF…METHYLATION:EDGER_ANALYSIS | 1 of 1 ✔
[a6/072305] DIF…e_sheet_twist_minimal.csv) | 1 of 1 ✔
[18/b146b5] DIF…L_METHYLATION:DSS_ANALYSIS | 1 of 1 ✔
[b1/629abd] RES…ANNOTATE_RESULTS_EDGER (1) | 1 of 1 ✔
[b3/7bd11f] RES…:POST_PROCESSING_EDGER (1) | 1 of 1 ✔
[5c/a4d0f9] RES…ICHMENT_ANALYSIS_EDGER (1) | 1 of 1 ✔
[bd/731cdf] RES…T_PROCESSING_METHYLKIT (1) | 1 of 1 ✔
[00/e2a03c] RES…ENT_ANALYSIS_METHYLKIT (1) | 1 of 1 ✔
[a6/7b952d] RES…S:ANNOTATE_RESULTS_DSS (1) | 1 of 1 ✔
[fe/8ef107] RES…IS:POST_PROCESSING_DSS (1) | 1 of 1 ✔
[e6/85093e] RES…NRICHMENT_ANALYSIS_DSS (1) | 1 of 1 ✔
[df/ca622d] CLI…S_vs_VD_sig_annotated.csv) | 3 of 3 ✔
[c5/ec76b2] CLI…S_vs_VD_sig_annotated.csv) | 3 of 3 ✔
[e9/4652f4] CLI…S_vs_VD_sig_annotated.csv) | 3 of 3 ✔
[88/61852a] CLI…S_vs_VD_sig_annotated.csv) | 3 of 3 ✔
[d5/98c507] CLI…:DMR_DETAIL_PLOT (SLC17A1) | 1 of 1 ✔
[7a/e746f4] CLI…RTING:PCA_PLOT (methylkit) | 1 of 1 ✔
[10/b19882] CLI…:PATHVIEW_PLOT (methylkit) | 1 of 1 ✔
Plus 3 more processes waiting for tasks…

















































executor >  local (72)
[7e/27e83e] PRE_STAGE:PRE_STAGE_FILES      | 1 of 1 ✔
[ed/b8a12a] REA…SSING:FASTQC (ERR11435659) | 6 of 6 ✔
[05/470760] REA…CKSUM_VERIFY (ERR11435647) | 6 of 6 ✔
[29/4d7627] REA…:TRIM_GALORE (ERR11435659) | 6 of 6 ✔
[ce/a562fe] PAR…8.dna.primary_assembly.fa) | 1 of 1 ✔
[cb/c60b2e] PAR…S_FQ2BAMMETH (ERR11435661) | 6 of 6 ✔
[69/fc0eb8] PAR…MTOOLS_INDEX (ERR11435652) | 6 of 6 ✔
[ca/365d24] PAR…SIS:QUALIMAP (ERR11435652) | 6 of 6 ✔
[b0/5b699f] PAR…8.dna.primary_assembly.fa) | 1 of 1 ✔
[de/58ceb8] PAR…CKEL_EXTRACT (ERR11435652) | 6 of 6 ✔
[d1/75ce9a] DIF…METHYLATION:EDGER_ANALYSIS | 1 of 1 ✔
[a6/072305] DIF…e_sheet_twist_minimal.csv) | 1 of 1 ✔
[18/b146b5] DIF…L_METHYLATION:DSS_ANALYSIS | 1 of 1 ✔
[b1/629abd] RES…ANNOTATE_RESULTS_EDGER (1) | 1 of 1 ✔
[b3/7bd11f] RES…:POST_PROCESSING_EDGER (1) | 1 of 1 ✔
[5c/a4d0f9] RES…ICHMENT_ANALYSIS_EDGER (1) | 1 of 1 ✔
[bd/731cdf] RES…T_PROCESSING_METHYLKIT (1) | 1 of 1 ✔
[00/e2a03c] RES…ENT_ANALYSIS_METHYLKIT (1) | 1 of 1 ✔
[a6/7b952d] RES…S:ANNOTATE_RESULTS_DSS (1) | 1 of 1 ✔
[fe/8ef107] RES…IS:POST_PROCESSING_DSS (1) | 1 of 1 ✔
[e6/85093e] RES…NRICHMENT_ANALYSIS_DSS (1) | 1 of 1 ✔
[df/ca622d] CLI…S_vs_VD_sig_annotated.csv) | 3 of 3 ✔
[c5/ec76b2] CLI…S_vs_VD_sig_annotated.csv) | 3 of 3 ✔
[e9/4652f4] CLI…S_vs_VD_sig_annotated.csv) | 3 of 3 ✔
[88/61852a] CLI…S_vs_VD_sig_annotated.csv) | 3 of 3 ✔
[d5/98c507] CLI…:DMR_DETAIL_PLOT (SLC17A1) | 1 of 1 ✔
[7a/e746f4] CLI…RTING:PCA_PLOT (methylkit) | 1 of 1 ✔
[10/b19882] CLI…:PATHVIEW_PLOT (methylkit) | 1 of 1 ✔
[5c/3aea30] QC_REPORTING:MULTIQC (1)       | 0 of 1
Plus 2 more processes waiting for tasks…
WARN: Environment variable `R_LIBS_USER` evaluates to an empty value
WARN: Environment variable `R_LIBS_SITE` evaluates to an empty value

executor >  local (72)
[7e/27e83e] PRE_STAGE:PRE_STAGE_FILES      | 1 of 1 ✔
[ed/b8a12a] REA…SSING:FASTQC (ERR11435659) | 6 of 6 ✔
[05/470760] REA…CKSUM_VERIFY (ERR11435647) | 6 of 6 ✔
[29/4d7627] REA…:TRIM_GALORE (ERR11435659) | 6 of 6 ✔
[ce/a562fe] PAR…8.dna.primary_assembly.fa) | 1 of 1 ✔
[cb/c60b2e] PAR…S_FQ2BAMMETH (ERR11435661) | 6 of 6 ✔
[69/fc0eb8] PAR…MTOOLS_INDEX (ERR11435652) | 6 of 6 ✔
[ca/365d24] PAR…SIS:QUALIMAP (ERR11435652) | 6 of 6 ✔
[b0/5b699f] PAR…8.dna.primary_assembly.fa) | 1 of 1 ✔
[de/58ceb8] PAR…CKEL_EXTRACT (ERR11435652) | 6 of 6 ✔
[d1/75ce9a] DIF…METHYLATION:EDGER_ANALYSIS | 1 of 1 ✔
[a6/072305] DIF…e_sheet_twist_minimal.csv) | 1 of 1 ✔
[18/b146b5] DIF…L_METHYLATION:DSS_ANALYSIS | 1 of 1 ✔
[b1/629abd] RES…ANNOTATE_RESULTS_EDGER (1) | 1 of 1 ✔
[b3/7bd11f] RES…:POST_PROCESSING_EDGER (1) | 1 of 1 ✔
[5c/a4d0f9] RES…ICHMENT_ANALYSIS_EDGER (1) | 1 of 1 ✔
[bd/731cdf] RES…T_PROCESSING_METHYLKIT (1) | 1 of 1 ✔
[00/e2a03c] RES…ENT_ANALYSIS_METHYLKIT (1) | 1 of 1 ✔
[a6/7b952d] RES…S:ANNOTATE_RESULTS_DSS (1) | 1 of 1 ✔
[fe/8ef107] RES…IS:POST_PROCESSING_DSS (1) | 1 of 1 ✔
[e6/85093e] RES…NRICHMENT_ANALYSIS_DSS (1) | 1 of 1 ✔
[df/ca622d] CLI…S_vs_VD_sig_annotated.csv) | 3 of 3 ✔
[c5/ec76b2] CLI…S_vs_VD_sig_annotated.csv) | 3 of 3 ✔
[e9/4652f4] CLI…S_vs_VD_sig_annotated.csv) | 3 of 3 ✔
[88/61852a] CLI…S_vs_VD_sig_annotated.csv) | 3 of 3 ✔
[d5/98c507] CLI…:DMR_DETAIL_PLOT (SLC17A1) | 1 of 1 ✔
[7a/e746f4] CLI…RTING:PCA_PLOT (methylkit) | 1 of 1 ✔
[10/b19882] CLI…:PATHVIEW_PLOT (methylkit) | 1 of 1 ✔
[5c/3aea30] QC_REPORTING:MULTIQC (1)       | 1 of 1 ✔
Plus 2 more processes waiting for tasks…
WARN: Environment variable `R_LIBS_USER` evaluates to an empty value
WARN: Environment variable `R_LIBS_SITE` evaluates to an empty value

executor >  local (73)
[7e/27e83e] PRE_STAGE:PRE_STAGE_FILES      | 1 of 1 ✔
[ed/b8a12a] REA…SSING:FASTQC (ERR11435659) | 6 of 6 ✔
[05/470760] REA…CKSUM_VERIFY (ERR11435647) | 6 of 6 ✔
[29/4d7627] REA…:TRIM_GALORE (ERR11435659) | 6 of 6 ✔
[ce/a562fe] PAR…8.dna.primary_assembly.fa) | 1 of 1 ✔
[cb/c60b2e] PAR…S_FQ2BAMMETH (ERR11435661) | 6 of 6 ✔
[69/fc0eb8] PAR…MTOOLS_INDEX (ERR11435652) | 6 of 6 ✔
[ca/365d24] PAR…SIS:QUALIMAP (ERR11435652) | 6 of 6 ✔
[b0/5b699f] PAR…8.dna.primary_assembly.fa) | 1 of 1 ✔
[de/58ceb8] PAR…CKEL_EXTRACT (ERR11435652) | 6 of 6 ✔
[d1/75ce9a] DIF…METHYLATION:EDGER_ANALYSIS | 1 of 1 ✔
[a6/072305] DIF…e_sheet_twist_minimal.csv) | 1 of 1 ✔
[18/b146b5] DIF…L_METHYLATION:DSS_ANALYSIS | 1 of 1 ✔
[b1/629abd] RES…ANNOTATE_RESULTS_EDGER (1) | 1 of 1 ✔
[b3/7bd11f] RES…:POST_PROCESSING_EDGER (1) | 1 of 1 ✔
[5c/a4d0f9] RES…ICHMENT_ANALYSIS_EDGER (1) | 1 of 1 ✔
[bd/731cdf] RES…T_PROCESSING_METHYLKIT (1) | 1 of 1 ✔
[00/e2a03c] RES…ENT_ANALYSIS_METHYLKIT (1) | 1 of 1 ✔
[a6/7b952d] RES…S:ANNOTATE_RESULTS_DSS (1) | 1 of 1 ✔
[fe/8ef107] RES…IS:POST_PROCESSING_DSS (1) | 1 of 1 ✔
[e6/85093e] RES…NRICHMENT_ANALYSIS_DSS (1) | 1 of 1 ✔
[df/ca622d] CLI…S_vs_VD_sig_annotated.csv) | 3 of 3 ✔
[c5/ec76b2] CLI…S_vs_VD_sig_annotated.csv) | 3 of 3 ✔
[e9/4652f4] CLI…S_vs_VD_sig_annotated.csv) | 3 of 3 ✔
[88/61852a] CLI…S_vs_VD_sig_annotated.csv) | 3 of 3 ✔
[d5/98c507] CLI…:DMR_DETAIL_PLOT (SLC17A1) | 1 of 1 ✔
[7a/e746f4] CLI…RTING:PCA_PLOT (methylkit) | 1 of 1 ✔
[10/b19882] CLI…:PATHVIEW_PLOT (methylkit) | 1 of 1 ✔
[5c/3aea30] QC_REPORTING:MULTIQC (1)       | 1 of 1 ✔
[fa/29911b] UNIFIED_LAYER (1)              | 0 of 1
Plus 1 more processes waiting for tasks…
WARN: Environment variable `R_LIBS_USER` evaluates to an empty value
WARN: Environment variable `R_LIBS_SITE` evaluates to an empty value
WARN: Environment variable `R_LIBS_USER` evaluates to an empty value
WARN: Environment variable `R_LIBS_SITE` evaluates to an empty value

executor >  local (74)
[7e/27e83e] PRE_STAGE:PRE_STAGE_FILES      | 1 of 1 ✔
[ed/b8a12a] REA…SSING:FASTQC (ERR11435659) | 6 of 6 ✔
[05/470760] REA…CKSUM_VERIFY (ERR11435647) | 6 of 6 ✔
[29/4d7627] REA…:TRIM_GALORE (ERR11435659) | 6 of 6 ✔
[ce/a562fe] PAR…8.dna.primary_assembly.fa) | 1 of 1 ✔
[cb/c60b2e] PAR…S_FQ2BAMMETH (ERR11435661) | 6 of 6 ✔
[69/fc0eb8] PAR…MTOOLS_INDEX (ERR11435652) | 6 of 6 ✔
[ca/365d24] PAR…SIS:QUALIMAP (ERR11435652) | 6 of 6 ✔
[b0/5b699f] PAR…8.dna.primary_assembly.fa) | 1 of 1 ✔
[de/58ceb8] PAR…CKEL_EXTRACT (ERR11435652) | 6 of 6 ✔
[d1/75ce9a] DIF…METHYLATION:EDGER_ANALYSIS | 1 of 1 ✔
[a6/072305] DIF…e_sheet_twist_minimal.csv) | 1 of 1 ✔
[18/b146b5] DIF…L_METHYLATION:DSS_ANALYSIS | 1 of 1 ✔
[b1/629abd] RES…ANNOTATE_RESULTS_EDGER (1) | 1 of 1 ✔
[b3/7bd11f] RES…:POST_PROCESSING_EDGER (1) | 1 of 1 ✔
[5c/a4d0f9] RES…ICHMENT_ANALYSIS_EDGER (1) | 1 of 1 ✔
[bd/731cdf] RES…T_PROCESSING_METHYLKIT (1) | 1 of 1 ✔
[00/e2a03c] RES…ENT_ANALYSIS_METHYLKIT (1) | 1 of 1 ✔
[a6/7b952d] RES…S:ANNOTATE_RESULTS_DSS (1) | 1 of 1 ✔
[fe/8ef107] RES…IS:POST_PROCESSING_DSS (1) | 1 of 1 ✔
[e6/85093e] RES…NRICHMENT_ANALYSIS_DSS (1) | 1 of 1 ✔
[df/ca622d] CLI…S_vs_VD_sig_annotated.csv) | 3 of 3 ✔
[c5/ec76b2] CLI…S_vs_VD_sig_annotated.csv) | 3 of 3 ✔
[e9/4652f4] CLI…S_vs_VD_sig_annotated.csv) | 3 of 3 ✔
[88/61852a] CLI…S_vs_VD_sig_annotated.csv) | 3 of 3 ✔
[d5/98c507] CLI…:DMR_DETAIL_PLOT (SLC17A1) | 1 of 1 ✔
[7a/e746f4] CLI…RTING:PCA_PLOT (methylkit) | 1 of 1 ✔
[10/b19882] CLI…:PATHVIEW_PLOT (methylkit) | 1 of 1 ✔
[5c/3aea30] QC_REPORTING:MULTIQC (1)       | 1 of 1 ✔
[fa/29911b] UNIFIED_LAYER (1)              | 1 of 1 ✔
[1a/7f5d2b] REPORT (1)                     | 0 of 1
WARN: Environment variable `R_LIBS_USER` evaluates to an empty value
WARN: Environment variable `R_LIBS_SITE` evaluates to an empty value
WARN: Environment variable `R_LIBS_USER` evaluates to an empty value
WARN: Environment variable `R_LIBS_SITE` evaluates to an empty value
WARN: Environment variable `R_LIBS_USER` evaluates to an empty value
WARN: Environment variable `R_LIBS_SITE` evaluates to an empty value

executor >  local (74)
[7e/27e83e] PRE_STAGE:PRE_STAGE_FILES      | 1 of 1 ✔
[ed/b8a12a] REA…SSING:FASTQC (ERR11435659) | 6 of 6 ✔
[05/470760] REA…CKSUM_VERIFY (ERR11435647) | 6 of 6 ✔
[29/4d7627] REA…:TRIM_GALORE (ERR11435659) | 6 of 6 ✔
[ce/a562fe] PAR…8.dna.primary_assembly.fa) | 1 of 1 ✔
[cb/c60b2e] PAR…S_FQ2BAMMETH (ERR11435661) | 6 of 6 ✔
[69/fc0eb8] PAR…MTOOLS_INDEX (ERR11435652) | 6 of 6 ✔
[ca/365d24] PAR…SIS:QUALIMAP (ERR11435652) | 6 of 6 ✔
[b0/5b699f] PAR…8.dna.primary_assembly.fa) | 1 of 1 ✔
[de/58ceb8] PAR…CKEL_EXTRACT (ERR11435652) | 6 of 6 ✔
[d1/75ce9a] DIF…METHYLATION:EDGER_ANALYSIS | 1 of 1 ✔
[a6/072305] DIF…e_sheet_twist_minimal.csv) | 1 of 1 ✔
[18/b146b5] DIF…L_METHYLATION:DSS_ANALYSIS | 1 of 1 ✔
[b1/629abd] RES…ANNOTATE_RESULTS_EDGER (1) | 1 of 1 ✔
[b3/7bd11f] RES…:POST_PROCESSING_EDGER (1) | 1 of 1 ✔
[5c/a4d0f9] RES…ICHMENT_ANALYSIS_EDGER (1) | 1 of 1 ✔
[bd/731cdf] RES…T_PROCESSING_METHYLKIT (1) | 1 of 1 ✔
[00/e2a03c] RES…ENT_ANALYSIS_METHYLKIT (1) | 1 of 1 ✔
[a6/7b952d] RES…S:ANNOTATE_RESULTS_DSS (1) | 1 of 1 ✔
[fe/8ef107] RES…IS:POST_PROCESSING_DSS (1) | 1 of 1 ✔
[e6/85093e] RES…NRICHMENT_ANALYSIS_DSS (1) | 1 of 1 ✔
[df/ca622d] CLI…S_vs_VD_sig_annotated.csv) | 3 of 3 ✔
[c5/ec76b2] CLI…S_vs_VD_sig_annotated.csv) | 3 of 3 ✔
[e9/4652f4] CLI…S_vs_VD_sig_annotated.csv) | 3 of 3 ✔
[88/61852a] CLI…S_vs_VD_sig_annotated.csv) | 3 of 3 ✔
[d5/98c507] CLI…:DMR_DETAIL_PLOT (SLC17A1) | 1 of 1 ✔
[7a/e746f4] CLI…RTING:PCA_PLOT (methylkit) | 1 of 1 ✔
[10/b19882] CLI…:PATHVIEW_PLOT (methylkit) | 1 of 1 ✔
[5c/3aea30] QC_REPORTING:MULTIQC (1)       | 1 of 1 ✔
[fa/29911b] UNIFIED_LAYER (1)              | 1 of 1 ✔
[1a/7f5d2b] REPORT (1)                     | 1 of 1 ✔
Pipeline completed at: 2026-05-10T11:31:34.177940684+02:00
Execution status: OK
Execution duration: 4h 11m 58s
WARN: Environment variable `R_LIBS_USER` evaluates to an empty value
WARN: Environment variable `R_LIBS_SITE` evaluates to an empty value
WARN: Environment variable `R_LIBS_USER` evaluates to an empty value
WARN: Environment variable `R_LIBS_SITE` evaluates to an empty value
WARN: Environment variable `R_LIBS_USER` evaluates to an empty value
WARN: Environment variable `R_LIBS_SITE` evaluates to an empty value
Completed at: 10-May-2026 11:31:34
Duration    : 4h 11m 58s
CPU hours   : 129.8
Succeeded   : 74


